Workbook
Name FATESTCD: CODELIST!#REF!
Name OLE_LINK73: CONTENT!$B$3
Name VSTEST: CODELIST!#REF!
Name VSTESTCD: CODELIST!$I$219
Name VSTPT: CODELIST!$I$231
Name VSTPTNUM: CODELIST!$I$239

Sheet CONTENT
A1: SDTM Domain Mapping Specifications
A3: 方案编号 | B3: XXXXX
A4: SDTM 版本 | B4: 3.2
A6: SDTM Domain | B6: SDTM 数据集描述 | C6: SDTM 数据集结构 | D6: 程序名称 | E6: 常规观测分类 | F6: 数据来源 | G6: 关键变量 | H6: 排序变量 | I6: 提取规则 | J6: Documentation | K6: RunOrder
A7: AE | B7: 不良事件 | C7: 每个受试者每例次不良事件一条记录 | D7: ae.sas | E7: 事件 | F7: AE, AE_DE, SDTM.DM, SDTM.SE, SDTM.CM, SDTM.PR | G7: STUDYID, USUBJID, AESPID, AEDECOD, AETERM, AESTDTC, AEENDTC, AETOXGR | H7: STUDYID, USUBJID, AESPID, AEDECOD, AETERM, AESTDTC, AEENDTC, AETOXGR | I7: ALL | K7: 10
A8: CE | B8: 临床事件 | C8: 每个受试者每例次临床事件一条记录 | D8: ce.sas | E8: 事件 | F8: XXXX | G8: STUDYID, USUBJID, CETERM, CESTDTC | H8: STUDYID, USUBJID, CETERM, CESTDTC | I8: XXXX | K8: 11
A9: CM | B9: 既往与合并用药 | C9: 每个受试者每次给药或每个用法一条记录 | D9: cm.sas | E9: 干预 | F9: DH, DH_DE, CM, AD, SDTM.DM, SDTM.SE | G9: STUDYID, USUBJID, CMCAT, CMSCAT, CMSPID, CMTRT, CMSTDTC, CMENDTC | H9: STUDYID, USUBJID, CMCAT, CMSCAT, CMSPID, CMTRT, CMSTDTC, CMENDTC | I9: [RAW.DH]: 当DH.YN='1';[RAW.CM]: 当CM.YN='1';[RAW.AD]: 当AD.YN='1'. | K9: 12
A10: CO | B10: 备注 | C10: 每个受试者每条备注一条记录 | D10: co.sas | E10: 特殊用途 | F10: XXXX | G10: STUDYID, USUBJID, COSEQ | H10: STUDYID, USUBJID, COSEQ | I10: XXXX | K10: 13
A11: DA | B11: 药物收发记录 | C11: 每个受试者每个药物收发情况一条记录 | D11: da.sas | E11: 发现 | F11: XXXX | G11: STUDYID, USUBJID, DATESTCD, DADTC | H11: STUDYID, USUBJID, DATESTCD, DADTC | I11: XXXX | K11: 14
A12: DD | B12: 死亡详情 | C12: 每个受试者每个发现一条记录 | D12: dd.sas | E12: 发现 | F12: XXXX | G12: STUDYID, USUBJID, DDTESTCD, DDDTC | H12: STUDYID, USUBJID, DDTESTCD, DDDTC | I12: XXXX | K12: 15
A13: DM | B13: 人口学 | C13: 每个受试者一条记录 | D13: dm.sas | E13: 特殊用途 | F13: DM, EX, ICF, SV, RAND, PE, LB, TCT, TC_DE, VS1, VS1_DE, VS1_OTH, VS2, ECG, EG, ECOG, EG_DE, EOT, ADAE_DE, IMT, IM_DE, AE, SF, TUCL, VIR, TLB, NTLB, HT, WT, CCR, HCG, OT, DS, DR, SUBJECT, ADA_DE, NL_DE, NTL_DE, OBT, OB_DE, OEA, PKD_DE, PKND_DE, TL_DE, UNSO_DE | G13: STUDYID, USUBJID | H13: STUDYID, USUBJID | I13: ALL | K13: 1
A14: DS | B14: 受试者分布 | C14: 每个受试者每个完成状态或每个方案里程碑事件一条记录 | D14: ds.sas | E14: 事件 | F14: ICF, RAND, EOT, DS, SDTM.DM, SDTM.SE | G14: STUDYID, USUBJID, DSSTDTC, DSDECOD | H14: STUDYID, USUBJID, DSSTDTC, DSDECOD | I14: ALL | K14: 16
A15: DV | B15: 方案偏离 | C15: 每个受试者每例次方案偏离一条记录 | D15: dv.sas | E15: 事件 | F15: XXXX | G15: STUDYID, USUBJID, DVTERM, DVSTDTC | H15: STUDYID, USUBJID, DVTERM, DVSTDTC | I15: XXXX | K15: 17
A16: EC | B16: 暴露采集 | C16: 每个受试者每个方案规定的研究用药每个采集的用法每个情景模式一条记录 | D16: ec.sas | E16: 干预 | F16: EX, SDTM.DM | G16: STUDYID, USUBJID, ECTRT, ECSTDTC, ECENDTC | H16: STUDYID, USUBJID, ECTRT, ECSTDTC, ECENDTC | I16: ALL | K16: 18
A17: EG | B17: 心电图 | C17: 每个受试者每个访视每个时间点每次心电图每个发现一条记录 | D17: eg.sas | E17: 发现 | F17: EG, EG_DE, SDTM.DM, SDTM.SE | G17: STUDYID, USUBJID, EGTESTCD, VISITNUM, EGDTC, EGSPID | H17: STUDYID, USUBJID, EGTESTCD, VISITNUM, EGDTC, EGSPID | I17: ALL | K17: 19
A18: EX | B18: 暴露 | C18: 每个受试者每个研究药物每个用法一条记录 | D18: ex.sas | E18: 干预 | F18: EX, SDTM.DM | G18: STUDYID, USUBJID, EXTRT, EXSTDTC, EXENDTC | H18: STUDYID, USUBJID, EXTRT, EXSTDTC, EXENDTC | I18: EX.EXYN="1" | K18: 20
... A51: VS | B51: 生命体征 | C51: 每个受试者每个访视每个时间点每个生命体征测量一条记录 | D51: vs.sas | E51: 发现 | F51: VS1, VS1_DE, VS1_OTH, VS2, HT, WT, SDTM.DM, SDTM.SE | G51: STUDYID, USUBJID, VSTESTCD, VISITNUM, VSTPTNUM, VSDTC, VSSPID, VSSTRESN | H51: STUDYID, USUBJID, VSTESTCD, VISITNUM, VSTPTNUM, VSDTC, VSSPID, VSSTRESN | I51: 如果VS1.VS1YN="1"或者VS1.VS1OYN="1" | K51: 45
A52: SUPP-- | B52: 补充修饰语数据集 | C52: 每个受试者一个域一个修饰变量一条记录 | E52: 特殊用途 | G52: STUDYID, RDOMAIN, USUBJID, IDVAR, IDVARVAL, QNAM | H52: STUDYID, RDOMAIN, USUBJID, QNAM
A54: CODELIST
A56: 重要提示:
A57: (1) 请根据项目的具体情况选择合适的SDTM域，并按照需要添加相应的补充数据集(SUPP--)。蓝色斜体字体可根据项目的具体信息进行修改。
A58: (2) SDTM域必须以字母顺序列出(相应的补充数据集应该在SDTM域之后立即进行)。
A59: (3) 一个SDTM域一个表格,即使是多个数据源。
A60: (4) SDTM域必须以.xpt格式生成。
A61: (5) 每个SDTM域中，请按照项目的具体需求选择合适的变量。其中，核心类别为"必需"的变量必须保留。（注：SDTMIG3.3及以后版本对于各个域均增加了EPOCH变量，可按需添加）
A62: (6) 所有__CAT, __SCAT 和 DSDECOD变量的值都要大写。
A63: (7) 如果筛选失败受试者收集了DM信息则也要保留其数据。

Sheet Revision History
A1: Version | B1: Date | C1: Domain(s) | D1: Variable(s) | E1: Modification Details
A2: 1.0 | B2: 44897 | C2: NA | D2: NA | E2: Initial Version
A3: 1.1 | B3: 44924 | C3: T domains | D3: NA | E3: Add T domain metadata

Sheet CODELIST
A1: Control Terminology | I1: CRF
A2: Domain | B2: ID | C2: Name | D2: NCI_Codelist_Code | E2: Datatype | F2: Term | G2: NCI_Term_Code | H2: Decode | I2: CRF Term
A3: ALL | B3: ND | C3: 未查 | D3: C66789 | E3: Char | F3: 未查 | G3: C49484
A4: ALL | B4: NY | C4: 是非应答 | D4: C66742 | E4: Char | F4: N | G4: C49487 | H4: 否 | I4: 否
A5: ALL | B5: NY | C5: 是非应答 | D5: C66742 | E5: Char | F5: NA | G5: C48660 | H5: 不适用 | I5: NA
A6: ALL | B6: NY | C6: 是非应答 | D6: C66742 | E6: Char | F6: U | G6: C17998 | H6: U; UNK; 不详 | I6: 未知
A7: ALL | B7: NY | C7: 是非应答 | D7: C66742 | E7: Char | F7: Y | G7: C49488 | H7: 是 | I7: 是
A8: DM | B8: AGEU | C8: 年龄单位 | D8: C66781 | E8: Char | F8: 岁 | G8: C29848 | H8: 年
A9: DM | B9: SEX | C9: 性别 | D9: C66731 | E9: Char | F9: F | G9: C16576 | H9: 女性
A10: DM | B10: SEX | C10: 性别 | D10: C66731 | E10: Char | F10: M | G10: C20197 | H10: 男性
A11: DM | B11: RACE | C11: 种族 | D11: C74457 | E11: Char | F11: 美国印第安人或阿拉斯加原住民 | G11: C41259
A12: DM | B12: RACE | C12: 种族 | D12: C74457 | E12: Char | F12: 亚洲人 | G12: C41260 | I12: 亚裔
A13: DM | B13: RACE | C13: 种族 | D13: C74457 | E13: Char | F13: 黑种人或非裔美国人 | G13: C16352
A14: DM | B14: RACE | C14: 种族 | D14: C74457 | E14: Char | F14: 夏威夷原住民或其他太平洋岛民 | G14: C41219
A15: DM | B15: RACE | C15: 种族 | D15: C74457 | E15: Char | F15: 白种人 | G15: C41261
A16: DM | B16: ETHNIC | C16: 族群 | D16: C66790 | E16: Char | F16: 西班牙裔或拉丁裔 | G16: C17459
A17: DM | B17: ETHNIC | C17: 族群 | D17: C66790 | E17: Char | F17: 非西班牙裔或拉丁裔 | G17: C41222
A18: DM | B18: ETHNIC | C18: 族群 | D18: C66790 | E18: Char | F18: 未报告 | G18: C43234
A19: DM | B19: ETHNIC | C19: 族群 | D19: C66790 | E19: Char | F19: 不详 | G19: C17998
A20: DM | B20: ETHNIC | C20: 族群 | D20: C66790 | E20: Char | I20: 汉族
A21: DM | B21: ETHNIC | C21: 族群 | D21: C66790 | E21: Char | I21: 其他
A22: AE | B22: ACN | C22: 对研究治疗采取的措施 | D22: C66767 | E22: Char | F22: 剂量增加 | G22: C49503
A23: AE | B23: ACN | C23: 对研究治疗采取的措施 | D23: C66767 | E23: Char | F23: 无变化 | G23: C49504 | I23: 不变
A24: AE | B24: ACN | C24: 对研究治疗采取的措施 | D24: C66767 | E24: Char | F24: 给药速率降低 | G24: C150826
A25: AE | B25: ACN | C25: 对研究治疗采取的措施 | D25: C66767 | E25: Char | F25: 剂量减少 | G25: C49505 | I25: 剂量减少
A26: AE | B26: ACN | C26: 对研究治疗采取的措施 | D26: C66767 | E26: Char | F26: 暂停给药 | G26: C49501 | I26: 暂停用药
A27: AE | B27: ACN | C27: 对研究治疗采取的措施 | D27: C66767 | E27: Char | F27: 停药 | G27: C49502 | I27: 永久停药
A28: AE | B28: ACN | C28: 对研究治疗采取的措施 | D28: C66767 | E28: Char | F28: 不适用 | G28: C48660 | I28: 不适用
A29: AE | B29: ACN | C29: 对研究治疗采取的措施 | D29: C66767 | E29: Char | F29: 未知 | G29: C17998 | I29: 不详
A30: AE | B30: AESEV | C30: 不良事件严重程度 | D30: C66769 | E30: Char | F30: 轻度 | G30: C41338 | H30: 1; 1级
A31: AE | B31: AESEV | C31: 不良事件严重程度 | D31: C66769 | E31: Char | F31: 中度 | G31: C41339 | H31: 2; 2级
A32: AE | B32: AESEV | C32: 不良事件严重程度 | D32: C66769 | E32: Char | F32: 重度 | G32: C41340 | H32: 3; 3级
A33: AE | B33: OUT | C33: 事件转归 | D33: C66768 | E33: Char | F33: 死亡 | G33: C48275 | H33: 5; 死亡; 5级 | I33: 死亡
A34: AE | B34: OUT | C34: 事件转归 | D34: C66768 | E34: Char | F34: 未好转 | G34: C49494 | I34: 未好转
A35: AE | B35: OUT | C35: 事件转归 | D35: C66768 | E35: Char | F35: 痊愈 | G35: C49498 | I35: 痊愈/恢复
A36: AE | B36: OUT | C36: 事件转归 | D36: C66768 | E36: Char | F36: 痊愈有后遗症 | G36: C49495 | I36: 痊愈/恢复伴有后遗症
A37: AE | B37: OUT | C37: 事件转归 | D37: C66768 | E37: Char | F37: 好转 | G37: C49496 | I37: 好转
A38: AE | B38: OUT | C38: 事件转归 | D38: C66768 | E38: Char | F38: 不详 | G38: C17998 | H38: U; UNK; 不详 | I38: 不详
A39: ALL | B39: STENRF | C39: 与参考时间的关系 | D39: C66728 | E39: Char | F39: 之后 | G39: C38008
A40: ALL | B40: STENRF | C40: 与参考时间的关系 | D40: C66728 | E40: Char | F40: 之前 | G40: C25629
A41: ALL | B41: STENRF | C41: 与参考时间的关系 | D41: C66728 | E41: Char | F41: 同时 | G41: C25456
A42: ALL | B42: STENRF | C42: 与参考时间的关系 | D42: C66728 | E42: Char | F42: 期间 | G42: C25490
A43: ALL | B43: STENRF | C43: 与参考时间的关系 | D43: C66728 | E43: Char | F43: 期间/之后 | G43: C49640
A44: ALL | B44: STENRF | C44: 与参考时间的关系 | D44: C66728 | E44: Char | F44: 仍持续 | G44: C53279 | H44: 持续
A45: ALL | B45: STENRF | C45: 与参考时间的关系 | D45: C66728 | E45: Char | F45: 不详 | G45: C17998 | H45: U; UNK; 不详
A46: ALL | B46: FRM | C46: 药物剂型 | D46: C66726 | E46: Char | F46: 气雾剂 | G46: C42887 | I46: 气雾剂
A47: ALL | B47: FRM | C47: 药物剂型 | D47: C66726 | E47: Char | F47: 胶囊 | G47: C25158 | I47: 胶囊剂
A48: ALL | B48: FRM | C48: 药物剂型 | D48: C66726 | E48: Char | F48: 乳膏 | G48: C28944 | I48: 乳剂
A49: ALL | B49: FRM | C49: 药物剂型 | D49: C66726 | E49: Char | F49: 凝胶 | G49: C42934
A50: ALL | B50: FRM | C50: 药物剂型 | D50: C66726 | E50: Char | F50: 丸剂 | G50: C42937 | I50: 丸剂
A51: ALL | B51: FRM | C51: 药物剂型 | D51: C66726 | E51: Char | F51: 颗粒剂 | G51: C42938
A52: ALL | B52: FRM | C52: 药物剂型 | D52: C66726 | E52: Char | F52: 注射剂 | G52: C42946 | I52: 注射剂/注射用
A53: ALL | B53: FRM | C53: 药物剂型 | D53: C66726 | E53: Char | F53: 软膏 | G53: C42966 | I53: 软膏剂
A54: ALL | B54: FRM | C54: 药物剂型 | D54: C66726 | E54: Char | F54: 贴剂 | G54: C42968
A55: ALL | B55: FRM | C55: 药物剂型 | D55: C66726 | E55: Char | F55: 粉剂 | G55: C42972
A56: ALL | B56: FRM | C56: 药物剂型 | D56: C66726 | E56: Char | F56: 喷雾剂 | G56: C42989
A57: ALL | B57: FRM | C57: 药物剂型 | D57: C66726 | E57: Char | F57: 栓剂 | G57: C42993 | I57: 栓剂
A58: ALL | B58: FRM | C58: 药物剂型 | D58: C66726 | E58: Char | F58: 混悬剂 | G58: C42994
A59: ALL | B59: FRM | C59: 药物剂型 | D59: C66726 | E59: Char | F59: 片剂 | G59: C42998 | I59: 片剂
A60: ALL | B60: FRM | C60: 药物剂型 | D60: C66726 | E60: Char | I60: 冲剂
A61: ALL | B61: FRM | C61: 药物剂型 | D61: C66726 | E61: Char | I61: 膜剂
A62: ALL | B62: FRM | C62: 药物剂型 | D62: C66726 | E62: Char | I62: 滴剂
A63: ALL | B63: FRM | C63: 药物剂型 | D63: C66726 | E63: Char | I63: 其他
A64: ALL | B64: FREQ | C64: 频率 | D64: C71113 | E64: Char | F64: 每周2次 | G64: C64497 | H64: BIS; 每周2次
A65: ALL | B65: FREQ | C65: 频率 | D65: C71113 | E65: Char | F65: 每年2次 | G65: C98861
A66: ALL | B66: FREQ | C66: 频率 | D66: C71113 | E66: Char | F66: 每月3次 | G66: C98859
A67: ALL | B67: FREQ | C67: 频率 | D67: C71113 | E67: Char | F67: 每周3次 | G67: C64528 | H67: TIS; 每周3次
A68: ALL | B68: FREQ | C68: 频率 | D68: C71113 | E68: Char | F68: 每年3次 | G68: C98860
A69: ALL | B69: FREQ | C69: 频率 | D69: C71113 | E69: Char | F69: 每月4次 | G69: C98852
A70: ALL | B70: FREQ | C70: 频率 | D70: C71113 | E70: Char | F70: 每周4次 | G70: C64531 | H70: 每周4次; QIS
A71: ALL | B71: FREQ | C71: 频率 | D71: C71113 | E71: Char | F71: 每年4次 | G71: C98853
A72: ALL | B72: FREQ | C72: 频率 | D72: C71113 | E72: Char | F72: 任意 | G72: C64636
A73: ALL | B73: FREQ | C73: 频率 | D73: C71113 | E73: Char | F73: BID | G73: C64496 | H73: BID; 每日2次 | I73: 一日两次
A74: ALL | B74: FREQ | C74: 频率 | D74: C71113 | E74: Char | F74: BIM | G74: C71129
A75: ALL | B75: FREQ | C75: 频率 | D75: C71113 | E75: Char | F75: 持续 | G75: C53279
A76: ALL | B76: FREQ | C76: 频率 | D76: C71113 | E76: Char | F76: 每2周 | G76: C71127 | H76: 每2周; Q2S | I76: 两周一次
A77: ALL | B77: FREQ | C77: 频率 | D77: C71113 | E77: Char | F77: 每3周 | G77: C64535 | H77: 每3周; Q3S
A78: ALL | B78: FREQ | C78: 频率 | D78: C71113 | E78: Char | F78: 每4周 | G78: C64529 | H78: 每4周; Q4S
A79: ALL | B79: FREQ | C79: 频率 | D79: C71113 | E79: Char | F79: 每5周 | G79: C103390 | H79: 每5周; Q5S
A80: ALL | B80: FREQ | C80: 频率 | D80: C71113 | E80: Char | F80: 每6周 | G80: C89788 | H80: 每6周; Q6S
A81: ALL | B81: FREQ | C81: 频率 | D81: C71113 | E81: Char | F81: 每7周 | G81: C116149
A82: ALL | B82: FREQ | C82: 频率 | D82: C71113 | E82: Char | F82: 每8周 | G82: C103389 | H82: 每8周; Q8S
A83: ALL | B83: FREQ | C83: 频率 | D83: C71113 | E83: Char | F83: 每周 | G83: C67069 | H83: 每周; QS | I83: 一周一次
A84: ALL | B84: FREQ | C84: 频率 | D84: C71113 | E84: Char | F84: 间歇的 | G84: C71325
A85: ALL | B85: FREQ | C85: 频率 | D85: C71113 | E85: Char | F85: 偶尔 | G85: C64954
A86: ALL | B86: FREQ | C86: 频率 | D86: C71113 | E86: Char | F86: 1次 | G86: C64576
A87: ALL | B87: FREQ | C87: 频率 | D87: C71113 | E87: Char | F87: PA | G87: C74924 | H87: 每年
A88: ALL | B88: FREQ | C88: 频率 | D88: C71113 | E88: Char | F88: PRN | G88: C64499 | H88: 按需 | I88: 按需
A89: ALL | B89: FREQ | C89: 频率 | D89: C71113 | E89: Char | F89: Q2H | G89: C64516 | H89: 每2小时
A90: ALL | B90: FREQ | C90: 频率 | D90: C71113 | E90: Char | F90: Q2M | G90: C64536 | H90: 每2月
A91: ALL | B91: FREQ | C91: 频率 | D91: C71113 | E91: Char | F91: Q36H | G91: C89791 | H91: 每36小时
A92: ALL | B92: FREQ | C92: 频率 | D92: C71113 | E92: Char | F92: Q3D | G92: C64533 | H92: 每3日
A93: ALL | B93: FREQ | C93: 频率 | D93: C71113 | E93: Char | F93: Q3H | G93: C64517 | H93: 每3小时
A94: ALL | B94: FREQ | C94: 频率 | D94: C71113 | E94: Char | F94: Q3M | G94: C64537 | H94: 每3月
A95: ALL | B95: FREQ | C95: 频率 | D95: C71113 | E95: Char | F95: Q45MIN | G95: C139183 | H95: 每45分钟
A96: ALL | B96: FREQ | C96: 频率 | D96: C71113 | E96: Char | F96: Q48H | G96: C89790 | H96: 每48小时
A97: ALL | B97: FREQ | C97: 频率 | D97: C71113 | E97: Char | F97: Q4D | G97: C64534 | H97: 每4日
A98: ALL | B98: FREQ | C98: 频率 | D98: C71113 | E98: Char | F98: Q4H | G98: C64518 | H98: 每4小时
A99: ALL | B99: FREQ | C99: 频率 | D99: C71113 | E99: Char | F99: Q4M | G99: C64538 | H99: 每4月
A100: ALL | B100: FREQ | C100: 频率 | D100: C71113 | E100: Char | F100: Q5D | G100: C71124 | H100: 每5日
...

Sheet AE
A1: AE Domain Mapping Specifications
A2: 方案编号: | D2: =CONTENT!$B$3 -> XXXXX
A3: SDTM 版本: | D3: =CONTENT!$B$4 -> 3.2
A4: SDTM 数据集描述: | D4: =CONTENT!$B$7 -> 不良事件
A5: SDTM 数据集结构: | D5: =CONTENT!$C$7 -> 每个受试者每例次不良事件一条记录
A6: 程序名称: | D6: =CONTENT!$D$7 -> ae.sas
A7: 常规观测分类: | D7: =CONTENT!$E$7 -> 事件
A8: 数据来源: | D8: =CONTENT!$F$7 -> AE, AE_DE, SDTM.DM, SDTM.SE, SDTM.CM, SDTM.PR
A9: 关键变量: | D9: =CONTENT!$G$7 -> STUDYID, USUBJID, AESPID, AEDECOD, AETERM, AESTDTC, AEENDTC, AETOXGR
A10: 排序变量: | D10: =CONTENT!$G$7 -> STUDYID, USUBJID, AESPID, AEDECOD, AETERM, AESTDTC, AEENDTC, AETOXGR
A11: 提取规则: | D11: =CONTENT!$I$7 -> ALL
A13: 变量名称 | B13: 变量标签 | C13: 类型 | D13: 长度 | E13: 受控术语或格式 | F13: 来源 | G13: 核心类别 | H13: 转换定义 | I13: 变量类型 | J13: 变量顺序 | K13: 定义注释
A14: STUDYID | B14: 研究标识符 | C14: Char | D14: 20 | F14: 指定 | G14: 必需 | H14: QL1706-101 | I14: SDTM | J14: =ROW()-13 -> 1 | K14: 研究的唯一标识符。
A15: DOMAIN | B15: 域名缩写 | C15: Char | D15: 2 | E15: AE | F15: 指定 | G15: 必需 | H15: AE | I15: SDTM | J15: =ROW()-13 -> 2 | K15: 两字符域名缩写。
A16: USUBJID | B16: 受试者唯一标识符 | C16: Char | D16: 30 | F16: 衍生 | G16: 必需 | H16: 通过 "-" 连接 STUDYID, SITEID, SUBJID (例:QL1706-101-01-01001). | I16: SDTM | J16: =ROW()-13 -> 3 | K16: 同一产品的所有申请或递交的研究中受试者的唯一标识符。
A17: AESEQ | B17: 序号 | C17: Num | F17: 衍生 | G17: 必需 | H17: 按照变量 STUDYID, USUBJID, AESPID, AEDECOD, AETERM, AESTDTC, AEENDTC排序. 在每个USUBJID开始的时候用1开始重新编号 (循环地排序). | I17: SDTM | J17: =ROW()-13 -> 4 | K17: 给出序列号以确保域内主题序号的唯一性。可以是任何有效数字。
A18: AEGRPID | B18: 组合ID | C18: Char | D18: 25 | G18: 可有 | I18: SDTM | J18: =ROW()-13 -> 5 | K18: 用来关联域内同一个受试者的一组相关记录。
A19: AEREFID | B19: 参考ID | C19: Char | D19: 25 | G19: 可有 | I19: SDTM | J19: =ROW()-13 -> 6 | K19: 内部或外部编号,如 SAE 报告表上的序列号。
A20: AESPID | B20: 自定义标识符 | C20: Char | D20: 25 | F20: CRF Page 63 | G20: 可有 | H20: z2.格式的AE.SN | I20: SDTM | J20: =ROW()-13 -> 7 | K20: 申办者定义的标识符,可以是作为显示行标志预印刷在CRF上,或在申办者操作数据库中定义。例如:不良事件页上的行号。
A21: AETERM | B21: 不良事件报告名称 | C21: Char | D21: 200 | F21: CRF Page 63 | G21: 必需 | H21: AE.AETERM | I21: SDTM | J21: =ROW()-13 -> 8 | K21: 事件的本名。
A22: AEMODIFY | B22: 修正词 | C22: Char | D22: 200 | G22: 可有 | I22: SDTM | J22: =ROW()-13 -> 9 | K22: 如果修正了AETERM以便编码,那么AEMODIFY将包含修正后的文本。
A23: AELLT | B23: 低位语 | C23: Char | D23: 200 | E23: MedDRA | F23: 指定 | G23: 期望 | H23: 连接外部coding文件的"MedDRA编码明细"表单, 取"低位语" 通过研究中心编号, 受试者代码, 序号, 逐词术语匹配SITEID, SUBJID, SN, AETERM | I23: SDTM | J23: =ROW()-13 -> 10 | K23: 低位语的字典衍生文本描述。
A24: AELLTCD | B24: 低位语编码 | C24: Num | E24: MedDRA | F24: 指定 | G24: 期望 | H24: 连接外部coding文件的"MedDRA编码明细"表单, 取"低位语代码" 通过研究中心编号, 受试者代码, 序号, 逐词术语匹配SITEID, SUBJID, SN, AETERM | I24: SDTM | J24: =ROW()-13 -> 11 | K24: 低位语的字典衍生代码。
A25: AEDECOD | B25: 标准化名称 | C25: Char | D25: 200 | E25: MedDRA | F25: 指定 | G25: 必需 | H25: 连接外部coding文件的"MedDRA编码明细"表单, 取"首选语" 通过研究中心编号, 受试者代码, 序号, 逐词术语匹配SITEID, SUBJID, SN, AETERM | I25: SDTM | J25: =ROW()-13 -> 12 | K25: 字典衍生的AETERM或AEMODIFY的文字描述,等同于首选语(MedDRA中的PT)。申办者应该在提供用于Define.xml 外部编码列表属性映射术语的字典的名字和版本。
A26: AEPTCD | B26: 首选语编码 | C26: Num | E26: MedDRA | F26: 指定 | G26: 期望 | H26: 连接外部coding文件的"MedDRA编码明细"表单, 取"首选语代码" 通过研究中心编号, 受试者代码, 序号, 逐词术语匹配SITEID, SUBJID, SN, AETERM | I26: SDTM | J26: =ROW()-13 -> 13 | K26: 基于字典编码的首选术语。
A27: AEHLT | B27: 高位语 | C27: Char | D27: 200 | E27: MedDRA | F27: 指定 | G27: 期望 | H27: 连接外部coding文件的"MedDRA编码明细"表单, 取"高位语" 通过研究中心编号, 受试者代码, 序号, 逐词术语匹配SITEID, SUBJID, SN, AETERM | I27: SDTM | J27: =ROW()-13 -> 14 | K27: 主系统器官分类的高位语的字典衍生文本描述。
A28: AEHLTCD | B28: 高位语编码 | C28: Num | E28: MedDRA | F28: 指定 | G28: 期望 | H28: 连接外部coding文件的"MedDRA编码明细"表单, 取"高位语代码" 通过研究中心编号, 受试者代码, 序号, 逐词术语匹配SITEID, SUBJID, SN, AETERM | I28: SDTM | J28: =ROW()-13 -> 15 | K28: 主系统器官分类的高位语的字典衍生代码。
A29: AEHLGT | B29: 高位组语 | C29: Char | D29: 200 | E29: MedDRA | F29: 指定 | G29: 期望 | H29: 连接外部coding文件的"MedDRA编码明细"表单, 取"高位组语" 通过研究中心编号, 受试者代码, 序号, 逐词术语匹配SITEID, SUBJID, SN, AETERM | I29: SDTM | J29: =ROW()-13 -> 16 | K29: 主系统器官分类的高位组语的字典衍生文本描述。
A30: AEHLGTCD | B30: 高位组语编码 | C30: Num | E30: MedDRA | F30: 指定 | G30: 期望 | H30: 连接外部coding文件的"MedDRA编码明细"表单, 取"高位组语代码" 通过研究中心编号, 受试者代码, 序号, 逐词术语匹配SITEID, SUBJID, SN, AETERM | I30: SDTM | J30: =ROW()-13 -> 17 | K30: 主系统器官分类的高位组语的字典衍生代码。
A31: AECAT | B31: 类别 | C31: Char | D31: 100 | E31: * | G31: 可有 | I31: SDTM | J31: =ROW()-13 -> 18 | K31: 用来定义相关记录的类别。 例如:出血、神经精神疾病。
A32: AESCAT | B32: 子类 | C32: Char | D32: 100 | E32: * | G32: 可有 | I32: SDTM | J32: =ROW()-13 -> 19 | K32: 不良事件进一步分类。 例如:神经系统
A33: AEPRESP | B33: 预设 | C33: Char | D33: 10 | E33: (NY) | G33: 可有 | I33: SDTM | J33: =ROW()-13 -> 20 | K33: "Y"(是)值说明该不良事件为在 CRF 上预设。 自发报告的事件其值为空(即那些采集为自由文本的事件名称)
A34: AEBODSYS | B34: 系统器官分类 | C34: Char | D34: 200 | E34: * | F34: 指定 | G34: 期望 | H34: 连接外部coding文件的"MedDRA编码明细"表单, 取"系统器官分类" 通过研究中心编号, 受试者代码, 序号, 逐词术语匹配SITEID, SUBJID, SN, AETERM | I34: SDTM | J34: =ROW()-13 -> 21 | K34: 词典衍生。申办者使用系统或器官分类,源自编码编码词典(MedDRA)。当使用的词典为多轴时,如MedDRA,本变量应包含用于申办者分析与总结表格的SOC,不必是主 SOC。
A35: AEBDSYCD | B35: 系统器官分类编码 | C35: Num | E35: MedDRA | F35: 指定 | G35: 期望 | H35: 连接外部coding文件的"MedDRA编码明细"表单, 取"系统器官分类代码" 通过研究中心编号, 受试者代码, 序号, 逐词术语匹配SITEID, SUBJID, SN, AETERM | I35: SDTM | J35: =ROW()-13 -> 22 | K35: 来源于词典。申办者用于身体系统或器官分类的编码,当使用多级编码词典如MedDRA 时,本变量应包含申办者用于分析与汇总的SOC,不必是主SOC。
A36: AESOC | B36: 主系统器官分类 | C36: Char | D36: 200 | E36: MedDRA | F36: 指定 | G36: 期望 | H36: 连接外部coding文件的"MedDRA编码明细"表单, 取"系统器官分类" 通过研究中心编号, 受试者代码, 序号, 逐词术语匹配SITEID, SUBJID, SN, AETERM | I36: SDTM | J36: =ROW()-13 -> 23 | K36: 从字典中获得主要系统器官分类的编码。 假如主要系统器官分类被用于分析,将会与AEBODSYS相同。
A37: AESOCCD | B37: 主系统器官分类编码 | C37: Num | E37: MedDRA | F37: 指定 | G37: 期望 | H37: 连接外部coding文件的"MedDRA编码明细"表单, 取"系统器官分类代码" 通过研究中心编号, 受试者代码, 序号, 逐词术语匹配SITEID, SUBJID, SN, AETERM | I37: SDTM | J37: =ROW()-13 -> 24 | K37: 从字典中获得主要系统器官分类的编码。 假如主要系统器官分类被用于分析,将会与AEBDSYCD相同。
A38: AELOC | B38: 部位 | C38: Char | D38: 40 | E38: (LOC) | G38: 可有 | I38: SDTM | J38: =ROW()-13 -> 25 | K38: 描述了与事件相关的解剖学位置。 (例如: "左臂"皮疹)
A39: AESEV | B39: 严重程度 | C39: Char | D39: 10 | E39: (AESEV) | G39: 可有 | I39: SDTM | J39: =ROW()-13 -> 26 | K39: 事件的严重程度或强度。 例如:轻度、中度、重度。
A40: AESER | B40: 严重事件 | C40: Char | D40: 10 | E40: (NY) | F40: CRF Page 63 | G40: 期望 | H40: 当AE.SAEYN='1'时, AESER='是'; 当AE.SAEYN='2'时, AESER='否'. | I40: SDTM | J40: =ROW()-13 -> 27 | K40: 这是一个严重事件吗?
A41: AEACN | B41: 对研究治疗采取的措施 | C41: Char | D41: 25 | E41: (ACN) | F41: CRF Page 63 | G41: 期望 | H41: 当AE.AEACN='1'时, AEACN='不变'; 当AE.AEACN='2'时, AEACN='暂停用药'; 当AE.AEACN='3'时, AEACN='剂量减少'; 当AE.AEACN='4'时, AEACN='永久停药'; 当AE.AEACN='5'时, AEACN='不适用'; 当AE.AEACN='6'时, AEACN='不详'. | I41: SDTM | J41: =ROW()-13 -> 28 | K41: 描述了因事件而对研究治疗的改变。AEACN特别用于与研究治疗相关的。AEACNOTH用于与研究治疗剂量调整无关的措施。 ICH E2B 示例包含的值:停止用药、剂量减少、剂量增加、剂量不变、未知或不适用。
A42: AEACNOTH | B42: 采取的其他措施 | C42: Char | D42: 200 | G42: 可有 | I42: SDTM | J42: =ROW()-13 -> 29 | K42: 描述了因事件而采取的与研究治疗剂量调整无关的其它措施,通常以自由文本的形式报告。 例如: "治疗破盲、告知主治医师"。
A43: AEREL | B43: 相关性 | C43: Char | D43: 20 | E43: * | F43: CRF Page 63 | G43: 期望 | H43: 当AE.AEREL=’1‘时, AEREL=’有关'; 当AE.AEREL=’2‘时, AEREL=’无关'. | I43: SDTM | J43: =ROW()-13 -> 30 | K43: 记录研究者关于治疗与事件相关性的观点。 ICH E2A 和E2B 的示例包括:无关、不可能相关、可能相关、相关。将来可能定义受控术语。 咨询药监部门关于这个变量的赋值。
A44: AERELNST | B44: 与非研究治疗的相关性 | C44: Char | D44: 200 | G44: 可有 | I44: SDTM | J44: =ROW()-13 -> 31 | K44: 记录研究员关于事件是否由研究药物之外的治疗引起的观点,以自由文本报告。 例如: "更可能与阿司匹林使用有关" 。
A45: AEPATT | B45: 发生特点 | C45: Char | D45: 100 | E45: * | G45: 可有 | I45: SDTM | J45: =ROW()-13 -> 32 | K45: 用来标明事件随时间发生的特点。 例如:间歇性、连续、单次事件。
A46: AEOUT | B46: 转归 | C46: Char | D46: 100 | E46: (OUT) | F46: CRF Page 63 | G46: 可有 | H46: 当AE.AEOUT='1'时, AEOUT='痊愈/恢复'; 当AE.AEOUT='2'时, AEOUT='好转'; 当AE.AEOUT='3'时, AEOUT='痊愈/恢复伴有后遗症'; 当AE.AEOUT='4'时, AEOUT='未好转'; 当AE.AEOUT='5'时, AEOUT='死亡'; 当AE.AEOUT='6'时, AEOUT='不详'. | I46: SDTM | J46: =ROW()-13 -> 33 | K46: 描述事件的结局。
A47: AESCAN | B47: 涉及癌症 | C47: Char | D47: 10 | E47: (NY) | G47: 可有 | I47: SDTM | J47: =ROW()-13 -> 34 | K47: 严重事件是否涉及癌症的发展?
A48: AESCONG | B48: 后代先天异常或致畸 | C48: Char | D48: 10 | E48: (NY) | F48: CRF Page 63 | G48: 可有 | H48: 当AE.SAECA_5=1 时, AESCONG='是', 否则为'否'. | I48: SDTM | J48: =ROW()-13 -> 35 | K48: 严重事件是否涉及先天性异常或出生缺陷?
A49: AESDISAB | B49: 导致永久或显著的残疾或功能障碍 | C49: Char | D49: 10 | E49: (NY) | F49: CRF Page 63 | G49: 可有 | H49: 当AE.SAECA_4=1 时, AESDISAB='是', 否则为'否'. | I49: SDTM | J49: =ROW()-13 -> 36 | K49: 严重事件是否引起了永久或严重的残疾/伤残?
A50: AESDTH | B50: 导致死亡 | C50: Char | D50: 10 | E50: (NY) | F50: CRF Page 63 | G50: 可有 | H50: 当AE.SAECA_1=1 时, AESDTH='是', 否则为'否'. | I50: SDTM | J50: =ROW()-13 -> 37 | K50: 严重事件是否引起了死亡?
A51: AESHOSP | B51: 导致住院或住院时间延长 | C51: Char | D51: 10 | E51: (NY) | F51: CRF Page 63 | G51: 可有 | H51: 当AE.SAECA_3=1 时, AESHOSP='是', 否则为'否'. | I51: SDTM | J51: =ROW()-13 -> 38 | K51: 严重事件是否需要或延长入院时间?
A52: AESLIFE | B52: 危及生命 | C52: Char | D52: 10 | E52: (NY) | F52: CRF Page 63 | G52: 可有 | H52: 当AE.SAECA_2=1 时, AESLIFE='是', 否则为'否'. | I52: SDTM | J52: =ROW()-13 -> 39 | K52: 严重事件危及生命吗?
A53: AESOD | B53: 药物过量引发 | C53: Char | D53: 10 | E53: (NY) | G53: 可有 | J53: =ROW()-13 -> 40 | K53: 严重事件的发生为药物过量引起?
A54: AESMIE | B54: 其它重要的医学事件 | C54: Char | D54: 10 | E54: (NY) | F54: CRF Page 63 | G54: 可有 | H54: 当AE.SAECA_99=1 时, AESMIE='是', 否则为'否'. | I54: SDTM | J54: =ROW()-13 -> 41 | K54: 是否适用于严重性的其他类别?
A55: AECONTRT | B55: 是否给予合并或额外的治疗 | C55: Char | D55: 10 | E55: (NY) | F55: CRF Page 63 | G55: 可有 | H55: 取AE.AETRT第一个字 | I55: SDTM | J55: =ROW()-13 -> 42 | K55: 是否由于发生了事件而给予了另一种治疗?
A56: AETOXGR | B56: 毒性分级 | C56: Char | D56: 10 | E56: * | F56: CRF Page 63 | G56: 可有 | H56: =AE_DE.AESEV | I56: SDTM | J56: =ROW()-13 -> 43 | K56: 根据标准毒性标准的毒性等级,例如,不良事件的通用术语标准 v3.0 (CTCAE)。 申办者应在元数据说明所使用的标准及版本(6.2.1.1节,假设 6d)。 如为数值等级,则仅包括数值(如"2",而不是"第 2 级")。
A57: AESTDTC | B57: 开始日期/时间 | C57: Char | D57: 20 | E57: ISO 8601 | F57: CRF Page 63 | G57: 期望 | H57: ISO 8601(AE.AESTDAT) | I57: SDTM | J57: =ROW()-13 -> 44
A58: AEENDTC | B58: 结束日期/时间 | C58: Char | D58: 20 | E58: ISO 8601 | F58: CRF Page 63 | G58: 期望 | H58: ISO 8601(AE.AEENDAT) | I58: SDTM | J58: =ROW()-13 -> 45
A59: AESTDY | B59: 开始日 | C59: Num | F59: 衍生 | G59: 可有 | H59: 计算 AESTDY = (数值型AESTDTC - 数值型DM.RFSTDTC). 注意:1. 加 1 如果计算结果大于等于0;2.如果日期部分缺失, 则AESTDY为 空。 | I59: SDTM | J59: =ROW()-13 -> 46 | K59: 与申办方定义的 RFSTDTC 相关的不良事件开始的研究日。
A60: AEENDY | B60: 结束日 | C60: Num | F60: 衍生 | G60: 可有 | H60: 计算 AEENDY = (数值型AEENDTC - 数值型DM.RFSTDTC). 注意:1. 加 1 如果计算结果大于等于0;2.如果日期部分缺失, 则AEENDY为 空。 | I60: SDTM | J60: =ROW()-13 -> 47 | K60: 相对于申办者定义的 RFSTDTC 有关的不良事件结束的研究。
A61: AEDUR | B61: 持续时间 | C61: Char | D61: 40 | E61: ISO 8601 | G61: 可有 | I61: SDTM | J61: =ROW()-13 -> 48 | K61: 采集的不良事件的持续时间及单位。 仅用于在 CRF 上采集的,而不是从开始及结束日期/时间衍生。 示例:P1DT2H(1 天、 2 小时)
A62: AEENRF | B62: 结束时间-相对参照区间 | C62: Char | D62: 20 | E62: (STENRF) | G62: 可有 | I62: SDTM | J62: =ROW()-13 -> 49 | K62: 描述相对于申办者定义的参照时间的事件结束。 申办者定义的参照时间为由离散的开始时间点(RFSTDTC)和离散的结束时间点(RFENDTC)定义的连续周期
A63: AEENRTPT | B63: 结束时间-相对参照时点 | C63: Char | D63: 20 | E63: (STENRF) | G63: 可有 | I63: SDTM | J63: =ROW()-13 -> 50 | K63: 标识事件结束是在申办者定义参照时间点之前或之后,以变量 AEENTPT 定义。
A64: AEENTPT | B64: 结束时间的参照时点 | C64: Char | D64: 100 | G64: 可有 | I64: SDTM | J64: =ROW()-13 -> 51 | K64: 以 ISO 8601 字符格式的日期/时间描述的 AEENRTPT 引用的参照时间点。 例如: "2003-12-15" 或者"VISIT 2"。
A65: AETRTEM | B65: 用药中不良事件标志 | C65: Char | D65: 200 | E65: (NY) | F65: 衍生 | H65: 如果不良事件发生在核心治疗期首次使用研究药物当日或之后,并且在末次使用研究药物之后90天内或开始其他抗肿瘤治疗之前,则AETRTEM="是"; 如果不良事件发生在核心治疗期首次使用研究药物之前,但在用药后恶化,则AETRTEM="是";否则AETRTEM="否"。 注: 1.如果AESTDTC有缺失,则如下填补规则: 1) 如果AESTDTC全部缺失, 则填补为首次研究治疗日期(DM.RFXSTDTC); 2) 如果AESTDTC部分缺失, 则按以下规则进行填补: 如果年和月已知, 且年和月与首次研究治疗日期(DM.RFXSTDTC)的年和月相同, 则填补为首次研究治疗日期(DM.RFXSTDTC); 如果年和月已知, 但年和月与首次研究治疗日期(DM.RFXSTDTC)的年和月任一不同, 则填补为当月的1号;  如果仅有年已知, 且年与首次研究治疗日期(DM.RFXSTDTC)的年份相同, 则填补为首次研究治疗日期(DM.RFXSTDTC);  如果仅有年已知, 但年与首次研究治疗日期(DM.RFXSTDTC)的年份不同, 则填补为当年1月1号. 若AE结束日期非缺失,填补后的AE开始日期在AE结束日期之后,则将AE开始日期填补为AE结束日期。 2.恶化定义为: 给药后的毒性等级大于给药前最后一条的毒性等级. | I65: SUPP | J65: =ROW()-13 -> 52
A66: SEVDTC | B66: 严重程度开始日期 | C66: Char | D66: 200 | E66: ISO 8601 | F66: CRF Page 63 | H66: ISO 8601(AE_DE.SEVSTDAT) | I66: SUPP | J66: =ROW()-13 -> 53
A67: AEDLT | B67: 是否为剂量限制性毒性事件 | C67: Char | D67: 200 | E67: (NY) | F67: CRF Page 63 | H67: 当AE.DLTYN=’1‘时, AEDLT=’是'; 当AE.DLTYN=’2‘时, AEDLT=’否'. | I67: SUPP | J67: =ROW()-13 -> 54
A68: AEIMRE | B68: 是否为免疫相关不良事件 | C68: Char | D68: 200 | E68: (NY) | F68: CRF Page 63 | H68: 当AE.IMREYN=’1‘时, AEIMRE=’是'; 当AE.IMREYN=’2‘时, AEIMRE=’否'. | I68: SUPP | J68: =ROW()-13 -> 55
A69: AESPECI | B69: 是否为特别关注不良事件 | C69: Char | D69: 200 | E69: (NY) | F69: CRF Page 63 | H69: 当AE.AEOCCUR=’1‘时, AESPECI=’是'; 当AE.AEOCCUR=’2‘时, AESPECI=’否'. | I69: SUPP | J69: =ROW()-13 -> 56
A70: SAESTDTC | B70: SAE开始日期 | C70: Char | D70: 200 | E70: ISO 8601 | F70: CRF Page 63 | H70: ISO 8601(AE.SAESTDAT) | I70: SUPP | J70: =ROW()-13 -> 57
A71: AECOTRTO | B71: 对不良事件采取措施 | C71: Char | D71: 200 | F71: CRF Page 63 | H71: AE.AETRT | I71: SUPP | J71: =ROW()-13 -> 58
A72: AEPREL | B72: 与研究流程的关系 | C72: Char | D72: 200 | F72: CRF Page 63 | H72: 当AE.AEPREL=’1‘时, AEPREL=’有关'; 当AE.AEPREL=’2‘时, AEPREL=’无关'. | I72: SUPP | J72: =ROW()-13 -> 59
A73: AEDIS | B73: 是否导致受试者退出研究治疗 | C73: Char | D73: 200 | E73: (NY) | F73: CRF Page 63 | H73: 当AE.AEDIS=’1‘时, AEDIS=’是'; 当AE.AEDIS=’2‘时, AEDIS=’否'. | I73: SUPP | J73: =ROW()-13 -> 60
A74: AEDVER | B74: 字典版本 | C74: Char | D74: 200 | F74: 指定 | H74: 连接外部coding文件的"MedDRA编码明细"表单, 取"词典名称"和"词典版本"以空格连接,通过研究中心编号, 受试者代码, 序号, 逐词术语匹配SITEID, SUBJID, SN, AETERM | I74: SUPP | J74: =ROW()-13 -> 61
A76: CONTENT

Sheet CE
A1: CE Domain Mapping Specifications
A2: 方案编号: | D2: =CONTENT!$B$3 -> XXXXX
A3: SDTM 版本: | D3: =CONTENT!$B$4 -> 3.2
A4: SDTM 数据集描述: | D4: =CONTENT!$B$8 -> 临床事件
A5: SDTM 数据集结构: | D5: =CONTENT!$C$8 -> 每个受试者每例次临床事件一条记录
A6: 程序名称: | D6: =CONTENT!$D$8 -> ce.sas
A7: 常规观测分类: | D7: =CONTENT!$E$8 -> 事件
A8: 数据来源: | D8: =CONTENT!$F$8 -> XXXX
A9: 关键变量: | D9: =CONTENT!$G$8 -> STUDYID, USUBJID, CETERM, CESTDTC
A10: 排序变量: | D10: =CONTENT!$H$8 -> STUDYID, USUBJID, CETERM, CESTDTC
A11: 提取规则: | D11: =CONTENT!$I$8 -> XXXX
A13: 变量名称 | B13: 变量标签 | C13: 类型 | D13: 长度 | E13: 受控术语或格式 | F13: 来源 | G13: 核心类别 | H13: 转换定义 | I13: 变量类型 | J13: 变量顺序 | K13: 定义注释
A14: STUDYID | B14: 研究标识符 | C14: Char | D14: 20 | G14: 必需 | I14: SDTM | J14: =ROW()-13 -> 1 | K14: 研究的唯一标识符。
A15: DOMAIN | B15: 域名缩写 | C15: Char | D15: 2 | E15: CE | G15: 必需 | I15: SDTM | J15: =ROW()-13 -> 2 | K15: 两字符域名缩写。
A16: USUBJID | B16: 受试者唯一标识符 | C16: Char | D16: 30 | G16: 必需 | I16: SDTM | J16: =ROW()-13 -> 3 | K16: 同一产品的所有申请或递交的研究中受试者的唯一标识符。
A17: CESEQ | B17: 序号 | C17: Num | G17: 必需 | I17: SDTM | J17: =ROW()-13 -> 4 | K17: 序列号,确保一个受试者在数据集里唯一性。可以用来连接相关记录。
A18: CEGRPID | B18: 组合ID | C18: Char | D18: 25 | G18: 可有 | I18: SDTM | J18: =ROW()-13 -> 5 | K18: 用来关联域内同一个受试者的一组相关记录。
A19: CEREFID | B19: 参考ID | C19: Char | D19: 25 | G19: 可有 | I19: SDTM | J19: =ROW()-13 -> 6 | K19: 内部或者外部的标识。
A20: CESPID | B20: 自定义标识符 | C20: Char | D20: 25 | G20: 可有 | I20: SDTM | J20: =ROW()-13 -> 7 | K20: 申办者定义的参考标识。可能是在预先印刷的 CRF 中明确的行标识,或者在申办者操作的数据库中定义的。比如, CRF页中的行号。
A21: CETERM | B21: 临床事件报告名称 | C21: Char | D21: 200 | G21: 必需 | I21: SDTM | J21: =ROW()-13 -> 8 | K21: 医疗状况或事件的术语。 一般在CRF中预先设定。
A22: CEDECOD | B22: 标准化名称 | C22: Char | D22: 200 | E22: * | G22: 可有 | I22: SDTM | J22: =ROW()-13 -> 9 | K22: 临床事件名称的受控术语。申办者应提供使用的词典名称和版本,体现在define.xml外部代码列表属性中。
A23: CECAT | B23: 类别 | C23: Char | D23: 100 | E23: * | G23: 可有 | I23: SDTM | J23: =ROW()-13 -> 10 | K23: 用于定义相关记录的分类。
A24: CESCAT | B24: 子类 | C24: Char | D24: 100 | E24: * | G24: 可有 | I24: SDTM | J24: =ROW()-13 -> 11 | K24: 状况或事件的进一步分类。
A25: CEPRESP | B25: 预设 | C25: Char | D25: 10 | E25: (NY) | G25: 可有 | I25: SDTM | J25: =ROW()-13 -> 12 | K25: 用于指明CETERM的事件是否是预先指定的。如果预先指定事件的值为Y,则自发报告事件的值为空。
A26: CEOCCUR | B26: 是否发生 | C26: Char | D26: 10 | E26: (NY) | G26: 可有 | I26: SDTM | J26: =ROW()-13 -> 13 | K26: 用于记录特定事件的请求发生时,是否当作一个临床事 件的发生。自发报告事件的值为空。
A27: CESTAT | B27: 未做状态 | C27: Char | D27: 10 | E27: (ND) | G27: 可有 | I27: SDTM | J27: =ROW()-13 -> 14 | K27: 表示未回答预先指定的列表中的问题的状态。
A28: CEREASND | B28: 未做原因 | C28: Char | D28: 200 | G28: 可有 | I28: SDTM | J28: =ROW()-13 -> 15 | K28: 描述未采集临床事件的原因。值为NOT DONE时与CESTAT一致使用。
A29: CEBODSYS | B29: 系统器官分类 | C29: Char | D29: 200 | E29: * | G29: 可有 | I29: SDTM | J29: =ROW()-13 -> 16 | K29: 来源于词典。相关事件中的身体系统和器官分类或者来自于标准分级的测量(比如,MedDRA)。 使用多轴层的词典如MedDRA时,应当包括用于申办者分析和总结表格的SOC,不一定是主SOC。
A30: CESEV | B30: 严重程度 | C30: Char | D30: 10 | E30: * | G30: 可有 | I30: SDTM | J30: =ROW()-13 -> 17 | K30: 事件的严重程度或强度。例如:轻微、中度或重度。
A31: CEDTC | B31: 采集日期/时间 | C31: Char | D31: 20 | E31: ISO 8601 | G31: 可有 | I31: SDTM | J31: =ROW()-13 -> 18
A32: CESTDTC | B32: 开始日期/时间 | C32: Char | D32: 20 | E32: ISO 8601 | G32: 可有 | I32: SDTM | J32: =ROW()-13 -> 19
A33: CEENDTC | B33: 结束日期/时间 | C33: Char | D33: 20 | E33: ISO 8601 | G33: 可有 | I33: SDTM | J33: =ROW()-13 -> 20
A34: CEDY | B34: 采集日 | C34: Num | G34: 可有 | I34: SDTM | J34: =ROW()-13 -> 21 | K34: 1、临床事件采集时候的研究日期,应用整数的天数来测量。2、计算的算法必需和在人口学中申办者定义的RFSTDTC变量相关。
A35: CESTRF | B35: 开始时间-相对参照区间 | C35: Char | D35: 20 | E35: (STENRF) | G35: 可有 | I35: SDTM | J35: =ROW()-13 -> 22 | K35: 描述与申办者定义的参照期相关的临床事件的开始。申办者定义的参照期是一段持续的时段,由确切的开始时间点和确切的结束时间点(由人口统计域中的RFSTDTC和RFENDTC表示)规定。
A36: CEENRF | B36: 结束时间-相对参照区间 | C36: Char | D36: 20 | E36: (STENRF) | G36: 可有 | I36: SDTM | J36: =ROW()-13 -> 23 | K36: 描述与申办者定义的参照期相关的临床事件的结束。申办者定义的参照期是一段持续的时段,由确切的开始时间点和确切的结束时间点(由人口统计域中的RFSTDTC和RFENDTC表示)规定。
A37: CESTRTPT | B37: 开始时间-相对参照时点 | C37: Char | D37: 20 | E37: (STENRF) | G37: 可有 | I37: SDTM | J37: =ROW()-13 -> 24 | K37: 确认观测的开始是在由变量 CESTTPT 定义的参照时间点之前或之后。
A38: CESTTPT | B38: 开始时间的参照时点 | C38: Char | D38: 100 | G38: 可有 | I38: SDTM | J38: =ROW()-13 -> 25 | K38: ISO 8601字符格式的描述或日期/时间,申办者定义的参照点。例如:"2003-12-15"或"访视 1"。
A39: CEENRTPT | B39: 结束时间-相对参照时点 | C39: Char | D39: 20 | E39: (STENRF) | G39: 可有 | I39: SDTM | J39: =ROW()-13 -> 26 | K39: 确认观测的结束是在由变量CEENTPT定义的参照时间点之前或之后。
A40: CEENTPT | B40: 结束时间的参照时点 | C40: Char | D40: 100 | G40: 可有 | I40: SDTM | J40: =ROW()-13 -> 27 | K40: ISO 8601字符格式的描述或日期/时间,申办者定义的参照点。例如:"2003-12-25"或"访视 2"。
A42: CONTENT

Sheet CM
A1: CM Domain Mapping Specifications
A2: 方案编号: | D2: =CONTENT!$B$3 -> XXXXX
A3: SDTM 版本: | D3: =CONTENT!$B$4 -> 3.2
A4: SDTM 数据集描述: | D4: =CONTENT!$B$9 -> 既往与合并用药
A5: SDTM 数据集结构: | D5: =CONTENT!$C$9 -> 每个受试者每次给药或每个用法一条记录
A6: 程序名称: | D6: =CONTENT!$D$9 -> cm.sas
A7: 常规观测分类: | D7: =CONTENT!$E$9 -> 干预
A8: 数据来源: | D8: =CONTENT!$F$9 -> DH, DH_DE, CM, AD, SDTM.DM, SDTM.SE
A9: 关键变量: | D9: =CONTENT!$G$9 -> STUDYID, USUBJID, CMCAT, CMSCAT, CMSPID, CMTRT, CMSTDTC, CMENDTC
A10: 排序变量: | D10: =CONTENT!$H$9 -> STUDYID, USUBJID, CMCAT, CMSCAT, CMSPID, CMTRT, CMSTDTC, CMENDTC
A11: 提取规则: | D11: =CONTENT!$I$9 -> [RAW.DH]: 当DH.YN='1';[RAW.CM]: 当CM.YN='1';[RAW.AD]: 当AD.YN='1'.
A13: 变量名称 | B13: 变量标签 | C13: 类型 | D13: 长度 | E13: 受控术语或格式 | F13: 来源 | G13: 核心类别 | H13: 转换定义 | I13: 变量类型 | J13: 变量顺序 | K13: 定义注释
A14: STUDYID | B14: 研究标识符 | C14: Char | D14: 20 | F14: 指定 | G14: 必需 | H14: QL1706-101 | I14: SDTM | J14: =ROW()-13 -> 1 | K14: 研究的唯一标识符。
A15: DOMAIN | B15: 域名缩写 | C15: Char | D15: 2 | E15: CM | F15: 指定 | G15: 必需 | H15: CM | I15: SDTM | J15: =ROW()-13 -> 2 | K15: 两字符域名缩写。
A16: USUBJID | B16: 受试者唯一标识符 | C16: Char | D16: 30 | F16: 衍生 | G16: 必需 | H16: 通过 "-" 连接 STUDYID, SITEID, SUBJID (例:QL1706-101-01-01001). | I16: SDTM | J16: =ROW()-13 -> 3 | K16: 同一产品的所有申请或递交的研究中受试者的唯一标识符。
A17: CMSEQ | B17: 序号 | C17: Num | F17: 衍生 | G17: 必需 | H17: 按照变量 STUDYID, USUBJID, CMCAT, CMSCAT, CMSPID, CMTRT, CMSTDTC, CMENDTC排序. 在每个USUBJID开始的时候用1开始重新编号 (循环地排序). | I17: SDTM | J17: =ROW()-13 -> 4 | K17: 序号,确保记录在域中的唯一性。可以是任何有效数字。
A18: CMGRPID | B18: 组合ID | C18: Char | D18: 25 | G18: 可有 | I18: SDTM | J18: =ROW()-13 -> 5 | K18: 用来关联域内同一个受试者的一组相关记录。
A19: CMSPID | B19: 自定义标识符 | C19: Char | D19: 25 | F19: CRF Pages 9 60 64 | G19: 可有 | H19: =HYPERLINK("#CMTRT!B1","Conversion Definition refer to CMTRT sheet") -> Conversion Definition refer to CMTRT sheet | I19: SDTM | J19: =ROW()-13 -> 6 | K19: 由申办方定义的参考数字。例如:一个预先打印在病例报告表上作为一个明确的行识别符或定义在申办方操作数据库中记录识别符的数字。例如:在伴随药物页面上的行号。
A20: CMTRT | B20: 治疗报告名称 | C20: Char | D20: 200 | F20: CRF Pages 9 60 64 | G20: 必需 | H20: =HYPERLINK("#CMTRT!B1","Conversion Definition refer to CMTRT sheet") -> Conversion Definition refer to CMTRT sheet | I20: SDTM | J20: =ROW()-13 -> 7 | K20: 药品的本名,或者被预先打印在病例报告表上或者被采集在病例报告表上。
A21: CMMODIFY | B21: 修正词 | C21: Char | D21: 200 | G21: 可有 | I21: SDTM | J21: =ROW()-13 -> 8 | K21: 如果修正了CMTRT以便编码,那么CMMODIFY会包含修正后的文本。
A22: CMDECOD | B22: 标准化名称 | C22: Char | D22: 200 | E22: * | F22: 指定 | G22: 可有 | H22: 连接外部coding文件的"WhoDrug编码明细"表单,取"首选语" 通过研究中心编号, 受试者代码, 表名称, 序号, 逐词术语匹配 [RAW.DH, RAW.DH_DE]: DH_DE.SITEID, DH_DE.SUBJID, DH_DE.PUB_TNAME, DH.SN与DH_DE.SN以'-'连接, DH_DE.DHNAME [RAW.CM]: SITEID, SUBJID, PUB_TNAME, SN, CMTRT [RAW.AD_DE]: SITEID, SUBJID, PUB_TNAME, SN, ADNAME 注:第1-200个字符 | I22: SDTM | J22: =ROW()-13 -> 9 | K22: 指的是CMTRT或CMMODIFY的标准化描述或从字典中衍生的文本描述,等同于WHO Drug中的药物通用名称,申办方应在Define.xml的外部代码列表属性中详述字典名称及版本。如果一个介入术语在字典中没有解码值,那么CMDECOD留为空值。
A23: CMCAT | B23: 类别 | C23: Char | D23: 100 | E23: * | F23: CRF Pages 9 60 64 | G23: 可有 | H23: =HYPERLINK("#CMTRT!B1","Conversion Definition refer to CMTRT sheet") -> Conversion Definition refer to CMTRT sheet | I23: SDTM | J23: =ROW()-13 -> 10 | K23: 用来定义药物/治疗的类别。例如: 既往, 伴随, 抗癌药物, 或者通常既往与合并用药。
A24: CMSCAT | B24: 子类 | C24: Char | D24: 100 | E24: * | F24: CRF Pages 9 64 | G24: 可有 | H24: =HYPERLINK("#CMTRT!B1","Conversion Definition refer to CMTRT sheet") -> Conversion Definition refer to CMTRT sheet | I24: SDTM | J24: =ROW()-13 -> 11 | K24: 药物/治疗的进一步分类。例如:化疗,激素治疗,替代疗法。
A25: CMPRESP | B25: 预设 | C25: Char | D25: 10 | E25: (NY) | G25: 可有 | I25: SDTM | J25: =ROW()-13 -> 12 | K25: 用于指示在病例报告表中是否预先定义药物,值应为"是"(Y)或"空"(null)。
A26: CMOCCUR | B26: 是否发生 | C26: Char | D26: 10 | E26: (NY) | G26: 可有 | I26: SDTM | J26: =ROW()-13 -> 13 | K26: 如果为预设药物,那么用CMOCCUR来指出是否使用了该药物。如果药物没有被预先指定,那么此变量为空值。
A27: CMSTAT | B27: 未做状态 | C27: Char | D27: 10 | E27: (ND) | G27: 可有 | I27: SDTM | J27: =ROW()-13 -> 14 | K27: 用于表明没有回答关于"预定干预是否发生"的问题。或者为 空值,或者为"未完成"。
A28: CMREASND | B28: 未做原因 | C28: Char | D28: 200 | G28: 可有 | I28: SDTM | J28: =ROW()-13 -> 15 | K28: 叙述了合并药物没有被采集的原因,如果CMSTAT是没有完成(NOT DONE)值,那么CMREASND和CMSTAT联合使用。
A29: CMINDC | B29: 适应症 | C29: Char | D29: 100 | F29: CRF Pages 9 60 | G29: 可有 | H29: =HYPERLINK("#CMTRT!B1","Conversion Definition refer to CMTRT sheet") -> Conversion Definition refer to CMTRT sheet | I29: SDTM | J29: =ROW()-13 -> 16 | K29: 指出使用或给予药物的原因。例如:恶心、高血压。
A30: CMCLAS | B30: 归类 | C30: Char | D30: 100 | E30: * | F30: 指定 | G30: 可有 | H30: 若ATC4不为空,则取ATC4; 若ATC4为空,ATC3不为空,则取ATC3; 若ATC4和ATC3为空,ATC2不为空,则取ATC2; 若ATC4,ATC3和ATC2为空,ATC1不为空,则取ATC1; 若ATC4,ATC3,ATC2,ATC1均为空展示为空. | I30: SDTM | J30: =ROW()-13 -> 17 | K30: 药物分类。可能从编码中获得。当对单独分类编码时,填充类值。如果使用字典并编码多个类别,则遵循假设 4.1.2.8.3 或删除CMCLAS。
A31: CMCLASCD | B31: 归类编码 | C31: Char | D31: 100 | E31: * | F31: 指定 | G31: 可有 | H31: CMCLAS对应的编码 | I31: SDTM | J31: =ROW()-13 -> 18 | K31: 对应于 CMCLAS 的代码。可能从编码中获得。如编码为一类时则赋值为代码如果使用字典编码为多个类别,则遵循章节4:4.1.2.8.3 或不给CMCLASCD赋值。
A32: CMDOSE | B32: 单次剂量 | C32: Num | F32: CRF Page 60 | G32: 可有 | H32: =HYPERLINK("#CMTRT!B1","Conversion Definition refer to CMTRT sheet") -> Conversion Definition refer to CMTRT sheet | I32: SDTM | J32: =ROW()-13 -> 19 | K32: CMTRT 的用量。当 CMDOSTXT 有值时,不需要赋值。
A33: CMDOSTXT | B33: 单次剂量描述 | C33: Char | D33: 100 | F33: CRF Page 60 | G33: 可有 | H33: =HYPERLINK("#CMTRT!B1","Conversion Definition refer to CMTRT sheet") -> Conversion Definition refer to CMTRT sheet | I33: SDTM | J33: =ROW()-13 -> 20 | K33: 以文本形式采集的给药剂量或剂量范围信息。单位可能存储 在CMDOSU。例如:200-400,15-20。当CMDOSE有值时,不需要赋值。
A34: CMDOSU | B34: 剂量单位 | C34: Char | D34: 20 | E34: (UNIT) | F34: CRF Page 60 | G34: 可有 | H34: [RAW.CM]: 如果CM.CMDOSU='1', 那么CMDOSU='毫克'; 如果CM.CMDOSU='2', 那么CMDOSU='微克'; 如果CM.CMDOSU='3', 那么CMDOSU='克'; 如果CM.CMDOSU='4', 那么CMDOSU='毫升'; 如果CM.CMDOSU='5', 那么CMDOSU='国际单位'; 如果CM.CMDOSU='99', 那么CMDOSU='其他'. | I34: SDTM | J34: =ROW()-13 -> 21 | K34: CMDOSE、CMDOSTXT、及CMDOSTOT的单位,例如:纳克(ng),毫克(mg),毫克/千克(mg/kg)。
A35: CMDOSFRM | B35: 剂型 | C35: Char | D35: 20 | E35: (FRM) | F35: CRF Page 60 | G35: 可有 | H35: [RAW.CM]: 如果CM.CMDOSFRM='01', 那么CMDOSFRM='丸剂'; 如果CM.CMDOSFRM='02', 那么CMDOSFRM='冲剂'; 如果CM.CMDOSFRM='03', 那么CMDOSFRM='片剂'; 如果CM.CMDOSFRM='04', 那么CMDOSFRM='膜剂'; 如果CM.CMDOSFRM='05', 那么CMDOSFRM='栓剂'; 如果CM.CMDOSFRM='06', 那么CMDOSFRM='注射剂/注射用'; 如果CM.CMDOSFRM='07', 那么CMDOSFRM='软膏剂'; 如果CM.CMDOSFRM='08', 那么CMDOSFRM='胶囊剂'; 如果CM.CMDOSFRM='09', 那么CMDOSFRM='气雾剂'; 如果CM.CMDOSFRM='10', 那么CMDOSFRM='滴剂'; 如果CM.CMDOSFRM='11', 那么CMDOSFRM='乳剂'; 如果CM.CMDOSFRM='99', 那么CMDOSFRM='其他. | I35: SDTM | J35: =ROW()-13 -> 22 | K35: CMTRT 的剂型。例如:片剂、洗液。
A36: CMDOSFRQ | B36: 频率 | C36: Char | D36: 20 | E36: (FREQ) | F36: CRF Page 60 | G36: 可有 | H36: [RAW.CM]: 如果CM.CMDOSFRQ='01', 那么CMDOSFRQ='一日一次'; 如果CM.CMDOSFRQ='02', 那么CMDOSFRQ='一日两次'; 如果CM.CMDOSFRQ='03', 那么CMDOSFRQ='一日三次'; 如果CM.CMDOSFRQ='04', 那么CMDOSFRQ='一日四次'; 如果CM.CMDOSFRQ='05', 那么CMDOSFRQ='隔日'; 如果CM.CMDOSFRQ='06', 那么CMDOSFRQ='一周一次'; 如果CM.CMDOSFRQ='07', 那么CMDOSFRQ='两周一次'; 如果CM.CMDOSFRQ='08', 那么CMDOSFRQ='一月一次'; 如果CM.CMDOSFRQ='09', 那么CMDOSFRQ='按需'; 如果CM.CMDOSFRQ='99', 那么CMDOSFRQ='其他. | I36: SDTM | J36: =ROW()-13 -> 23 | K36: 通常表达为每段特定时间给于指定剂量(CMDOSE)药物次数。例如:BID(每日两次),Q12H(每12小时一次)。
A37: CMDOSTOT | B37: 每日总剂量 | C37: Num | G37: 可有 | I37: SDTM | J37: =ROW()-13 -> 24 | K37: 以CMDOSU为单位的CMTRT每日总剂量。在用每日总剂量来记录给药时使用。如果周期不是一天,总剂量可以记录在补充修饰语变量中。
A38: CMDOSRGM | B38: 计划给药方案 | C38: Char | D38: 100 | G38: 可有 | I38: SDTM | J38: =ROW()-13 -> 25 | K38: 适用于干预的预定安排或方案的文本描述。例如:给药两周,停药两周。
A39: CMROUTE | B39: 给药途径 | C39: Char | D39: 20 | E39: (ROUTE) | F39: CRF Page 60 | G39: 可有 | H39: [RAW.CM]: 如果CM.CMROUTE='1', 那么CMROUTE='口服'; 如果CM.CMROUTE='2', 那么CMROUTE='皮下注射'; 如果CM.CMROUTE='3', 那么CMROUTE='经皮给药'; 如果CM.CMROUTE='4', 那么CMROUTE='静脉给药'; 如果CM.CMROUTE='5', 那么CMROUTE='眼内'; 如果CM.CMROUTE='6', 那么CMROUTE='肌肉注射'; 如果CM.CMROUTE='7', 那么CMROUTE='吸入'; 如果CM.CMROUTE='99', 那么CMROUTE='其他'. | I39: SDTM | J39: =ROW()-13 -> 26 | K39: CMTRT的给药途径,例如口服、静脉注射。
A40: CMSTDTC | B40: 开始日期/时间 | C40: Char | D40: 20 | E40: ISO 8601 | F40: CRF Pages 9 60 64 | G40: 可有 | H40: =HYPERLINK("#CMTRT!B1","Conversion Definition refer to CMTRT sheet") -> Conversion Definition refer to CMTRT sheet | I40: SDTM | J40: =ROW()-13 -> 27
A41: CMENDTC | B41: 结束日期/时间 | C41: Char | D41: 20 | E41: ISO 8601 | F41: CRF Pages 9 60 64 | G41: 可有 | H41: =HYPERLINK("#CMTRT!B1","Conversion Definition refer to CMTRT sheet") -> Conversion Definition refer to CMTRT sheet | I41: SDTM | J41: =ROW()-13 -> 28
A42: CMSTDY | B42: 开始日 | C42: Num | F42: 衍生 | G42: 可有 | H42: 计算 CMSTDY = (数值型CMSTDTC - 数值型DM.RFSTDTC). 注意:1. 加 1 如果计算结果大于等于0;2.如果日期部分缺失, 则CMSTDY为空. | I42: SDTM | J42: =ROW()-13 -> 29 | K42: 与申办方定义的RFSTDTC相关的开始给药的研究日。
A43: CMENDY | B43: 结束日 | C43: Num | F43: 衍生 | G43: 可有 | H43: 计算 CMENDY = (数值型CMENDTC - 数值型DM.RFSTDTC). 注意:1. 加 1 如果计算结果大于等于0;2.如果日期部分缺失, 则CMENDY为空. | I43: SDTM | J43: =ROW()-13 -> 30 | K43: 与申办方定义的RFSTDTC相关的结束给药的研究日。
A44: CMDUR | B44: 持续时间 | C44: Char | D44: 40 | E44: ISO 8601 | G44: 可有 | I44: SDTM | J44: =ROW()-13 -> 31 | K44: 采集治疗的持续时间,仅用于CRF采集的,而非衍生于开始和结束日期/时间。
A45: CMSTRF | B45: 开始时间-相对参照区间 | C45: Char | D45: 20 | E45: (STENRF) | G45: 可有 | I45: SDTM | J45: =ROW()-13 -> 32 | K45: 描述了在申办方定义的参照周期内开始给药的时间。申办方 定义的参考周期是一个连续的时间段,由人口学域中不相连的一个开始点RFSTDTC和一个结束点RFENDTC确定。如果采集了像"先于", "正在进行", 或"继续"这样的信息,那么这些信息应被译为 CMSTRF 的值。
A46: CMENRF | B46: 结束时间-相对参照区间 | C46: Char | D46: 20 | E46: (STENRF) | F46: CRF Pages 9 60 64 | G46: 可有 | H46: =HYPERLINK("#CMTRT!B1","Conversion Definition refer to CMTRT sheet") -> Conversion Definition refer to CMTRT sheet | I46: SDTM | J46: =ROW()-13 -> 33 | K46: 描述了在申办方定义的参照周期内结束给药的时间。申办方定义的参考周期是一个连续的时间段,由人口统计学域中不相连的一个开始点RFSTDTC和一个结束点RFENDTC确定。如果采集了像"先于", "正在进行", 或"继续"这样的信息,那么这些信息应被译为CMENRF的值。
A47: CMSTRTPT | B47: 开始时间-相对参照时点 | C47: Char | D47: 20 | E47: (STENRF) | G47: 可有 | I47: SDTM | J47: =ROW()-13 -> 34 | K47: 标识开始给药是在由CMSTTPT定义的参照时间点之前或之后。
A48: CMSTTPT | B48: 开始时间的参照时点 | C48: Char | D48: 100 | G48: 可有 | I48: SDTM | J48: =ROW()-13 -> 35 | K48: 被CMSTRTPT参照的参考点的描述或 ISO 8610 字符格式的日期/时间。例如:"2003-12-15"或"访视 1"
A49: CMENRTPT | B49: 结束时间-相对参照时点 | C49: Char | D49: 20 | E49: (STENRF) | G49: 可有 | I49: SDTM | J49: =ROW()-13 -> 36 | K49: 标识结束给药是在由CMENTPT定义的参考时间点之前或之后
A50: CMENTPT | B50: 结束时间的参照时点 | C50: Char | D50: 100 | G50: 可有 | I50: SDTM | J50: =ROW()-13 -> 37 | K50: 被CMENRTPT参照的参考点的描述或ISO 8610字符格式的日期/时间。例如:"2003-12-25"或"访视 2"
A51: CMCATE | B51: 治疗类别 | C51: Char | D51: 200 | F51: CRF Pages 9 64 | H51: [RAW.DH]: DH.DHCAT [RAW.AD]: AD.ADCAT | I51: SUPP | J51: =ROW()-13 -> 38
A52: CMCATOT | B52: 其他治疗类别 | C52: Char | D52: 200 | F52: CRF Pages 9 64 | H52: [RAW.DH]: DH.DHOTH [RAW.AD]: AD.CATOTH | I52: SUPP | J52: =ROW()-13 -> 39
A53: CMPUROT | B53: 其他目的说明 | C53: Char | D53: 200 | F53: CRF Page 9 | H53: [RAW.DH]: DH.DHPOTH | I53: SUPP | J53: =ROW()-13 -> 40
A54: CMONGO | B54: 是否持续 | C54: Char | D54: 200 | E54: (NY) | F54: CRF Pages 9 60 | H54: [RAW.DH]: DH.DHONGO [RAW.CM]: CM.CMONGO [RAW.AD]: AD.ADONGO 注: 如果为'1‘,则CMONGO='是'; 如果为'2‘,则CMONGO='否' | I54: SUPP | J54: =ROW()-13 -> 41
A55: CMCOM | B55: 药物名称备注 | C55: Char | D55: 200 | F55: CRF Pages 9 64 | H55: [RAW.DH_DE]: DH_DE.DHCOM [RAW.AD_DE]: AD_DE.ADCOM 注: 取第1-200个字节长度的字符. | I55: SUPP | J55: =ROW()-13 -> 42
A56: CMCOM1 | B56: 药物名称备注1 | C56: Char | D56: 200 | F56: CRF Pages 9 64 | H56: [RAW.DH_DE]: DH_DE.DHCOM [RAW.AD_DE]: AD_DE.ADCOM 注: 取第201-400个字节长度的字符. | I56: SUPP | J56: =ROW()-13 -> 43
A57: CMBESA | B57: 最佳疗效评估 | C57: Char | D57: 200 | F57: CRF Page 9 | H57: [RAW.DH]: 如果DH.DHBOA=‘1’, 那么CMBESA=‘未评估(NA)’; 如果DH.DHBOA=‘2’, 那么CMBESA=‘完全缓解(CR)’; 如果DH.DHBOA=‘3’, 那么CMBESA=‘部分缓解(PR)’; 如果DH.DHBOA=‘4’, 那么CMBESA=‘疾病稳定(SD)’; 如果DH.DHBOA=‘5’, 那么CMBESA=‘疾病进展(PD)’; 如果DH.DHBOA=‘6’, 那么CMBESA=‘无法评估(NE)’; 如果DH.DHBOA=‘7’, 那么CMBESA=‘未知’. | I57: SUPP | J57: =ROW()-13 -> 44
A58: CMAENO | B58: 不良事件编号 | C58: Char | D58: 200 | F58: CRF Page 60 | H58: [RAW.CM]: CM.CMAENO | I58: SUPP | J58: =ROW()-13 -> 45
A59: CMMHNO | B59: 病史编号 | C59: Char | D59: 200 | F59: CRF Page 60 | H59: [RAW.CM]: CM.CMMHNO | I59: SUPP | J59: =ROW()-13 -> 46
A60: CMREOTH | B60: 其他用药原因描述 | C60: Char | D60: 200 | F60: CRF Page 60 | H60: [RAW.CM]: CM.REAOTH | I60: SUPP | J60: =ROW()-13 -> 47
A61: CMDOSUOT | B61: 其他单位 | C61: Char | D61: 200 | F61: CRF Page 60 | H61: [RAW.CM]: CM.DOSUOTH | I61: SUPP | J61: =ROW()-13 -> 48
A62: CMDOFRMO | B62: 其他剂型 | C62: Char | D62: 200 | F62: CRF Page 60 | H62: [RAW.CM]: CM.FRMOTH | I62: SUPP | J62: =ROW()-13 -> 49
A63: CMDOFRQO | B63: 其他给药频率 | C63: Char | D63: 200 | F63: CRF Page 60 | H63: [RAW.CM]: CM.FRQOTH | I63: SUPP | J63: =ROW()-13 -> 50
A64: CMROUTEO | B64: 其他给药途径 | C64: Char | D64: 200 | F64: CRF Page 60 | H64: [RAW.CM]: CM.ROUTEOTH | I64: SUPP | J64: =ROW()-13 -> 51
A65: CMDECOD1 | B65: 药物标准名称 1 | C65: Char | D65: 200 | E65: WHODRUG | F65: 指定 | G65: 许可 | H65: 连接外部coding文件的"WhoDrug编码明细"表单,取"首选语" 通过研究中心编号, 受试者代码, 表名称, 序号, 逐词术语匹配 [RAW.DH, RAW.DH_DE]: DH_DE.SITEID, DH_DE.SUBJID, DH_DE.PUB_TNAME, DH.SN与DH_DE.SN以'-'连接, DH_DE.DHNAME [RAW.CM]: SITEID, SUBJID, PUB_TNAME, SN, CMTRT [RAW.AD_DE]: SITEID, SUBJID, PUB_TNAME, SN, ADNAME 注:第201-400个字符 | I65: SUPP | J65: =ROW()-13 -> 52
A66: ATC1 | B66: 药物类别1 | C66: Char | D66: 200 | E66: WHODRUG | F66: 指定 | H66: 连接外部coding文件的"WhoDrug编码明细"表单,取"ATC1名称" 通过研究中心编号, 受试者代码, 表名称, 序号, 逐词术语匹配 [RAW.DH, RAW.DH_DE]: DH_DE.SITEID, DH_DE.SUBJID, DH_DE.PUB_TNAME, DH.SN与DH_DE.SN以'-'连接, DH_DE.DHNAME [RAW.CM]: SITEID, SUBJID, PUB_TNAME, SN, CMTRT [RAW.AD_DE]: SITEID, SUBJID, PUB_TNAME, SN, ADNAME 注: 如为空展示为空 | I66: SUPP | J66: =ROW()-13 -> 53
A67: ATC1CD | B67: 药物类别1编码 | C67: Char | D67: 200 | E67: WHODRUG | F67: 指定 | H67: 连接外部coding文件的"WhoDrug编码明细"表单,取"ATC1编码" 通过研究中心编号, 受试者代码, 表名称, 序号, 逐词术语匹配 [RAW.DH, RAW.DH_DE]: DH_DE.SITEID, DH_DE.SUBJID, DH_DE.PUB_TNAME, DH.SN与DH_DE.SN以'-'连接, DH_DE.DHNAME [RAW.CM]: SITEID, SUBJID, PUB_TNAME, SN, CMTRT [RAW.AD_DE]: SITEID, SUBJID, PUB_TNAME, SN, ADNAME 注: 如为空展示为空 | I67: SUPP | J67: =ROW()-13 -> 54
A68: ATC2 | B68: 药物类别2 | C68: Char | D68: 200 | E68: WHODRUG | F68: 指定 | H68: 连接外部coding文件的"WhoDrug编码明细"表单,取"ATC2名称" 通过研究中心编号, 受试者代码, 表名称, 序号, 逐词术语匹配 [RAW.DH, RAW.DH_DE]: DH_DE.SITEID, DH_DE.SUBJID, DH_DE.PUB_TNAME, DH.SN与DH_DE.SN以'-'连接, DH_DE.DHNAME [RAW.CM]: SITEID, SUBJID, PUB_TNAME, SN, CMTRT [RAW.AD_DE]: SITEID, SUBJID, PUB_TNAME, SN, ADNAME 注: 如为空展示为空 | I68: SUPP | J68: =ROW()-13 -> 55
A69: ATC2CD | B69: 药物类别2编码 | C69: Char | D69: 200 | E69: WHODRUG | F69: 指定 | H69: 连接外部coding文件的"WhoDrug编码明细"表单,取"ATC2编码" 通过研究中心编号, 受试者代码, 表名称, 序号, 逐词术语匹配 [RAW.DH, RAW.DH_DE]: DH_DE.SITEID, DH_DE.SUBJID, DH_DE.PUB_TNAME, DH.SN与DH_DE.SN以'-'连接, DH_DE.DHNAME [RAW.CM]: SITEID, SUBJID, PUB_TNAME, SN, CMTRT [RAW.AD_DE]: SITEID, SUBJID, PUB_TNAME, SN, ADNAME 注: 如为空展示为空 | I69: SUPP | J69: =ROW()-13 -> 56
A70: ATC3 | B70: 药物类别3 | C70: Char | D70: 200 | E70: WHODRUG | F70: 指定 | H70: 连接外部coding文件的"WhoDrug编码明细"表单,取"ATC3名称" 通过研究中心编号, 受试者代码, 表名称, 序号, 逐词术语匹配 [RAW.DH, RAW.DH_DE]: DH_DE.SITEID, DH_DE.SUBJID, DH_DE.PUB_TNAME, DH.SN与DH_DE.SN以'-'连接, DH_DE.DHNAME [RAW.CM]: SITEID, SUBJID, PUB_TNAME, SN, CMTRT [RAW.AD_DE]: SITEID, SUBJID, PUB_TNAME, SN, ADNAME 注: 如为空展示为空 | I70: SUPP | J70: =ROW()-13 -> 57
A71: ATC3CD | B71: 药物类别3编码 | C71: Char | D71: 200 | E71: WHODRUG | F71: 指定 | H71: 连接外部coding文件的"WhoDrug编码明细"表单,取"ATC3编码" 通过研究中心编号, 受试者代码, 表名称, 序号, 逐词术语匹配 [RAW.DH, RAW.DH_DE]: DH_DE.SITEID, DH_DE.SUBJID, DH_DE.PUB_TNAME, DH.SN与DH_DE.SN以'-'连接, DH_DE.DHNAME [RAW.CM]: SITEID, SUBJID, PUB_TNAME, SN, CMTRT [RAW.AD_DE]: SITEID, SUBJID, PUB_TNAME, SN, ADNAME 注: 如为空展示为空 | I71: SUPP | J71: =ROW()-13 -> 58
A72: ATC4 | B72: 药物类别4 | C72: Char | D72: 200 | E72: WHODRUG | F72: 指定 | H72: 连接外部coding文件的"WhoDrug编码明细"表单,取"ATC4名称" 通过研究中心编号, 受试者代码, 表名称, 序号, 逐词术语匹配 [RAW.DH, RAW.DH_DE]: DH_DE.SITEID, DH_DE.SUBJID, DH_DE.PUB_TNAME, DH.SN与DH_DE.SN以'-'连接, DH_DE.DHNAME [RAW.CM]: SITEID, SUBJID, PUB_TNAME, SN, CMTRT [RAW.AD_DE]: SITEID, SUBJID, PUB_TNAME, SN, ADNAME 注: 如为空展示为空 | I72: SUPP | J72: =ROW()-13 -> 59
A73: ATC4CD | B73: 药物类别4编码 | C73: Char | D73: 200 | E73: WHODRUG | F73: 指定 | H73: 连接外部coding文件的"WhoDrug编码明细"表单,取"ATC4编码" 通过研究中心编号, 受试者代码, 表名称, 序号, 逐词术语匹配 [RAW.DH, RAW.DH_DE]: DH_DE.SITEID, DH_DE.SUBJID, DH_DE.PUB_TNAME, DH.SN与DH_DE.SN以'-'连接, DH_DE.DHNAME [RAW.CM]: SITEID, SUBJID, PUB_TNAME, SN, CMTRT [RAW.AD_DE]: SITEID, SUBJID, PUB_TNAME, SN, ADNAME 注: 如为空展示为空 | I73: SUPP | J73: =ROW()-13 -> 60
A74: CMDVER | B74: 字典版本 | C74: Char | D74: 200 | F74: 指定 | H74: 连接外部coding文件的"WhoDrug编码明细"表单,取"词典名称"和"词典版本"以空格连接,通过研究中心编号, 受试者代码, 表名称, 序号, 逐词术语匹配 [RAW.DH, RAW.DH_DE]: DH_DE.SITEID, DH_DE.SUBJID, DH_DE.PUB_TNAME, DH.SN与DH_DE.SN以'-'连接, DH_DE.DHNAME [RAW.CM]: SITEID, SUBJID, PUB_TNAME, SN, CMTRT [RAW.AD_DE]: SITEID, SUBJID, PUB_TNAME, SN, ADNAME | I74: SUPP | J74: =ROW()-13 -> 61
A75: PREIMTAG | B75: 既往免疫治疗靶点 | C75: Char | D75: 200 | F75: 指定 | H75: 连接外部coding文件的"WhoDrug编码明细"表单,取"既往免疫治疗靶点",通过研究中心编号, 受试者代码, 表名称, 序号, 逐词术语匹配 [RAW.DH, RAW.DH_DE]: DH_DE.SITEID, DH_DE.SUBJID, DH_DE.PUB_TNAME, DH.SN与DH_DE.SN以'-'连接, DH_DE.DHNAME [RAW.CM]: SITEID, SUBJID, PUB_TNAME, SN, CMTRT [RAW.AD_DE]: SITEID, SUBJID, PUB_TNAME, SN, ADNAME | I75: SUPP | J75: =ROW()-13 -> 62
A77: CONTENT

Sheet CMTRT
A1: RAW DATA | B1: CMSPID | C1: CMTRT | D1: CMCAT | E1: CMSCAT | F1: CMINDC | G1: CMDOSE | H1: CMDOSTXT | I1: CMSTDTC | J1: CMENDTC | K1: CMENRF | L1: Conversion Definition
A2: DH, DH_DE | B2: DH.SN | C2: DH_DE.DHNAME | D2: ="既往肿瘤药物治疗史" | E2: DH.DHTERM | F2: DH.DHPUR | I2: ISO 8601(DH.DHSTDAT) | J2: ISO 8601(DH.DHENDAT) | K2: ="持续",如果DH.DHONGO='1' | L2: DH.YN='1'
A3: CM | B3: CM.SN | C3: CM.CMTRT | D3: ="既往及合并用药" | F3: 如果CM.CMREA='1',那么CMINDC='不良事件'; 如果CM.CMREA='2',那么CMINDC='既往/现病史'; 如果CM.CMREA='99',那么CMINDC='其他'; | G3: =CM.CMDSTXT的数值型格式,如果CM.CMDSTXT为数字 | H3: =CM.CMDSTXT如果CM.CMDSTXT不为数字 | I3: ISO 8601(CM.CMSTDAT) | J3: ISO 8601(CM.CMENDAT) | K3: ="持续",如果CM.CMONGO='1' | L3: CM.YN='1'
A4: AD, AD_DE | B4: AD.SN | C4: AD_DE.ADNAME | D4: ="后续肿瘤药物治疗" | E4: AD.ADTERM | I4: ISO 8601(AD.ADSTDAT) | J4: ISO 8601(AD.ADENDAT) | K4: ="持续",如果AD.ADONGO='是' | L4: AD.YN='1'
A6: CM

Sheet CO
A1: CO Domain Mapping Specifications
A2: 方案编号: | D2: =CONTENT!$B$3 -> XXXXX
A3: SDTM 版本: | D3: =CONTENT!$B$4 -> 3.2
A4: SDTM 数据集描述: | D4: =CONTENT!$B$10 -> 备注
A5: SDTM 数据集结构: | D5: =CONTENT!$C$10 -> 每个受试者每条备注一条记录
A6: 程序名称: | D6: =CONTENT!$D$10 -> co.sas
A7: 常规观测分类: | D7: =CONTENT!$E$10 -> 特殊用途
A8: 数据来源: | D8: =CONTENT!$F$10 -> XXXX
A9: 关键变量: | D9: =CONTENT!$G$10 -> STUDYID, USUBJID, COSEQ
A10: 排序变量: | D10: =CONTENT!$H$10 -> STUDYID, USUBJID, COSEQ
A11: 提取规则: | D11: =CONTENT!$I$10 -> XXXX
A13: 变量名称 | B13: 变量标签 | C13: 类型 | D13: 长度 | E13: 受控术语或格式 | F13: 来源 | G13: 核心类别 | H13: 转换定义 | I13: 变量类型 | J13: 变量顺序 | K13: 定义注释
A14: STUDYID | B14: 研究标识符 | C14: Char | D14: 20 | G14: 必需 | I14: SDTM | J14: =ROW()-13 -> 1 | K14: 研究的唯一标识符
A15: DOMAIN | B15: 域名缩写 | C15: Char | D15: 2 | E15: CO | G15: 必需 | I15: SDTM | J15: =ROW()-13 -> 2 | K15: 双字符域名缩写
A16: RDOMAIN | B16: 关联域名缩写 | C16: Char | D16: 2 | E16: * | G16: 可有 | I16: SDTM | J16: =ROW()-13 -> 3 | K16: 父记录两个字符的域名缩写。
A17: USUBJID | B17: 受试者唯一标识符 | C17: Char | D17: 30 | G17: 必需 | I17: SDTM | J17: =ROW()-13 -> 4 | K17: 同一产品的所有申请或递交的研究中受试者的唯一标识符。
A18: COSEQ | B18: 序号 | C18: Num | G18: 必需 | I18: SDTM | J18: =ROW()-13 -> 5 | K18: 给出序列号以确保域内主题记录的唯一性。可以是任何有效数字。
A19: IDVAR | B19: 标识变量 | C19: Char | D19: 25 | E19: * | G19: 可有 | I19: SDTM | J19: =ROW()-13 -> 6 | K19: 在通用观测数据类型数据集中,用于识别关联记录的变量名称。例如:--SEQ, --GRPID。仅在单个注释与某个域记录相关时使用。在单独的CRF上采集的注释为空。
A20: IDVARVAL | B20: 标识变量值 | C20: Char | D20: 200 | G20: 可有 | I20: SDTM | J20: =ROW()-13 -> 7 | K20: IDVAR 中描述标识变量值。如果SEQ用于描述记录,那么--SEQ录入在此。仅在单个注释与域记录相关时使用。在单独的 CRF 上采集的评论为空。
A21: COREF | B21: 备注参照 | C21: Char | D21: 200 | G21: 可有 | I21: SDTM | J21: =ROW()-13 -> 8 | K21: 申办者定义的与注释相关的参考。可以是 CRF 页码(例如 650),或模块名称(例如 DEMOG),或标识参考的信息的组合(例如 650-VITALS-VISIT 2)。
A22: COVAL | B22: 备注 | C22: Char | D22: 200 | G22: 必需 | I22: SDTM | J22: =ROW()-13 -> 9 | K22: 备注文本。超过 200 个字符的文本可以添加到其他列COVAL1-COVALn。见假设 3。
A23: COEVAL | B23: 评估者 | C23: Char | D23: 100 | E23: * | G23: 可有 | I23: SDTM | J23: =ROW()-13 -> 10 | K23: 用于描述注释的发起者。示例:中央,审评员,调查委员会,首席研究者。
A24: CODTC | B24: 采集日期/时间 | C24: Char | D24: 20 | E24: ISO 8601 | G24: 可有 | I24: SDTM | J24: =ROW()-13 -> 11 | K24: 备注页提供备注的采集日期/时间。如果这是另一个域的子记录或未采集备注日期,则应为空。
A26: CONTENT

Sheet DA
A1: DA Domain Mapping Specifications
A2: 方案编号: | D2: =CONTENT!$B$3 -> XXXXX
A3: SDTM 版本: | D3: =CONTENT!$B$4 -> 3.2
A4: SDTM 数据集描述: | D4: =CONTENT!$B$11 -> 药物收发记录
A5: SDTM 数据集结构: | D5: =CONTENT!$C$11 -> 每个受试者每个药物收发情况一条记录
A6: 程序名称: | D6: =CONTENT!$D$11 -> da.sas
A7: 常规观测分类: | D7: =CONTENT!$E$11 -> 发现
A8: 数据来源: | D8: =CONTENT!$F$11 -> XXXX
A9: 关键变量: | D9: =CONTENT!$G$11 -> STUDYID, USUBJID, DATESTCD, DADTC
A10: 排序变量: | D10: =CONTENT!$H$11 -> STUDYID, USUBJID, DATESTCD, DADTC
A11: 提取规则: | D11: =CONTENT!$I$11 -> XXXX
A13: 变量名称 | B13: 变量标签 | C13: 类型 | D13: 长度 | E13: 受控术语或格式 | F13: 来源 | G13: 核心类别 | H13: 转换定义 | I13: 变量类型 | J13: 变量顺序 | K13: 定义注释
A14: STUDYID | B14: 研究标识符 | C14: Char | D14: 20 | G14: 必需 | I14: SDTM | J14: =ROW()-13 -> 1 | K14: 研究的唯一标识符。
A15: DOMAIN | B15: 域名缩写 | C15: Char | D15: 2 | E15: DA | G15: 必需 | I15: SDTM | J15: =ROW()-13 -> 2 | K15: 两字符域名缩写。
A16: USUBJID | B16: 受试者唯一标识符 | C16: Char | D16: 30 | G16: 必需 | I16: SDTM | J16: =ROW()-13 -> 3 | K16: 同一产品的所有申请或递交的研究中受试者的唯一标识符。
A17: DASEQ | B17: 序号 | C17: Num | G17: 必需 | I17: SDTM | J17: =ROW()-13 -> 4 | K17: 序号,确保记录在域中的唯一性。可以是任何有效数字。
A18: DAGRPID | B18: 组合ID | C18: Char | D18: 25 | G18: 可有 | I18: SDTM | J18: =ROW()-13 -> 5 | K18: 用来关联域内同一个受试者的一组相关记录。
A19: DAREFID | B19: 参考ID | C19: Char | D19: 25 | G19: 可有 | I19: SDTM | J19: =ROW()-13 -> 6 | K19: 内部或外部标识符,例如:标签号。
A20: DASPID | B20: 自定义标识符 | C20: Char | D20: 25 | G20: 可有 | I20: SDTM | J20: =ROW()-13 -> 7 | K20: 申办者定义的参考编号。可能作为显示行标识符预先设定在CRF上,或者被定义在申办者操作数据库中。例如:药物收发记录页上的行号,药物标签码。
A21: DATESTCD | B21: 评估项简称 | C21: Char | D21: 8 | E21: * | G21: 必需 | I21: SDTM | J21: =ROW()-13 -> 8 | K21: DATEST的简称,用作数据集从纵向格式转化为横向格式时的列名。缩写值长度不得超过8个字符,不能以数字开头,不得包含除字母、数字或下划线之外的字符。例如:DISPAMT、RETAMT。
A22: DATEST | B22: 评估项名称 | C22: Char | D22: 40 | E22: * | G22: 必需 | I22: SDTM | J22: =ROW()-13 -> 9 | K22: 对应主题变量、药物收发评估测试或测量的字面名称。DATEST中的值不能超过40个字符。例如:分发数量(Dispensed Amount),返还数量(Returned Amount)。
A23: DACAT | B23: 类别 | C23: Char | D23: 100 | E23: * | G23: 可有 | I23: SDTM | J23: =ROW()-13 -> 10 | K23: 用于定义相关记录的分类。例如,研究药物(STUDY MEDICATION)、急救药品(RESCUE MEDICATION)。
A24: DASCAT | B24: 子类 | C24: Char | D24: 100 | E24: * | G24: 可有 | I24: SDTM | J24: =ROW()-13 -> 11 | K24: 用于定义一组相关记录的进一步分类。
A25: DAORRES | B25: 原始结果 | C25: Char | D25: 200 | G25: 期望 | I25: SDTM | J25: =ROW()-13 -> 12 | K25: 原始接收或采集的药物收发评估的结果。
A26: DAORRESU | B26: 原始单位 | C26: Char | D26: 20 | E26: (UNIT) | G26: 可有 | I26: SDTM | J26: =ROW()-13 -> 13 | K26: DAORRES的单位。
A27: DASTRESC | B27: 标准化结果 | C27: Char | D27: 200 | G27: 期望 | I27: SDTM | J27: =ROW()-13 -> 14 | K27: 包含从DAORRES中复制或以标准格式或标准单位衍生得出的所有药物收发记录评估的结果值。DASTRESC应以字符型格式复制。DASTRESC应以字符型格式储存所有结果;如果结果是数值型的,也应以数值格式储存在DASTRESN中。
A28: DASTRESN | B28: 标准化结果(N) | C28: Num | G28: 可有 | I28: SDTM | J28: =ROW()-13 -> 15 | K28: 连续型或数值型的结果或发现的标准化格式;由DASTRESC以数值型格式复制。DASTRESN应储存所有的数值型的检查结果或发现。
A29: DASTRESU | B29: 标准化单位 | C29: Char | D29: 20 | E29: (UNIT) | G29: 可有 | I29: SDTM | J29: =ROW()-13 -> 16 | K29: 用于DASTRESC和DASTRESN的标准化单位。
A30: DASTAT | B30: 未做状态 | C30: Char | D30: 10 | E30: (ND) | G30: 可有 | I30: SDTM | J30: =ROW()-13 -> 17 | K30: 用于指出药物收发评估未完成。值为空值(null)或者未完成(NOT NOTE)。
A31: DAREASND | B31: 未做原因 | C31: Char | D31: 200 | G31: 可有 | I31: SDTM | J31: =ROW()-13 -> 18 | K31: 描述未做的原因。DASTAT值为未完成(NOT NOTE)时使用。
A32: VISITNUM | B32: 访视编号 | C32: Num | G32: 期望 | I32: SDTM | J32: =ROW()-13 -> 19 | K32: 1.临床访视号。 2.访视(VISIT)的数值型版本,用于排序。
A33: VISIT | B33: 访视名称 | C33: Char | D33: 100 | G33: 可有 | I33: SDTM | J33: =ROW()-13 -> 20 | K33: 1.方案定义的临床访视描述 。2.可作为VISITNUM和/或VISITDY的补充。
A34: VISITDY | B34: 计划访视日 | C34: Num | G34: 可有 | I34: SDTM | J34: =ROW()-13 -> 21 | K34: 基于人口学数据中RFTDTC的计划访视研究日。
A35: DADTC | B35: 采集日期/时间 | C35: Char | D35: 20 | E35: ISO 8601 | G35: 期望 | I35: SDTM | J35: =ROW()-13 -> 22
A36: DADY | B36: 采集日 | C36: Num | G36: 可有 | I36: SDTM | J36: =ROW()-13 -> 23 | K36: 1.药物收发评估的研究日,以整天数形式度量。2.计算方法必须基于申办方定义在人口学域中的变量RFSTDTC。
A38: CONTENT

Sheet DD
A1: DD Domain Mapping Specifications
A2: 方案编号: | D2: =CONTENT!$B$3 -> XXXXX
A3: SDTM 版本: | D3: =CONTENT!$B$4 -> 3.2
A4: SDTM 数据集描述: | D4: =CONTENT!$B$12 -> 死亡详情
A5: SDTM 数据集结构: | D5: =CONTENT!$C$12 -> 每个受试者每个发现一条记录
A6: 程序名称: | D6: =CONTENT!$D$12 -> dd.sas
A7: 常规观测分类: | D7: =CONTENT!$E$12 -> 发现
A8: 数据来源: | D8: =CONTENT!$F$12 -> XXXX
A9: 关键变量: | D9: =CONTENT!$G$12 -> STUDYID, USUBJID, DDTESTCD, DDDTC
A10: 排序变量: | D10: =CONTENT!$H$12 -> STUDYID, USUBJID, DDTESTCD, DDDTC
A11: 提取规则: | D11: =CONTENT!$I$12 -> XXXX
A13: 变量名称 | B13: 变量标签 | C13: 类型 | D13: 长度 | E13: 受控术语或格式 | F13: 来源 | G13: 核心类别 | H13: 转换定义 | I13: 变量类型 | J13: 变量顺序 | K13: 定义注释
A14: STUDYID | B14: 研究标识符 | C14: Char | D14: 20 | G14: 必需 | I14: SDTM | J14: =ROW()-13 -> 1 | K14: 研究的唯一标识符。
A15: DOMAIN | B15: 域名缩写 | C15: Char | D15: 2 | E15: DD | G15: 必需 | I15: SDTM | J15: =ROW()-13 -> 2 | K15: 两个字符域名缩写。
A16: USUBJID | B16: 受试者唯一标识符 | C16: Char | D16: 30 | G16: 必需 | I16: SDTM | J16: =ROW()-13 -> 3 | K16: 同一产品的所有申请或递交的研究中受试者的唯一标识符。
A17: DDSEQ | B17: 序号 | C17: Num | G17: 必需 | I17: SDTM | J17: =ROW()-13 -> 4 | K17: 序号,确保记录在域中的唯一性。 可以是任何有效数字。
A18: DDTESTCD | B18: 评估项简称 | C18: Char | D18: 8 | E18: * | G18: 必需 | I18: SDTM | J18: =ROW()-13 -> 5 | K18: 在DDTEST中描述的测量、检测或检查的简称。可以作数据集从纵向格式转化为横向格式时的列名。 DDTESTCD 的值不得超过 8 个字符,不能以数字开头(例如:"1TEST"是无效的)。DDTESTCD不能包含除字母、数字或下划线之外的字符。例如:DIAGPRIM, DIAGSEC, DTHWIT
A19: DDTEST | B19: 评估项名称 | C19: Char | D19: 40 | G19: 必需 | I19: SDTM | J19: =ROW()-13 -> 6 | K19: DDTESTCD 全称。DDTEST 中的值不能超过 40 个字符。例如:主要诊断(Primary Diagnosis)、次要诊断(Secondary Diagnosis)、死亡是否被见证(Was Death Witnessed?)
A20: DDORRES | B20: 原始结果 | C20: Char | D20: 200 | G20: 期望 | I20: SDTM | J20: =ROW()-13 -> 7 | K20: 原始接收或采集的定义在DDTEST中的检测的结果。
A21: DDSTRESC | B21: 标准化结果 | C21: Char | D21: 200 | G21: 期望 | I21: SDTM | J21: =ROW()-13 -> 8 | K21: 包含从DDORRES中复制或以标准格式衍生得出的结果值。
A22: DDRESCAT | B22: 结果类别 | C22: Char | D22: 100 | E22: * | G22: 可有 | I22: SDTM | J22: =ROW()-13 -> 9 | K22: 用于对发现的结果分类。例如:与治疗相关的(TREATMENT RELATED)、与治疗不相关的 (NONTREATMENT RELATED)、不确定的(UNDETERMINED)、偶然的(ACCIDENTAL)
A23: DDEVAL | B23: 评估者 | C23: Char | D23: 100 | E23: (EVAL) | G23: 可有 | I23: SDTM | J23: =ROW()-13 -> 10 | K23: 评估者的角色。
A24: DDDTC | B24: 采集日期/时间 | C24: Char | D24: 20 | E24: ISO 8601 | G24: 期望 | I24: SDTM | J24: =ROW()-13 -> 11 | K24: 诊断或其他死亡评估的采集时间,以ISO 8601 格式显示。不一定是死亡时间。
A25: DDDY | B25: 采集日 | C25: Num | G25: 可有 | I25: SDTM | J25: =ROW()-13 -> 12 | K25: 采集的研究日,以整天数形式度量。计算方法必需基于申办方定义的人口学域(DM)中的变量RFSTDTC。
A27: CONTENT

Sheet DM
A1: DM Domain Mapping Specifications
A2: 方案编号: | D2: =CONTENT!$B$3 -> XXXXX
A3: SDTM 版本: | D3: =CONTENT!$B$4 -> 3.2
A4: SDTM 数据集描述: | D4: =CONTENT!$B$13 -> 人口学
A5: SDTM 数据集结构: | D5: =CONTENT!$C$13 -> 每个受试者一条记录
A6: 程序名称: | D6: =CONTENT!$D$13 -> dm.sas
A7: 常规观测分类: | D7: =CONTENT!$E$13 -> 特殊用途
A8: 数据来源: | D8: =CONTENT!$F$13 -> DM, EX, ICF, SV, RAND, PE, LB, TCT, TC_DE, VS1, VS1_DE, VS1_OTH, VS2, ECG, EG, ECOG, EG_DE, EOT, ADAE_DE, IMT, IM_DE, AE, SF, TUCL, VIR, TLB, NTLB, HT, WT, CCR, HCG, OT, DS, DR, SUBJECT, ADA_DE, NL_DE, NTL_DE, OBT, OB_DE, OEA, PKD_DE, PKND_DE, TL_DE, UNSO_DE
A9: 关键变量: | D9: =CONTENT!$G$13 -> STUDYID, USUBJID
A10: 排序变量: | D10: =CONTENT!$G$13 -> STUDYID, USUBJID
A11: 提取规则: | D11: =CONTENT!$I$13 -> ALL
A13: 变量名称 | B13: 变量标签 | C13: 类型 | D13: 长度 | E13: 受控术语或格式 | F13: 来源 | G13: 核心类别 | H13: 转换定义 | I13: 变量类型 | J13: 变量顺序 | K13: 定义注释
A14: STUDYID | B14: 研究标识符 | C14: Char | D14: 20 | F14: 指定 | G14: 必需 | H14: QL1706-101 | I14: SDTM | J14: =ROW()-13 -> 1 | K14: 研究的唯一标识符
A15: DOMAIN | B15: 域名缩写 | C15: Char | D15: 2 | E15: DM | F15: 指定 | G15: 必需 | H15: DM | I15: SDTM | J15: =ROW()-13 -> 2 | K15: 双字符域名缩写
A16: USUBJID | B16: 受试者唯一标识符 | C16: Char | D16: 30 | F16: 衍生 | G16: 必需 | H16: 通过 "-" 连接 STUDYID, SITEID, SUBJID. (例:QL1706-101-01-01001). | I16: SDTM | J16: =ROW()-13 -> 3 | K16: 同一产品的所有申请或递交的研究中受试者的唯一标识符
A17: SUBJID | B17: 受试者标识符 | C17: Char | D17: 8 | F17: CRF Page 2 | G17: 必需 | H17: =SUBJECT.SUBJID | I17: SDTM | J17: =ROW()-13 -> 4 | K17: 受试者标志,在研究中必需是唯一的,通常为采集在CRF 中的为受试者ID
A18: RFSTDTC | B18: 受试者参照开始日期/时间 | C18: Char | D18: 20 | E18: ISO 8601 | F18: 衍生 | G18: 期望 | H18: 每位受试者第一次给药日期 =ISO 8601(EX.EXDAT, EXSTTIM)中第一个非空日期/时间. | I18: SDTM | J18: =ROW()-13 -> 5 | K18: 受试者参照开始日期/时间,以ISO 8601 格式表示。通常等于受试者第一次暴露于研究治疗的日期/时间。 要求所有随机受试者具有。如果受试者没有符合日期要求的里程碑,如筛选失败或者受试者未分组,则值为空。
A19: RFENDTC | B19: 受试者参照结束日期/时间 | C19: Char | D19: 20 | E19: ISO 8601 | F19: 衍生 | G19: 期望 | H19: 每位受试者最后一次给药日期 =ISO 8601(EX.EXDAT, EX.EXENTIM)中最晚的一条非空时间; 注意: 如果RFSTDTC是空的话,RFENDTC应该为空. | I19: SDTM | J19: =ROW()-13 -> 6 | K19: 受试者参照结束日期/时间,以ISO 8601 格式表示。通常等于受试者结束试验的日期/时间,也常等于受试者最后一次暴露于研究治疗的日期/时间。要求所有随机受试者具有。若受试者筛选失败或者未分组,则值为空。
A20: RFXSTDTC | B20: 首次研究治疗日期/时间 | C20: Char | D20: 20 | E20: ISO 8601 | F20: 衍生 | G20: 期望 | H20: =RFSTDTC | I20: SDTM | J20: =ROW()-13 -> 7 | K20: 任意试验方案指定治疗的首次暴露日期,等同于最早一次EXSTDTC 的变量值
A21: RFXENDTC | B21: 末次研究治疗日期/时间 | C21: Char | D21: 20 | E21: ISO 8601 | F21: 衍生 | G21: 期望 | H21: =RFENDTC | I21: SDTM | J21: =ROW()-13 -> 8 | K21: 任意试验方案指定治疗的末次暴露日期,等同于最迟一次EXENDTC 的变量值(当EXENDTC没有采集或者为空,则等同于最后一次EXSTDTC的值).
A22: RFICDTC | B22: 知情同意日期/时间 | C22: Char | D22: 20 | E22: ISO 8601 | F22: CRF Page 4 | G22: 期望 | H22: =ISO 8601(ICF.ICFDAT) 注:如果一个人有多条,则选择 ICF.ICFVER不为'1.2版'的记录。 | I22: SDTM | J22: =ROW()-13 -> 9 | K22: 知情同意的日期/时间以ISO 8601 字符格式表示。 如果该研究计划书里程碑被记录在案,这将与处置域中的知情同意的日期相同。 仅在不采集知情同意书日期的研究中为空。
A23: RFPENDTC | B23: 参与结束日期/时间 | C23: Char | D23: 20 | E23: ISO 8601 | F23: 衍生 | G23: 期望 | H23: 等于SV.VISDAT, ICF.ICFDAT, TUCL.TUCLDAT, PE.PEDAT, LB.LBDAT, CCR.CCRDAT, VIR.VIRDAT, HBV.HBVDAT, ECG.ECGDAT, TLB_DE.TLBDAT, NTLB_DE.NTLBDAT, ECOG.ECOGDAT, TCT.TCTDAT, TC_DE.TCDAT, VS1.VS1DAT, VS2.VS2DAT, EG.EGDAT, HCG.HCGDAT, RAND.RANDDAT, EX.EXDAT, PKD_DE.PKDDAT, PKE_DE.PKEDAT, PKND_DE.PKNDDAT, PKU.PKUDAT, ADA_DE.ADADAT, ADAE_DE.ADAEDAT, ADAU.ADAUDAT, IM_DE.IMDAT, OT.OTDAT, AE.AESTDAT, AE.SAESTDAT, AE.SEVSTDAT, AE.AEENDAT, CM.CMSTDAT, CM.CMENDAT, PR.PRSTDAT, PR.PRENDAT, EOT.EOTDAT, SF.SFLADAT, AD.ADSTDTC, AD.ADENDTC, AR.ARSTDTC, AR.ARENDTC, ASU.ASUDAT, AO.AOSTDTC, AO.AOENDTC, DS.DSDAT, DR.DRDAT, TL_DE.TLDAT, NTL_DE.NTLDAT, NL_DE.NLDAT, OEA.OEADAT, IMT.IMTDAT, OB_DE.OBDAT, HT.HTDAT, WT.WTDAT, OBT.OBTDAT, UNSO_DE.UNSODAT中最后一条非缺失值中的最大值. | I23: SDTM | J23: =ROW()-13 -> 10 | K23: 计划书定义的受试者结束参与或随访的日期/时间,ISO 8601 字符格式表示。 应对应于最后一个已知的接触日期。 例子包括完成日期,撤退日期,最后的随访日期,记录在案的随访丢失日期或死亡日期.
A24: DTHDTC | B24: 死亡日期/时间 | C24: Char | D24: 20 | E24: ISO 8601 | F24: CRF Pages 59 68 69 | G24: 期望 | H24: 如果 DR.DRDAT^="" 则 DTHDTC=ISO 8601(DR.DRDAT); 如果 AE.AEOUT="5" 则 DTHDTC=ISO 8601(AE.AEENDAT); 如果 DS.DSREA="2" 则 DTHDTC=ISO 8601(DS.DSDAT); | I24: SDTM | J24: =ROW()-13 -> 11 | K24: 任何死亡的受试者的死亡日期/时间,以ISO 8601 格式表示。 应当表示在临床试验数据库采集的日期/时间
A25: DTHFL | B25: 死亡标帜 | C25: Char | D25: 3 | E25: (NY) | F25: 衍生 | G25: 期望 | H25: ="是" 如果DTHDTC不为空, 否则为空. | I25: SDTM | J25: =ROW()-13 -> 12 | K25: 标识受试者死亡。 值为Y 或者为空。 即使死亡日期未知也应当被填充。
A26: SITEID | B26: 研究中心标识符 | C26: Char | D26: 4 | F26: CRF Page 2 | G26: 必需 | H26: =SUBJECT.SITEID | I26: SDTM | J26: =ROW()-13 -> 13 | K26: 研究中心唯一标识符
A27: INVID | B27: 研究者标识符 | C27: Char | D27: 20 | F27: CRF Page 2 | G27: 可有 | H27: =SUBJECT.INVID | I27: SDTM | J27: =ROW()-13 -> 14 | K27: 用于描述某个研究的研究者标识符。 可能进一步用于研究中心编号。 当INVID 和SITEID 相同时无需保留
A28: INVNAM | B28: 研究者姓名 | C28: Char | D28: 100 | F28: CRF Page 2 | G28: 可有 | H28: =SUBJECT.INVNAME | I28: SDTM | J28: =ROW()-13 -> 15 | K28: 某个研究中心研究者姓名
A29: BRTHDTC | B29: 出生日期/时间 | C29: Char | D29: 20 | E29: ISO 8601 | F29: CRF Page 5 | G29: 可有 | H29: =DM.BRTHDAT | I29: SDTM | J29: =ROW()-13 -> 16 | K29: 受试者出生日期/时间
A30: AGE | B30: 年龄 | C30: Num | F30: CRF Page 5 | G30: 期望 | H30: =DM.AGE | I30: SDTM | J30: =ROW()-13 -> 17 | K30: 以年龄单位表达的年龄。 可能衍生于RFSTDTC 和BRTHDTC,不是在所有情况下BRTHDTC 都可用(由于受试者隐私问题)。
A31: AGEU | B31: 年龄单位 | C31: Char | D31: 6 | E31: (AGEU) | F31: CRF Page 5 | G31: 期望 | H31: 当AGE不为空时,AGEU="岁". | I31: SDTM | J31: =ROW()-13 -> 18 | K31: 年龄相关的单位
A32: SEX | B32: 性别 | C32: Char | D32: 6 | E32: (SEX) | F32: CRF Page 5 | G32: 必需 | H32: 当DM.SEX="1"时, SEX="男性"; 当DM.SEX="2"时, SEX="女性". | I32: SDTM | J32: =ROW()-13 -> 19 | K32: 受试者性别
A33: RACE | B33: 种族 | C33: Char | D33: 20 | E33: (RACE) | F33: 指定 | G33: 期望 | H33: 亚裔 | I33: SDTM | J33: =ROW()-13 -> 20 | K33: 受试者种族。 关于采集种族的指南,申办者应参考"种族和种族数据的采集"。 《临床试验》(FDA,2005 年9 月)(HTTP://www.fda.gv/RealTraceIdvices/GuangsEs/UCM12634.0.HTM)参见关于种族的假设。
A34: ETHNIC | B34: 族群 | C34: Char | D34: 25 | E34: (ETHNIC) | F34: CRF Page 5 | G34: 可有 | H34: 当DM.ETHNIC="1"时, ETHNIC="汉族"; 当DM.ETHNIC="99"时, ETHNIC="其他". | I34: SDTM | J34: =ROW()-13 -> 21 | K34: 受试者族群。 关于采集族群的指南,申办者应参考"种族和种族数 据的采集"。 《临床试验》(FDA,2005 年9 月)(HTTP://www.fda.gv/RealTraceIdvices/GuangsEs/UCM12634.0.HTM) 参见关于族群的假设。 (http://www.fda.gov/RegulatoryInformation/Guidances/ucm126340.htm).
A35: ARMCD | B35: 计划分组编码 | C35: Char | D35: 20 | F35: 指定 | G35: 必需 | H35: 如果ARM="筛选失败", ARMCD="SCRNFAIL". 如果ARM="0.3mg/kg", ARMCD="03MG"; 如果ARM="1.0mg/kg", ARMCD="1MG"; 如果ARM="3.0mg/kg", ARMCD="3MG"; 如果ARM="5.0mg/kg", ARMCD="5MG"; 如果ARM="10.0mg/kg", ARMCD="10MG"; 如果ARM="7.5mg/kg", ARMCD="75MG"; 如果ARM="未指定", ARMCD="NOTASSGN". | I35: SDTM | J35: =ROW()-13 -> 22 | K35: ARMCD 在20 个字符以内不受特殊字符限制,ARMCD 的最大长度比其它"短"变量长,以适应交叉试验可能需要的值类型。 例如,如果七周期交叉的ARMCD 值是使用每个处理和分离连字符的双字符缩写来构建的,那么ARMCD 值的长度将是20。
A36: ARM | B36: 计划分组描述 | C36: Char | D36: 100 | F36: CRF Pages 45 47 | G36: 必需 | H36: 当RAND.RANDYN="5"时, ARM="筛选失败"; 当EX.EXTDOS="1"时, ARM="0.3mg/kg"; 当EX.EXTDOS="2"时, ARM="1.0mg/kg"; 当EX.EXTDOS="3"时, ARM="3.0mg/kg"; 当EX.EXTDOS="4"时, ARM="5.0mg/kg"; 当EX.EXTDOS="5"时, ARM="10.0mg/kg"; 当EX.EXTDOS="6"时, ARM="7.5mg/kg"; 当RAND.RANDYN="2",但没有用药记录,ARM="未指定". | I36: SDTM | J36: =ROW()-13 -> 23 | K36: 受试者被分配的所在组别的名称
A37: ACTARMCD | B37: 实际分组编码 | C37: Char | D37: 20 | F37: 指定 | G37: 必需 | H37: 如果ACTARM="筛选失败" 那么ACTARMCD="SCRNFAIL"; 如果ACTARM="未治疗" 那么ACTARMCD="NOTTRT"; 如果RFSTDTC不为空,ACTARMCD=ARMCD. | I37: SDTM | J37: =ROW()-13 -> 24 | K37: 实际组别代码。 当为非计划组别(未存在于试验组别域)时,ACTARMCD 将是"UNPLAN"。 已随机化但未 给药的受试者会被赋予一个"NOTTRT"的值。 筛查失败的受试者应当赋予"SCRNFAIL"的值,未被分配的受试者应被赋值为"NOTASSGN"。 其他情况以试验组别值为准。 ACTARMCD 限于20 个字符,没有特殊的字符限制。 ACTARMCD 的最大长度比其他短变量要长,以适应交叉试验可能需要的值。
A38: ACTARM | B38: 实际分组描述 | C38: Char | D38: 100 | F38: 指定 | G38: 必需 | H38: 如果ARM="筛选失败" , 那么ACTARM="筛选失败" ; 如果RAND.RANDYN="2" 并且该受试者(EX中所有记录EX.EXYN="2"或EX中没有该受试者的记录), ACTARM="未治疗"; 如果RFSTDTC不为空,ACTARM=ARM. | I38: SDTM | J38: =ROW()-13 -> 25 | K38: 实际组别描述。 当为非计划组别(未存在于试验组别域)时,ACTARM 将是"Unplanned Treatment"。 已随机化但未 给药的受试者会被赋予一个"Not Treated"的值。 筛查失败的受试者应当赋予"Screen Failure"的值,未被分配的受试者应被赋值为"Not Assigned"。 其他情况以试验组别值为准。
A39: COUNTRY | B39: 国家 | C39: Char | D39: 6 | E39: (COUNTRY) | F39: 指定 | G39: 必需 | H39: 中国 | I39: SDTM | J39: =ROW()-13 -> 26 | K39: 受试者参与试验的研究中心所在的国家
A40: DMDTC | B40: 采集日期/时间 | C40: Char | D40: 20 | E40: ISO 8601 | F40: CRF | G40: 可有 | I40: SDTM | J40: =ROW()-13 -> 27 | K40: 人口学数据采集日期/时间
A41: DMDY | B41: 采集日 | C41: Num | F41: CRF | G41: 可有 | I41: SDTM | J41: =ROW()-13 -> 28 | K41: 采集数据的研究日,以整数天为单位度量
A42: SITENAM | B42: 研究中心名称 | C42: Char | D42: 200 | F42: CRF Page 2 | H42: SUBJECT.SITENAME | I42: SUPP | J42: =ROW()-13 -> 29
A43: SUBJINIT | B43: 姓名缩写 | C43: Char | D43: 200 | F43: CRF Page 2 | H43: SUBJECT.SUBJINIT | I43: SUPP | J43: =ROW()-13 -> 30
A44: STATUS | B44: 受试者状态 | C44: Char | D44: 200 | F44: CRF Page 2 | H44: 当SUBJECT.STATUS="0"时, STATUS="筛选中"; 当SUBJECT.STATUS="2"时, STATUS="已入组"; 当SUBJECT.STATUS="3"时, STATUS="治疗结束"; 当SUBJECT.STATUS="4"时, STATUS="研究结束"; 当SUBJECT.STATUS="5"时, STATUS="筛选失败". | I44: SUPP | J44: =ROW()-13 -> 31
A45: ETHNOTH | B45: 族群,其他 | C45: Char | D45: 200 | F45: CRF Page 5 | H45: 如果 DM.ETHNIC="99", 则 ETHNOTH=DM.ETHNOTH; | I45: SUPP | J45: =ROW()-13 -> 32
A46: EXPHASE | B46: 试验阶段 | C46: Char | D46: 200 | F46: CRF Page 45 | H46: 当RAND.RANDPHA="1"时, EXPHASE="剂量递增阶段"; 当RAND.RANDPHA="2"时, EXPHASE="PK研究病例扩展阶段". | I46: SUPP | J46: =ROW()-13 -> 33
A48: CONTENT

Sheet DS
A1: DS Domain Mapping Specifications
A2: 方案编号: | D2: =CONTENT!$B$3 -> XXXXX
A3: SDTM 版本: | D3: =CONTENT!$B$4 -> 3.2
A4: SDTM 数据集描述: | D4: =CONTENT!$B$14 -> 受试者分布
A5: SDTM 数据集结构: | D5: =CONTENT!$C$14 -> 每个受试者每个完成状态或每个方案里程碑事件一条记录
A6: 程序名称: | D6: =CONTENT!$D$14 -> ds.sas
A7: 常规观测分类: | D7: =CONTENT!$E$14 -> 事件
A8: 数据来源: | D8: =CONTENT!$F$14 -> ICF, RAND, EOT, DS, SDTM.DM, SDTM.SE
A9: 关键变量: | D9: =CONTENT!$G$14 -> STUDYID, USUBJID, DSSTDTC, DSDECOD
A10: 排序变量: | D10: =CONTENT!$H$14 -> STUDYID, USUBJID, DSSTDTC, DSDECOD
A11: 提取规则: | D11: =CONTENT!$I$14 -> ALL
A13: 变量名称 | B13: 变量标签 | C13: 类型 | D13: 长度 | E13: 受控术语或格式 | F13: 来源 | G13: 核心类别 | H13: 转换定义 | I13: 变量类型 | J13: 变量顺序 | K13: 定义注释
A14: STUDYID | B14: 研究标识符 | C14: Char | D14: 20 | F14: 指定 | G14: 必需 | H14: QL1706-101 | I14: SDTM | J14: =ROW()-13 -> 1 | K14: 研究的唯一标识符
A15: DOMAIN | B15: 域名缩写 | C15: Char | D15: 2 | E15: DS | F15: 指定 | G15: 必需 | H15: DS | I15: SDTM | J15: =ROW()-13 -> 2 | K15: 两字符域名缩写
A16: USUBJID | B16: 受试者唯一标识符 | C16: Char | D16: 30 | F16: 衍生 | G16: 必需 | H16: 通过 "-" 连接 STUDYID, SITEID, SUBJID. (例:QL1706-101-01-01001). | I16: SDTM | J16: =ROW()-13 -> 3 | K16: 同一产品的所有申请或递交的研究中受试者的唯一标识符
A17: DSSEQ | B17: 序号 | C17: Num | F17: 衍生 | G17: 必需 | H17: 按照变量STUDYID, USUBJID, DSDECOD, DSSTDTC排序. 在每个USUBJID开始的时候用1开始重新编号 (循环地排序).") | I17: SDTM | J17: =ROW()-13 -> 4 | K17: 序号,确保数据集内一个受试者的唯一性,可以是任何有效数字
A18: DSGRPID | B18: 组合ID | C18: Char | D18: 25 | G18: 可有 | I18: SDTM | J18: =ROW()-13 -> 5 | K18: 用来关联域内同一个受试者的一组相关记录
A19: DSREFID | B19: 参考ID | C19: Char | D19: 25 | G19: 可有 | I19: SDTM | J19: =ROW()-13 -> 6 | K19: 内部或外部标识
A20: DSSPID | B20: 自定义标识符 | C20: Char | D20: 25 | F20: CRF Page 4 | G20: 可有 | H20: =HYPERLINK("#DSTERM!A1","转换定义参考DSTERM表") -> 转换定义参考DSTERM表 | I20: SDTM | J20: =ROW()-13 -> 7 | K20: 申办者定义参考代码,可能预印在CRF上作为明确的行号或在申办者的操作数据库中定义。例如:在"处置"页面上的行号。
A21: DSTERM | B21: 受试者分布事件报告名称 | C21: Char | D21: 200 | F21: CRF Pages 4 45 62 68 | G21: 必需 | H21: =HYPERLINK("#DSTERM!A1","转换定义参考DSTERM表") -> 转换定义参考DSTERM表 | I21: SDTM | J21: =ROW()-13 -> 8 | K21: 事件或试验方案里程碑的名称。DSTERM中的一些术语会与DSDECOD匹配,但是其它的术语(例如,受试者搬家)需要映射到DSDECOD中的受控术语,例如:"失访"。
A22: DSDECOD | B22: 标准化名称 | C22: Char | D22: 200 | E22: (NCOMPLT) | F22: CRF Pages 45 62 68 | G22: 必需 | H22: =HYPERLINK("#DSTERM!A1","转换定义参考DSTERM表") -> 转换定义参考DSTERM表 | I22: SDTM | J22: =ROW()-13 -> 9 | K22: 处置事件或实验方案里程碑的受控术语。实验方案里程碑的示例如:获得知情同意书、随机。
A23: DSCAT | B23: 类别 | C23: Char | D23: 100 | E23: (DSCAT) | F23: CRF Pages 4 45 62 68 | G23: 期望 | H23: =HYPERLINK("#DSTERM!A1","转换定义参考DSTERM表") -> 转换定义参考DSTERM表 | I23: SDTM | J23: =ROW()-13 -> 10 | K23: 用来定义相关记录的分类。DSCAT 现为"预期"变量,而在SDTMIG3.1.1和更早版本中为"许可"变量。从"许可"更改到"预期"是基于区分方案里程碑和/或其它处置事件的需要。如果只有处理事件,DSCAT可以为空;但推荐永远给DSCAT 赋值。
A24: DSSCAT | B24: 子类 | C24: Char | D24: 100 | E24: * | F24: CRF Pages 45 62 68 | G24: 可有 | H24: =HYPERLINK("#DSTERM!A1","转换定义参考DSTERM表") -> 转换定义参考DSTERM表 | I24: SDTM | J24: =ROW()-13 -> 11 | K24: 处置事件的进一步分类
A25: EPOCH | B25: 时期 | C25: Char | D25: 100 | E25: (EPOCH) | F25: 指定 | G25: 可有 | H25: 比较 DSSTDTC和 SE.SESTDTC & SE.SEENDTC 每个人每个时期: 1. EPOCH="筛选期" ,如果 SE.SESTDTC<=DSSTDTC<SE.SEENDTC 且当 SE.EPOCH="筛选期" ( 如果没有 EPOCH 在筛选期之后且当 SE.SESTDTC<=DSSTDTC<=SE.SEENDTC, 则EPOCH="筛选期"); 2. EPOCH="治疗期",如果 SE.SESTDTC<=DSSTDTC<=SE.SEENDTC 且当 SE.EPOCH="治疗期"; 3. EPOCH="随访期",如果 SE.SESTDTC<DSSTDTC<=SE.SEENDTC 且当 SE.EPOCH="随访期"; 4.其他,则将 EPOCH 置空. | I25: SDTM | J25: =ROW()-13 -> 12 | K25: 在DSCAT='"处置事件"'时,可能用到EPOCH。例如:筛选、治疗阶段、随访。
A26: DCDTC | B26: 采集日期/时间 | C26: Char | D26: 20 | E26: ISO 8601 | G26: 可有 | I26: SDTM | J26: =ROW()-13 -> 13
A27: DSSTDTC | B27: 开始日期/时间 | C27: Char | D27: 20 | E27: ISO 8601 | F27: CRF Pages 4 45 62 68 | G27: 期望 | H27: =HYPERLINK("#DSTERM!A1","转换定义参考DSTERM表") -> 转换定义参考DSTERM表 | I27: SDTM | J27: =ROW()-13 -> 14
A28: DSSTDY | B28: 开始日 | C28: Num | F28: 衍生 | G28: 可有 | H28: 计算DSSTDY = (数值型 DSSTDTC - 数值型DM.RFSTDTC). Note: 加 1 如果计算结果大于等于0. | I28: SDTM | J28: =ROW()-13 -> 15 | K28: 与申办者定义的RFSTDTC相关的处置事件开始的研究日。
A29: VERSION | B29: 方案版本号 | C29: Char | D29: 200 | F29: CRF Page 4 | H29: =HYPERLINK("#DSTERM!A1","转换定义参考DSTERM表") -> 转换定义参考DSTERM表 | I29: SUPP | J29: =ROW()-13 -> 16
A30: RANDNO | B30: 入组编号 | C30: Char | D30: 200 | F30: CRF Pages 45 | H30: =HYPERLINK("#DSTERM!A1","转换定义参考DSTERM表") -> 转换定义参考DSTERM表 | I30: SUPP | J30: =ROW()-13 -> 17
A32: CONTENT

Sheet DSTERM
A1: 原始数据集 | B1: 转换定义 | D1: DSSPID | E1: DSCAT | F1: DSSCAT | G1: DSTERM | H1: DSDECOD | I1: DSSTDTC | J1: VERSION | K1: RANDNO
A2: ICF | B2: 如果 ICF.ICFDAT 不为空 | D2: ="01" | E2: ='方案里程碑' | G2: ='知情同意签署' | H2: =' 签署知情同意书' | I2: =ISO 8601(ICF.ICFDAT) | J2: =ICF.ICFVER
A3: RAND | B3: 如果RAND.RANDYN="2" | D3: ="02" | E3: ='处置事件' | F3: ="入组信息" | G3: ="入组成功" | H3: ="入组成功" | I3: =ISO 8601(RAND.RANDDAT) | K3: =RAND.RANDNO
B4: 如果RAND.RANDYN="5" | D4: ="03" | E4: ='处置事件' | F4: ="入组信息" | G4: 如果RAND.RANDREA="1"则DSTERM="不符合入选标准/符合排除标准"; 如果RAND.RANDREA="2"则DSTERM="撤回知情同意书"; 如果RAND.RANDREA="3"则DSTERM="不良事件"; 如果RAND.RANDREA="4"则DSTERM="死亡"; 如果RAND.RANDREA="99"则DSTERM=用":"连接"其他"和RAND.RANDOTH; | H4: 如果RAND.RANDREA="1"则DSDECOD="不符合入选标准/符合排除标准"; 如果RAND.RANDREA="2"则DSDECOD="撤回知情同意书"; 如果RAND.RANDREA="3"则DSDECOD="不良事件"; 如果RAND.RANDREA="4"则DSDECOD="死亡"; 如果RAND.RANDREA="99"则DSDECOD="其他";
A5: EOT | B5: 如果EOT.EOTYN="1" | D5: ="04" | E5: ='处置事件' | F5: ="治疗结束" | G5: 如果EOT.EOTREA="1"则DSTERM="受试者自行退出研究治疗"; 如果EOT.EOTREA="2"则DSTERM=用":"连接"不良事件"和EOT,EOTAENO; 如果EOT.EOTREA="3"则DSTERM="疾病进展,研究者认为有必要停止 研究治疗"; 如果EOT.EOTREA="4"则DSTERM=用":"连接"严重违背方案,且研究者和/或申办方认为有必要停止研究治疗"和EOT.EOTAGA; 如果EOT.EOTREA="5"则DSTERM="女性受试者在研究治疗期间发生妊娠"; 如果EOT.EOTREA="6"则DSTERM="研究终止"; 如果EOT.EOTREA="7"则DSTERM="完成治疗(为期最长2年)"; 如果EOT.EOTREA="99"则DSTERM=用":"连接"其他"和EOT.EOTOTH; | H5: 如果EOT.EOTREA="1"则DSDECOD="受试者自行退出研究治疗"; 如果EOT.EOTREA="2"则DSDECOD="不良事件"; 如果EOT.EOTREA="3"则DSDECOD="疾病进展,研究者认为有必要停止 研究治疗"; 如果EOT.EOTREA="4"则DSDECOD="严重违背方案,且研究者和/或申办方认为有必要停止研究治疗"; 如果EOT.EOTREA="5"则DSDECOD="女性受试者在研究治疗期间发生妊娠"; 如果EOT.EOTREA="6"则DSDECOD="研究终止"; 如果EOT.EOTREA="7"则DSDECOD="完成治疗(为期最长2年)"; 如果EOT.EOTREA="99"则DSDECOD="其他"; | I5: =ISO 8601(EOT.EOTDAT)
A6: DS | D6: ="05" | E6: ='处置事件' | F6: ="研究结束" | G6: 如果DS.DSREA="1"则DSTERM="不良事件"||DS.DSAENO; 如果DS.DSREA="2"则DSTERM="死亡"; 如果DS.DSREA="3"则DSTERM="受试者自行退出"; 如果DS.DSREA="4"则DSTERM="失访"; 如果DS.DSREA="5"则DSTERM="研究结束"; 如果DS.DSREA="6"则DSTERM="申办方终止"; 如果DS.DSREA="99"则DSTERM=用":"连接"其他"和DS.DSREOTH; | H6: 如果DS.DSREA="1"则DSDECOD="不良事件"; 如果DS.DSREA="2"则DSDECOD="死亡"; 如果DS.DSREA="3"则DSDECOD="受试者自行退出"; 如果DS.DSREA="4"则DSDECOD="失访"; 如果DS.DSREA="5"则DSDECOD="研究结束"; 如果DS.DSREA="6"则DSDECOD="申办方终止"; 如果DS.DSREA="99"则DSDECOD="其他"; | I6: =ISO 8601(DS.DSDAT)
A8: =HYPERLINK("#DS!A1","DS") -> DS

Sheet DV
A1: DV Domain Mapping Specifications
A2: 方案编号: | D2: =CONTENT!$B$3 -> XXXXX
A3: SDTM 版本: | D3: =CONTENT!$B$4 -> 3.2
A4: SDTM 数据集描述: | D4: =CONTENT!$B$15 -> 方案偏离
A5: SDTM 数据集结构: | D5: =CONTENT!$C$15 -> 每个受试者每例次方案偏离一条记录
A6: 程序名称: | D6: =CONTENT!$D$15 -> dv.sas
A7: 常规观测分类: | D7: =CONTENT!$E$15 -> 事件
A8: 数据来源: | D8: =CONTENT!$F$15 -> XXXX
A9: 关键变量: | D9: =CONTENT!$G$15 -> STUDYID, USUBJID, DVTERM, DVSTDTC
A10: 排序变量: | D10: =CONTENT!$H$15 -> STUDYID, USUBJID, DVTERM, DVSTDTC
A11: 提取规则: | D11: =CONTENT!$I$15 -> XXXX
A13: 变量名称 | B13: 变量标签 | C13: 类型 | D13: 长度 | E13: 受控术语或格式 | F13: 来源 | G13: 核心类别 | H13: 转换定义 | I13: 变量类型 | J13: 变量顺序 | K13: 定义注释
A14: STUDYID | B14: 研究标识符 | C14: Char | D14: 20 | G14: 必需 | I14: SDTM | J14: =ROW()-13 -> 1 | K14: 研究的唯一标识符
A15: DOMAIN | B15: 域名缩写 | C15: Char | D15: 2 | E15: DV | G15: 必需 | I15: SDTM | J15: =ROW()-13 -> 2 | K15: 两字符域名缩写
A16: USUBJID | B16: 受试者唯一标识符 | C16: Char | D16: 30 | G16: 必需 | I16: SDTM | J16: =ROW()-13 -> 3 | K16: 同一产品的所有申请或递交的研究中受试者的唯一标识符
A17: DVSEQ | B17: 序号 | C17: Num | G17: 必需 | I17: SDTM | J17: =ROW()-13 -> 4 | K17: 序号,确保一个受试者在数据集里唯一性,可以是任何有效数字
A18: DVREFID | B18: 参考ID | C18: Char | D18: 25 | G18: 可有 | I18: SDTM | J18: =ROW()-13 -> 5 | K18: 内部或外部标识符
A19: DVSPID | B19: 自定义标识符 | C19: Char | D19: 25 | G19: 可有 | I19: SDTM | J19: =ROW()-13 -> 6 | K19: 可选的申办者定义参考代码,可能被预先打印在CRF上作为明确的行号或被定义在申办者的操作数据库中。例如:在"处置"页面上的行号。
A20: DVTERM | B20: 方案偏离报告名称 | C20: Char | D20: 200 | G20: 必需 | I20: SDTM | J20: =ROW()-13 -> 7 | K20: 方案偏离标准的本名。例如IVRS流程偏差-没有收到剂量的电话记录。DVTERM值映射DVDECOD中的受控术语,例如治疗偏差。
A21: DVDECOD | B21: 标准化名称 | C21: Char | D21: 200 | E21: * | G21: 可有 | I21: SDTM | J21: =ROW()-13 -> 8 | K21: 方案偏离名称的受控术语。例如:受试者未按方案退出,不满足选择标准,治疗偏差等。
A22: DVCAT | B22: 类别 | C22: Char | D22: 100 | E22: * | G22: 可有 | I22: SDTM | J22: =ROW()-13 -> 9 | K22: 方案偏离标准的分类
A23: DVSCAT | B23: 子类 | C23: Char | D23: 100 | E23: * | G23: 可有 | I23: SDTM | J23: =ROW()-13 -> 10 | K23: 方案偏离的进一步分类
A24: EPOCH | B24: 时期 | C24: Char | D24: 100 | E24: (EPOCH) | G24: 可有 | I24: SDTM | J24: =ROW()-13 -> 11 | K24: 与偏离开始日期/时间相关的时期。例如:治疗阶段、筛选、随访。
A25: DVSTDTC | B25: 开始日期/时间 | C25: Char | D25: 20 | E25: ISO 8601 | G25: 可有 | I25: SDTM | J25: =ROW()-13 -> 12 | K25: 用ISO 8601字符格式表示的偏离开始日期/时间
A26: DVENDTC | B26: 结束日期/时间 | C26: Char | D26: 20 | E26: ISO 8601 | G26: 可有 | I26: SDTM | J26: =ROW()-13 -> 13 | K26: 用ISO 8601字符格式表示的偏离结束的日期/时间
A28: CONTENT

Sheet EC
A1: EC Domain Mapping Specifications
A2: 方案编号: | D2: =CONTENT!$B$3 -> XXXXX
A3: SDTM 版本: | D3: =CONTENT!$B$4 -> 3.2
A4: SDTM 数据集描述: | D4: =CONTENT!$B$16 -> 暴露采集
A5: SDTM 数据集结构: | D5: =CONTENT!$C$16 -> 每个受试者每个方案规定的研究用药每个采集的用法每个情景模式一条记录
A6: 程序名称: | D6: =CONTENT!$D$16 -> ec.sas
A7: 常规观测分类: | D7: =CONTENT!$E$16 -> 干预
A8: 数据来源: | D8: =CONTENT!$F$16 -> EX, SDTM.DM
A9: 关键变量: | D9: =CONTENT!$G$16 -> STUDYID, USUBJID, ECTRT, ECSTDTC, ECENDTC
A10: 排序变量: | D10: =CONTENT!$H$16 -> STUDYID, USUBJID, ECTRT, ECSTDTC, ECENDTC
A11: 提取规则: | D11: =CONTENT!$I$16 -> ALL
A13: 变量名称 | B13: 变量标签 | C13: 类型 | D13: 长度 | E13: 受控术语或格式 | F13: 来源 | G13: 核心类别 | H13: 转换定义 | I13: 变量类型 | J13: 变量顺序 | K13: 定义注释
A14: STUDYID | B14: 研究标识符 | C14: Char | D14: 20 | G14: 必需 | I14: SDTM | J14: =ROW()-13 -> 1 | K14: 研究的唯一标识符
A15: DOMAIN | B15: 域名缩写 | C15: Char | D15: 2 | E15: EC | G15: 必需 | I15: SDTM | J15: =ROW()-13 -> 2 | K15: 两字符域名缩写
A16: USUBJID | B16: 受试者唯一标识符 | C16: Char | D16: 30 | G16: 必需 | I16: SDTM | J16: =ROW()-13 -> 3 | K16: 同一产品的所有申请或递交的研究中受试者的唯一标识符
A17: ECSEQ | B17: 序号 | C17: Num | G17: 必需 | I17: SDTM | J17: =ROW()-13 -> 4 | K17: 序号,确保数据集内一个受试者(或参数,例如试验概要域)的记录的唯一性。可以是任何有效数字。
A18: ECGRPID | B18: 组合ID | C18: Char | D18: 25 | G18: 可有 | I18: SDTM | J18: =ROW()-13 -> 5 | K18: 用来关联域内同一个受试者的一组相关记录。
A19: ECREFID | B19: 参考ID | C19: Char | D19: 25 | G19: 可有 | I19: SDTM | J19: =ROW()-13 -> 6 | K19: 内部或者外部标识(例如,试剂盒编号,瓶标签,药瓶标识)。
A20: ECSPID | B20: 自定义标识符 | C20: Char | D20: 25 | G20: 可有 | I20: SDTM | J20: =ROW()-13 -> 7 | K20: 申办方定义的标识符。可能被预先打印在CRF上作为一个明确的标识符,或者被定义在申办方的操作数据集中。例如:在病例报告表页面上的行标识符。
A21: ECLNKID | B21: 链接ID | C21: Char | D21: 25 | G21: 可有 | I21: SDTM | J21: =ROW()-13 -> 8 | K21: 关联域之间相关记录的标识符。
A22: ECLNKGRP | B22: 链接组合ID | C22: Char | D22: 25 | G22: 可有 | I22: SDTM | J22: =ROW()-13 -> 9 | K22: 关联域之间一组记录的标识符。
A23: ECTRT | B23: 治疗名称 | C23: Char | D23: 200 | E23: * | G23: 必需 | I23: SDTM | J23: =ROW()-13 -> 10 | K23: 在给药期间,方案定义的用于观察的研究治疗名称。
A24: ECMOOD | B24: 情景模式 | C24: Char | D24: 20 | E24: * | G24: 可有 | I24: SDTM | J24: =ROW()-13 -> 11 | K24: 记录中定义干预(活动)是否将要发生或者已经发生的模式或条件。值要与BRIDGE柱(例如,预计的情况,已执行的情况)以及卫生信息交换标准(HL7)中的活动情况(例如,目的,事件)相匹配。例如:预计,已执行。CDISC受控术语要求提交MOOD代码列表中的预计和已执行。
A25: ECCAT | B25: 类别 | C25: Char | D25: 100 | E25: * | G25: 可有 | I25: SDTM | J25: =ROW()-13 -> 12 | K25: 用于定义治疗名称的类别。
A26: ECSCAT | B26: 子类 | C26: Char | D26: 100 | E26: * | G26: 可有 | I26: SDTM | J26: =ROW()-13 -> 13 | K26: 对治疗类别的进一步分类。
A27: ECPRESP | B27: 预设 | C27: Char | D27: 10 | E27: (NY) | G27: 可有 | I27: SDTM | J27: =ROW()-13 -> 14 | K27: 用于预先定义的特定的干预。值应该为"是"或者空。
A28: ECOCCUR | B28: 是否发生 | C28: Char | D28: 10 | E28: (NY) | G28: 可有 | I28: SDTM | J28: =ROW()-13 -> 15 | K28: 当请求采集发生信息时,用于表明一个治疗是否发生。当一个治疗未进行,未服用或者错过的时候,ECOCCUR="否"。
A29: ECDOSE | B29: 单次剂量 | C29: Num | G29: 期望 | I29: SDTM | J29: =ROW()-13 -> 16 | K29: ECTRT数值型给药量。当ECDOSTXT有值时,不需要赋值。
A30: ECDOSTXT | B30: 单次剂量描述 | C30: Char | D30: 100 | G30: 可有 | I30: SDTM | J30: =ROW()-13 -> 17 | K30: 非数值型ECTRT用量。给药量或以文本形式采集的剂量范围的信息。例如:200-400。当ECDOSE有值时,不需要赋值。
A31: ECDOSU | B31: 剂量单位 | C31: Char | D31: 20 | E31: (UNIT) | G31: 期望 | I31: SDTM | J31: =ROW()-13 -> 18 | K31: ECDOSE,ECDOSTOT或ECDOSTXT的单位。
A32: ECDOSFRM | B32: 剂型 | C32: Char | D32: 20 | E32: (FRM) | G32: 期望 | I32: SDTM | J32: =ROW()-13 -> 19 | K32: EXTRT的剂型。例如:片剂,洗液。
A33: ECDOSFRQ | B33: 频率 | C33: Char | D33: 20 | E33: (FREQ) | G33: 可有 | I33: SDTM | J33: =ROW()-13 -> 20 | K33: 通常表示为特定间隔期间重复给药的次数。例如:每2小时一次(Q2H),每日一次(QD),每天两次(BID)。
A34: ECDOSTOT | B34: 每日总剂量 | C34: Num | G34: 可有 | I34: SDTM | J34: =ROW()-13 -> 21 | K34: 以ECDOSU为单位的ECTRT每日总剂量。在用每日总剂量来记录给药时使用。
A35: ECDOSRGM | B35: 计划给药方案 | C35: Char | D35: 100 | G35: 可有 | I35: SDTM | J35: =ROW()-13 -> 22 | K35: 适用于干预的预定安排或方案的文本描述。例如:给药两周,停药两周。
A36: ECROUTE | B36: 给药途径 | C36: Char | D36: 20 | E36: (ROUTE) | G36: 可有 | I36: SDTM | J36: =ROW()-13 -> 23 | K36: 给药途径。例如:口服,静脉注射。
A37: ECLOT | B37: 批号 | C37: Char | D37: 50 | G37: 可有 | I37: SDTM | J37: =ROW()-13 -> 24 | K37: ECTRT批号。
A38: ECLOC | B38: 给药部位 | C38: Char | D38: 40 | E38: (LOC) | G38: 可有 | I38: SDTM | J38: =ROW()-13 -> 25 | K38: 说明给药部位。例如:手臂,嘴唇。
A39: ECLAT | B39: 偏侧 | C39: Char | D39: 40 | E39: (LAT) | G39: 可有 | I39: SDTM | J39: =ROW()-13 -> 26 | K39: 在解剖学位置上进一步修饰给药部位的偏侧。例如:左,右。
A40: ECDIR | B40: 方位 | C40: Char | D40: 40 | E40: (DIR) | G40: 可有 | I40: SDTM | J40: =ROW()-13 -> 27 | K40: 在解剖学位置上进一步修饰给药的方向,例如:前,下,近,上。
A41: ECPORTOT | B41: 部分 | C41: Char | D41: 40 | E41: (PORTOT) | G41: 可有 | I41: SDTM | J41: =ROW()-13 -> 28 | K41: 在解剖学位置上进一步修饰分配,安排的分布。例如:全部的,单独的,分段的。
A42: ECFAST | B42: 是否空腹 | C42: Char | D42: 10 | E42: (NY) | G42: 可有 | I42: SDTM | J42: =ROW()-13 -> 29 | K42: 用来定于空腹的状态。例如:是,否。
A43: ECPSTRG | B43: 药物规格 | C43: Num | G43: 可有 | I43: SDTM | J43: =ROW()-13 -> 30 | K43: 根据药物剂量表,按剂量单位,单位容积或单位重量定量表示的有效成分量。
A44: ECPSTRGU | B44: 药物规格单位 | C44: Char | D44: 40 | E44: * | G44: 可有 | I44: SDTM | J44: =ROW()-13 -> 31 | K44: ECPSTRG的单位。例如:毫克/片(mg/TABLET),毫克/毫升(mg/mL)。
A45: ECADJ | B45: 剂量调整原因 | C45: Char | D45: 200 | E45: * | G45: 可有 | I45: SDTM | J45: =ROW()-13 -> 32 | K45: 描述或解释了剂量调整的原因。
A46: EPOCH | B46: 时期 | C46: Char | D46: 100 | E46: (EPOCH) | G46: 可有 | I46: SDTM | J46: =ROW()-13 -> 33 | K46: 药物暴露记录的试验时期,例如:进入期,治疗期。
A47: ECSTDTC | B47: 开始日期/时间 | C47: Char | D47: 20 | E47: ISO 8601 | G47: 期望 | I47: SDTM | J47: =ROW()-13 -> 34 | K47: 由ECTRT和ECDOSU体现的治疗开始日期和时间。
A48: ECENDTC | B48: 结束日期/时间 | C48: Char | D48: 20 | E48: ISO 8601 | G48: 期望 | I48: SDTM | J48: =ROW()-13 -> 35 | K48: 由ECTRT和ECDOSE体现的治疗结束的日期和时间。对于在某一时间点给药(例如,口给药片,预充注射器注射)的情况,只会采集给药日期/时间,作为一种标准表示方法,ECSTDTC应该被复制到ECENDTC。
A49: ECSTDY | B49: 开始日 | C49: Num | G49: 可有 | I49: SDTM | J49: =ROW()-13 -> 36 | K49: 与申办方定义的RFSTDTC相关的治疗开始的研究日
A50: ECENDY | B50: 结束日 | C50: Num | G50: 可有 | I50: SDTM | J50: =ROW()-13 -> 37 | K50: 治疗结束的研究日,表示为相对于申办方定义的RFSTDTC的整天数
A51: ECDUR | B51: 持续时间 | C51: Char | D51: 40 | E51: ISO 8601 | G51: 可有 | I51: SDTM | J51: =ROW()-13 -> 38 | K51: 采集的治疗持续时间及单位。仅用于病例报告表采集而非衍生的信息
A52: ECTPT | B52: 计划时点名称 | C52: Char | D52: 100 | G52: 可有 | I52: SDTM | J52: =ROW()-13 -> 39 | K52: 1.应该给药时间点的文字描述。2.这个变量可被表述为与固定参照点相比较的持续时间,例如最后一次给药时间。参见ECTPTNUM和ECTPTREF
A53: ECTPTNUM | B53: 计划时点编号 | C53: Num | G53: 可有 | I53: SDTM | J53: =ROW()-13 -> 40 | K53: ECTPT数值版本,以帮助排序。
A54: ECELTM | B54: 距离参照时点计划时间 | C54: Char | D54: 20 | E54: ISO 8601 | G54: 可有 | I54: SDTM | J54: =ROW()-13 -> 41 | K54: 距离固定的计划时间参照点(ECTPTREF)的持续时间(用ISO 8601格式),这个变量重复测量的时候很有用。不是钟表时间或日期/时间变量。用ISO持续时间格式来表示。
A55: ECTPTREF | B55: 参照时点 | C55: Char | D55: 100 | G55: 可有 | I55: SDTM | J55: =ROW()-13 -> 42 | K55: ECELTM,ECTPTNUM和ECTPT所提到的固定时间参照点的名称。例如:之前的剂量,之前的进餐。
A56: ECRFTDTC | B56: 参照时点日期/时间 | C56: Char | D56: 20 | E56: ISO 8601 | G56: 可有 | I56: SDTM | J56: =ROW()-13 -> 43 | K56: 一个由ECTPTREF确定的参照时间点的ISO 8601字符格式的日期/时间
A58: CONTENT

Sheet EG
A1: EG Domain Mapping Specifications
A2: 方案编号: | D2: =CONTENT!$B$3 -> XXXXX
A3: SDTM 版本: | D3: =CONTENT!$B$4 -> 3.2
A4: SDTM 数据集描述: | D4: =CONTENT!$B$17 -> 心电图
A5: SDTM 数据集结构: | D5: =CONTENT!$C$17 -> 每个受试者每个访视每个时间点每次心电图每个发现一条记录
A6: 程序名称: | D6: =CONTENT!$D$17 -> eg.sas
A7: 常规观测分类: | D7: =CONTENT!$E$17 -> 发现
A8: 数据来源: | D8: =CONTENT!$F$17 -> EG, EG_DE, SDTM.DM, SDTM.SE
A9: 关键变量: | D9: =CONTENT!$G$17 -> STUDYID, USUBJID, EGTESTCD, VISITNUM, EGDTC, EGSPID
A10: 排序变量: | D10: =CONTENT!$H$17 -> STUDYID, USUBJID, EGTESTCD, VISITNUM, EGDTC, EGSPID
A11: 提取规则: | D11: =CONTENT!$I$17 -> ALL
A13: 变量名称 | B13: 变量标签 | C13: 类型 | D13: 长度 | E13: 受控术语或格式 | F13: 来源 | G13: 核心类别 | H13: 转换定义 | I13: 变量类型 | J13: 变量顺序 | K13: 定义注释
A14: STUDYID | B14: 研究标识符 | C14: Char | D14: 20 | F14: 指定 | G14: 必需 | H14: QL1706-101 | I14: SDTM | J14: =ROW()-13 -> 1 | K14: 研究的唯一标识符
A15: DOMAIN | B15: 域名缩写 | C15: Char | D15: 2 | E15: EG | F15: 指定 | G15: 必需 | H15: EG | I15: SDTM | J15: =ROW()-13 -> 2 | K15: 两字符域名缩写
A16: USUBJID | B16: 受试者唯一标识符 | C16: Char | D16: 30 | F16: 衍生 | G16: 必需 | H16: 通过 "-" 连接 STUDYID, SITEID, SUBJID. (例:QL1706-101-01-01001). | I16: SDTM | J16: =ROW()-13 -> 3 | K16: 同一产品的所有申请或递交的研究中受试者的唯一标识符。
A17: EGSEQ | B17: 序号 | C17: Num | F17: 衍生 | G17: 必需 | H17: 按照变量 STUDYID, USUBJID, EGTESTCD, VISITNUM, EGDTC, EGSPID排序. 在每个USUBJID开始的时候用1开始重新编号 (循环地排序). | I17: SDTM | J17: =ROW()-13 -> 4 | K17: 序号,确保记录在域中的唯一性。可以是任何有效数字。
A18: EGGRPID | B18: 组合ID | C18: Char | D18: 25 | G18: 可有 | I18: SDTM | J18: =ROW()-13 -> 5 | K18: 用来关联域内同一个受试者的一组相关记录。
A19: EGREFID | B19: 参考ID | C19: Char | D19: 25 | G19: 可有 | I19: SDTM | J19: =ROW()-13 -> 6 | K19: 内部或外部的ECG标识符。例如:UUID。
A20: EGSPID | B20: 自定义标识符 | C20: Char | D20: 25 | F20: CRF Page 39 | G20: 可有 | H20: =HYPERLINK("#EGTEST!A1","转换定义参考EGTEST表") -> 转换定义参考EGTEST表 | I20: SDTM | J20: =ROW()-13 -> 7 | K20: 申办者定义的参考编号。可能作为明确的行号预先设定在CRF上,或者被定义在申办者操作数据库中。例如:ECG页面中的行号。
A21: EGTESTCD | B21: 检查项简称 | C21: Char | D21: 8 | E21: (EGTESTCD) | F21: 指定 | G21: 必需 | H21: =HYPERLINK("#EGTEST!A1","转换定义参考EGTEST表") -> 转换定义参考EGTEST表 | I21: SDTM | J21: =ROW()-13 -> 8 | K21: 在EGTEST中描述的测量、检测或检查的简称。可以用作数据集从纵向格式转化为横向格式时的列名。EGTESTCD的值不得超过8个字符,不能以数字开头(例如:"1TEST"是无效的)。EGTESTCD不能包含除字母、数字或下划线之外的字符。例如:PRMEAN,QTMEAN。
A22: EGTEST | B22: 检查项名称 | C22: Char | D22: 40 | E22: (EGTEST) | F22: CRF Page 39 | G22: 必需 | H22: =HYPERLINK("#EGTEST!A1","转换定义参考EGTEST表") -> 转换定义参考EGTEST表 | I22: SDTM | J22: =ROW()-13 -> 9 | K22: 用于获得测量或发现的检测或检查的字面名称。EGTEST的值不得超过40个字符。例如:Summary(Mean)PR Duration,Summary(Mean)QT Duration。
A23: EGCAT | B23: 类别 | C23: Char | D23: 100 | E23: * | G23: 可有 | I23: SDTM | J23: =ROW()-13 -> 10 | K23: 用于受试者之间的心电图记录归类。例如:检测(MEASUREMENT)、发现(FINDING)、间隔(INTERVAL)。
A24: EGSCAT | B24: 子类 | C24: Char | D24: 100 | E24: * | G24: 可有 | I24: SDTM | J24: =ROW()-13 -> 11 | K24: 心电图的进一步分类。
A25: EGPOS | B25: 体位 | C25: Char | D25: 40 | E25: (POSITION) | G25: 可有 | I25: SDTM | J25: =ROW()-13 -> 12 | K25: 在测量或检查时受试者的体位。例如:仰卧、站立、坐。
A26: EGORRES | B26: 原始结果 | C26: Char | D26: 200 | F26: CRF Page 39 | G26: 期望 | H26: =HYPERLINK("#EGTEST!A1","转换定义参考EGTEST表") -> 转换定义参考EGTEST表 | I26: SDTM | J26: =ROW()-13 -> 13 | K26: 原始接收或采集的心电图检查结果或发现。例如:当结果是间隔或检测值时,期望值为62或0.151;或当结果时发现时,值为"心房颤动"或"QT间期延长"。
A27: EGORRESU | B27: 原始单位 | C27: Char | D27: 20 | E27: (UNIT) | F27: CRF Page 39 | G27: 可有 | H27: =HYPERLINK("#EGTEST!A1","转换定义参考EGTEST表") -> 转换定义参考EGTEST表 | I27: SDTM | J27: =ROW()-13 -> 14 | K27: 数据采集的原始单位。EGORRES的计量单位。例如:秒、毫秒。
A28: EGSTRESC | B28: 标准化结果 | C28: Char | D28: 200 | E28: (EGSTRESC) | F28: 衍生 | G28: 期望 | H28: =HYPERLINK("#EGTEST!A1","转换定义参考EGTEST表") -> 转换定义参考EGTEST表 | I28: SDTM | J28: =ROW()-13 -> 15 | K28: 包含所有发现的结果,由EGORRES中拷贝或衍生成标准化格式或标准化单位。EGSTRESC应以字符型格式储存所有结果;如果结果是数值型的,也应以数值格式储存在EGSTRESN中。例如:如果一个试验的结果在EGORRES中值为"NONE"、"NEG"和"NEGATIVE",它们实际代表同一个意思,可以在EGSTRESC中表现为标准格式"NEGATIVE"。其他例子可以参照常规假设。更多结果数据的示例有:窦性心动过缓、心房扑动、心房颤动。
A29: EGSTRESN | B29: 标准化结果(N) | C29: Num | F29: 衍生 | G29: 可有 | H29: =HYPERLINK("#EGTEST!A1","转换定义参考EGTEST表") -> 转换定义参考EGTEST表 | I29: SDTM | J29: =ROW()-13 -> 16 | K29: 连续型或数值型的结果或发现的标准化格式;由EGSTRESC以数值型格式复制。EGSTRSEN应储存所有的数值型检测结果或发现。
A30: EGSTRESU | B30: 标准化单位 | C30: Char | D30: 20 | E30: (UNIT) | F30: 衍生 | G30: 可有 | H30: =HYPERLINK("#EGTEST!A1","转换定义参考EGTEST表") -> 转换定义参考EGTEST表 | I30: SDTM | J30: =ROW()-13 -> 17 | K30: 应用于EGSTRESC和EGSTRESN的标准化单位。
A31: EGSTAT | B31: 未做状态 | C31: Char | D31: 10 | E31: (ND) | F31: CRF Page 39 | G31: 可有 | H31: =HYPERLINK("#EGTEST!A1","转换定义参考EGTEST表") -> 转换定义参考EGTEST表 | I31: SDTM | J31: =ROW()-13 -> 18 | K31: 用于指示心电图检查未完成,或未进行某项心电图测量,如果EGORRES中有结果,EGSTAT值应为空。
A32: EGREASND | B32: 未做原因 | C32: Char | D32: 200 | G32: 可有 | I32: SDTM | J32: =ROW()-13 -> 19 | K32: 描述检查或检测未执行的原因。例如:设备坏了或受试者拒绝。当EGSTAT值为"未完成"(NOT DONE)时配合使用。
A33: EGXFN | B33: 外部文件路径 | C33: Char | D33: 100 | I33: SDTM | J33: =ROW()-13 -> 20 | K33: 外部心电图波形文件的名称和路径。
A34: EGNAM | B34: 实验室/供应商名称 | C34: Char | D34: 40 | G34: 可有 | I34: SDTM | J34: =ROW()-13 -> 21 | K34: 提供检查结果的实验室或供应商名称或标识符。
A35: EGLEAD | B35: 导联 | C35: Char | D35: 50 | G35: 可有 | I35: SDTM | J35: =ROW()-13 -> 22 | K35: 测量的主要位置,如:V1,V6,aVR,Ⅰ,Ⅱ,Ⅲ。
A36: EGMETHOD | B36: 检查方法 | C36: Char | D36: 100 | E36: (EGMETHOD) | G36: 可有 | I36: SDTM | J36: =ROW()-13 -> 23 | K36: 心电图的检要方法。例如:标准12-导联。
A37: EGBLFL | B37: 基线标帜 | C37: Char | D37: 3 | E37: (NY) | F37: 衍生 | G37: 期望 | H37: 如果是给药前的最后一次非空测量则 EGBLFL ="是"; | I37: SDTM | J37: =ROW()-13 -> 24 | K37: 用于确定基线值的标识符。结果应为是(Y)或空值(null)。
A38: EGDRVFL | B38: 衍生标帜 | C38: Char | D38: 3 | E38: (NY) | G38: 可有 | I38: SDTM | J38: =ROW()-13 -> 25 | K38: 用于标识衍生记录。值应为是(Y)或空值(null)。这些需要为递交数据集衍生的记录,示例有:表示其他记录的平均值的记录,或不是来源于CRF,也不是原始采集或接收到的记录,如果EGDRVFL=Y,则EGORRES应为空值,EGSTRESC和EGSTRESN(如果有数值型)为衍生值。
A39: EGEVAL | B39: 评估者 | C39: Char | D39: 100 | E39: * | G39: 可有 | I39: SDTM | J39: =ROW()-13 -> 26 | K39: 评估者的角色,仅用于主观结果(例如,由个人或小组确定的)。对于包含采集或衍生数据的记录,值应为空。例如:研究者、仲裁委员会、供应商。
A40: VISITNUM | B40: 访视编号 | C40: Num | F40: 指定 | G40: 期望 | H40: =HYPERLINK("#VISIT!A1","转换定义参考VISIT表") -> 转换定义参考VISIT表 | I40: SDTM | J40: =ROW()-13 -> 27 | K40: 1.临床访视号。2.访视(VISIT)的数值型版本,用于排序。
A41: VISIT | B41: 访视名称 | C41: Char | D41: 100 | F41: 指定 | G41: 可有 | H41: =HYPERLINK("#VISIT!A1","转换定义参考VISIT表") -> 转换定义参考VISIT表 | I41: SDTM | J41: =ROW()-13 -> 28 | K41: 1.方案定义的临床访视描述。2.可作为VISITNUM和/或VISITDY的补充。
A42: VISITDY | B42: 计划访视日 | C42: Num | G42: 可有 | I42: SDTM | J42: =ROW()-13 -> 29 | K42: 基于人口学数据中 RFSTDTC的计划访视研究日
A43: EGDTC | B43: 检查日期/时间 | C43: Char | D43: 20 | E43: ISO 8601 | F43: CRF Page 39 | G43: 期望 | H43: =HYPERLINK("#EGTEST!A1","转换定义参考EGTEST表") -> 转换定义参考EGTEST表 | I43: SDTM | J43: =ROW()-13 -> 30 | K43: 心电图的日期。
A44: EGDY | B44: 检查日 | C44: Num | F44: 衍生 | G44: 可有 | H44: 计算EGDY = (数值型EGDTC - 数值型DM.RFSTDTC). 注意:加 1 如果计算结果大于等于0. | I44: SDTM | J44: =ROW()-13 -> 31 | K44: 1.心电图的研究日,以整数天形式度量。2.计算方法必须基于申办方定义在人口学域中的变量RFSTDTC。
A45: EGTPT | B45: 计划时点名称 | C45: Char | D45: 100 | G45: 可有 | I45: SDTM | J45: =ROW()-13 -> 32 | K45: 1.检查时间的文本描述。2.可表示为距离固定参考点的时间,如最后一次给药时间。请参阅EGTPTNUM和EGTPTREF。示例:开始,五分钟后。
A46: EGTPTNUM | B46: 计划时间点编号 | C46: Num | G46: 可有 | I46: SDTM | J46: =ROW()-13 -> 33 | K46: EGTPT的数值型版本,用于排序。
A47: EGELTM | B47: 距离参照时点计划时间 | C47: Char | D47: 20 | E47: ISO 8601 | G47: 可有 | I47: SDTM | J47: =ROW()-13 -> 34 | K47: 距离固定参照时间点(EGTPTREF)的计划时间(ISO 8601 格式)。不是时钟或日期时间型变量。显示为ISO 8601 的时间段。例如:"-PT15M"代表EGTPTREF指示的参考点之前15分钟时间段,"PT8H"代表EGTPTREF指示的参考点之后8小时时间段。
A48: EGTPTREF | B48: 参照时点 | C48: Char | D48: 100 | G48: 可有 | I48: SDTM | J48: =ROW()-13 -> 35 | K48: EGELTM,EGTPTNUM和EGTPT引用的固定参考点的名称。例如:前次剂量(PREVIOUS DOSE)、前次进食(PEVIOUS MEAL)。
A49: EGRFTDTC | B49: 参照时点日期/时间 | C49: Char | D49: 20 | E49: ISO 8601 | G49: 可有 | I49: SDTM | J49: =ROW()-13 -> 36 | K49: 参照时点EGTPTREF的日期/时间。
A50: EGSN | B50: 检查序号 | C50: Char | D50: 200 | F50: CRF Page 39 | H50: =HYPERLINK("#EGTEST!A1","转换定义参考EGTEST表") -> 转换定义参考EGTEST表 | I50: SUPP | J50: =ROW()-13 -> 37
A51: EGDESC | B51: 临床意义异常描述 | C51: Char | D51: 200 | F51: CRF Page 39 | H51: =HYPERLINK("#EGTEST!A1","转换定义参考EGTEST表") -> 转换定义参考EGTEST表 | I51: SUPP | J51: =ROW()-13 -> 38
A52: EGCOM | B52: 备注 | C52: Char | D52: 200 | F52: CRF Page 39 | H52: =HYPERLINK("#EGTEST!A1","转换定义参考EGTEST表") -> 转换定义参考EGTEST表 | I52: SUPP | J52: =ROW()-13 -> 39
A54: CONTENT

Sheet EGTEST
A1: RAWDATA | B1: 转换定义 | C1: EGSPID | D1: EGTEST | E1: EGTESTCD | F1: EGORRES | G1: EGORRESU | H1: EGSTRESC | I1: EGSTRESN | J1: EGSTRESU | K1: EGSTAT | L1: EGDTC | M1: EGSN | N1: EGDESC | O1: EGCOM
A2: EG, EG_DE | B2: 如果EG.EGYN="2" | D2: ="12导联心电图检查" | E2: ="EGALL" | I2: EGSTRESC的数值型结果. | K2: ="未查"
B3: 如果EG.EGYN="1" | D3: ="心率" | E3: 以下列表显示为<变量名称> = <测试代码>: EGHR = HR. | F3: =EG_DE.EGHR | G3: ="次/分钟" | H3: =EGORRES | I3: EGSTRESC的数值型结果. | J3: =EGORRESU | L3: 用"T"连接EG.EGDAT和EG_DE.EGTIM
D4: ="QT 间期" | E4: 以下列表显示为<变量名称> = <测试代码>: EGQT = QT. | F4: =EG_DE.EGQT | G4: ="ms" | I4: EGSTRESC的数值型结果. | L4: 用"T"连接EG.EGDAT和EG_DE.EGTIM
D5: ="QTcF" | E5: 以下列表显示为<变量名称> = <测试代码>: EGQTCF = QTCF. | F5: =EG_DE.EGQTCF | G5: ="ms" | I5: EGSTRESC的数值型结果. | L5: 用"T"连接EG.EGDAT和EG_DE.EGTIM
D6: ="QTcF 均值" | E6: '以下列表显示为<变量名称> = <测试代码>: EGQTCFM=QTCFM | F6: =EG. EGQTCFM | G6: ="ms" | I6: EGSTRESC的数值型结果. | L6: EG.EGDAT
C7: =EG_DE.SN | D7: ="整体评估" | E7: '以下列表显示为<变量名称> = <测试代码>: QTCLSIG=QTCLSIG | F7: 如果EG. QTCLSIG="1"则EGORRES="正常"; 如果EG. QTCLSIG="2"则EGORRES="异常,无临床意义"; 如果EG. QTCLSIG="3"则EGORRES="异常,有临床意义"; | L7: EG.EGDAT | M7: =EG_DE.EGSN | N7: 如果EG. QTCLSIG="2"或者EG. QTCLSIG="3"则EGDESC=EG.QTDESC | O7: =EG.EGCOM
A9: =HYPERLINK("#EG!A1","EG") -> EG

Sheet EX
A1: EX Domain Mapping Specifications
A2: 方案编号: | D2: =CONTENT!$B$3 -> XXXXX
A3: SDTM 版本: | D3: =CONTENT!$B$4 -> 3.2
A4: SDTM 数据集描述: | D4: =CONTENT!$B$18 -> 暴露
A5: SDTM 数据集结构: | D5: =CONTENT!$C$18 -> 每个受试者每个研究药物每个用法一条记录
A6: 程序名称: | D6: =CONTENT!$D$18 -> ex.sas
A7: 常规观测分类: | D7: =CONTENT!$E$18 -> 干预
A8: 数据来源: | D8: =CONTENT!$F$18 -> EX, SDTM.DM
A9: 关键变量: | D9: =CONTENT!$G$18 -> STUDYID, USUBJID, EXTRT, EXSTDTC, EXENDTC
A10: 排序变量: | D10: =CONTENT!$H$18 -> STUDYID, USUBJID, EXTRT, EXSTDTC, EXENDTC
A11: 提取规则: | D11: =CONTENT!$I$18 -> EX.EXYN="1"
A13: 变量名称 | B13: 变量标签 | C13: 类型 | D13: 长度 | E13: 受控术语或格式 | F13: 来源 | G13: 核心类别 | H13: 转换定义 | I13: 变量类型 | J13: 变量顺序 | K13: 定义注释
A14: STUDYID | B14: 研究标识符 | C14: Char | D14: 20 | F14: 指定 | G14: 必需 | H14: QL1706-101 | I14: SDTM | J14: =ROW()-13 -> 1 | K14: 研究的唯一标识符。
A15: DOMAIN | B15: 域名缩写 | C15: Char | D15: 2 | E15: EX | F15: 指定 | G15: 必需 | H15: EX | I15: SDTM | J15: =ROW()-13 -> 2 | K15: 两字符域名缩写。
A16: USUBJID | B16: 受试者唯一标识符 | C16: Char | D16: 30 | F16: 衍生 | G16: 必需 | H16: 通过 "-" 连接 STUDYID, SITEID, SUBJID. (例:QL1706-101-01-01001). | I16: SDTM | J16: =ROW()-13 -> 3 | K16: 同一产品的所有申请或递交的研究中受试者的唯一标识符。
A17: EXSEQ | B17: 序号 | C17: Num | F17: 衍生 | G17: 必需 | H17: 按照变量 STUDYID, USUBJID, EXSTDTC排序. 在每个USUBJID开始的时候用1开始重新编号 (循环地排序). | I17: SDTM | J17: =ROW()-13 -> 4 | K17: 序号,确保数据集内一个受试者(或参数,例如试验概要域)的记录的唯一性。 可以是任何有效数字。
A18: EXGRPID | B18: 组合ID | C18: Char | D18: 25 | G18: 可有 | I18: SDTM | J18: =ROW()-13 -> 5 | K18: 用来关联域内同一受试者的一组相关记录
A19: EXREFID | B19: 参考ID | C19: Char | D19: 25 | G19: 可有 | I19: SDTM | J19: =ROW()-13 -> 6 | K19: 内部或者外部标识(例如, 试剂号,瓶标签,药瓶标识)。
A20: EXSPID | B20: 自定义标识符 | C20: Char | D20: 25 | G20: 可有 | I20: SDTM | J20: =ROW()-13 -> 7 | K20: 申办方定义的标识符。 可能被预先打印在 CRF 上作为一个 明确的标识符,或者被定义在申办方的操作数据集中。 例 如:在病例报告表页面上的行标识符。
A21: EXLNKID | B21: 链接ID | C21: Char | D21: 25 | G21: 可有 | I21: SDTM | J21: =ROW()-13 -> 8 | K21: 关联域之间相关记录的标识符。
A22: EXLNKGRP | B22: 链接组合ID | C22: Char | D22: 25 | G22: 可有 | I22: SDTM | J22: =ROW()-13 -> 9 | K22: 关联域之间一组记录的标识符。
A23: EXTRT | B23: 治疗名称 | C23: Char | D23: 200 | E23: * | F23: CRF Page 47 | G23: 必需 | H23: ="QL1706注射液". | I23: SDTM | J23: =ROW()-13 -> 10 | K23: 在给药期间,方案定义的用于观察的研究治疗名称。
A24: EXCAT | B24: 类别 | C24: Char | D24: 100 | E24: * | G24: 可有 | I24: SDTM | J24: =ROW()-13 -> 11 | K24: 用于定义治疗名称的类别。
A25: EXSCAT | B25: 子类 | C25: Char | D25: 100 | E25: * | G25: 可有 | I25: SDTM | J25: =ROW()-13 -> 12 | K25: 对治疗类别的进一步分类。
A26: EXDOSE | B26: 单次剂量 | C26: Num | F26: CRF Page 47 | G26: 期望 | H26: =EX.EXPDOS的数值型 | I26: SDTM | J26: =ROW()-13 -> 13 | K26: EXTRT 数值型给药量。 当 EXDOSTXT 有值时,不需要赋值。
A27: EXDOSTXT | B27: 单次剂量描述 | C27: Char | D27: 100 | G27: 可有 | I27: SDTM | J27: =ROW()-13 -> 14 | K27: 非数值型EXTRT 用量。 给药量或以文本形式采集的剂量范围的信息。 例如:200-400。 当EXDOSE有值时,不需要赋值。
A28: EXDOSU | B28: 剂量单位 | C28: Char | D28: 20 | E28: (UNIT) | F28: CRF Page 47 | G28: 期望 | H28: ="mg". | I28: SDTM | J28: =ROW()-13 -> 15 | K28: EXDOSE,EXDOSTOT或方案定义值的EXDOSTXT 的单位。 例如:纳克(ng),毫克(mg),毫克/千克(mg/kg),毫克/平方(mg/m2)。
A29: EXDOSFRM | B29: 剂型 | C29: Char | D29: 20 | E29: (FRM) | F29: CRF Page 47 | G29: 期望 | H29: ="液体". | I29: SDTM | J29: =ROW()-13 -> 16 | K29: EXTRT的剂型。 例如:片剂,洗液。
A30: EXDOSFRQ | B30: 频率 | C30: Char | D30: 20 | E30: (FREQ) | G30: 可有 | I30: SDTM | J30: =ROW()-13 -> 17 | K30: 通常表示为特定间隔期间重复给药的次数。例如:每2小时一次(Q2H),每日一次(QD),每天两次(BID)。
A31: EXDOSRGM | B31: 计划给药方案 | C31: Char | D31: 100 | G31: 可有 | I31: SDTM | J31: =ROW()-13 -> 18 | K31: 适用于干预的预定安排或方案的文本描述。 例如:给药两周,停药两周。
A32: EXROUTE | B32: 给药途径 | C32: Char | D32: 20 | E32: (ROUTE) | F32: CRF Page 47 | G32: 可有 | H32: ="静脉注射". | I32: SDTM | J32: =ROW()-13 -> 19 | K32: 给药途径。 例如:口服,静脉注射。
A33: EXLOT | B33: 批号 | C33: Char | D33: 50 | G33: 可有 | I33: SDTM | J33: =ROW()-13 -> 20 | K33: EXTRT批号
A34: EXLOC | B34: 给药部位 | C34: Char | D34: 40 | E34: (LOC) | G34: 可有 | I34: SDTM | J34: =ROW()-13 -> 21 | K34: 说明给药部位。 例如:手臂,嘴唇。
A35: EXLAT | B35: 偏侧 | C35: Char | D35: 40 | E35: (LAT) | G35: 可有 | I35: SDTM | J35: =ROW()-13 -> 22 | K35: 在解剖学位置上进一步修饰给药部位的偏侧 。 例如:左,右。
A36: EXDIR | B36: 方位 | C36: Char | D36: 40 | E36: (DIR) | G36: 可有 | I36: SDTM | J36: =ROW()-13 -> 23 | K36: 在解剖学位置上进一步修饰给药的方向,例如:前, 下, 近, 上。
A37: EXFAST | B37: 是否空腹 | C37: Char | D37: 10 | E37: (NY) | G37: 可有 | I37: SDTM | J37: =ROW()-13 -> 24 | K37: 用来定于空腹的状态。 例如:是,否。
A38: EXADJ | B38: 剂量调整原因 | C38: Char | D38: 200 | E38: * | G38: 可有 | I38: SDTM | J38: =ROW()-13 -> 25 | K38: 描述或解释了剂量调整的原因。
A39: EPOCH | B39: 时期 | C39: Char | D39: 100 | E39: (EPOCH) | F39: 指定 | G39: 可有 | H39: ="治疗期" | I39: SDTM | J39: =ROW()-13 -> 26 | K39: 药物暴露记录的试验时段,例如:进入期,治疗期。
A40: EXSTDTC | B40: 开始日期/时间 | C40: Char | D40: 20 | E40: ISO 8601 | F40: CRF Page 47 | G40: 期望 | H40: 通过"T"连接EX.EXDAT和EX.EXSTTIM. | I40: SDTM | J40: =ROW()-13 -> 27 | K40: 由 EXTRT和 EXDOSU 体现的治疗开始日期和时间。
A41: EXENDTC | B41: 结束日期/时间 | C41: Char | D41: 20 | E41: ISO 8601 | F41: CRF Page 47 | G41: 期望 | H41: 通过"T"连接EX.EXDAT和EX.EXENTIM. | I41: SDTM | J41: =ROW()-13 -> 28 | K41: 由 EXTRT和 EXDOSE 体现的治疗结束的日期和时间。对于在某一时间点给药(例如,口给药片,预充注射器注射)的情况,只会采集给药日期/时间,作为一种标准表示方法,EXSTDTC 应该被复制到EXENDTC。
A42: EXSTDY | B42: 开始日 | C42: Num | F42: 衍生 | G42: 可有 | H42: 计算EXSTDY = (数值型EXSTDTC - 数值型DM.RFSTDTC). 注意: 加 1 如果计算结果大于等于0. | I42: SDTM | J42: =ROW()-13 -> 29 | K42: 与申办方定义的RFSTDTC相关的治疗开始的研究日。
A43: EXENDY | B43: 结束日 | C43: Num | F43: 衍生 | G43: 可有 | H43: 计算EXENDY = (数值型EXENDTC - 数值型DM.RFSTDTC). 注意: 加 1 如果计算结果大于等于0. | I43: SDTM | J43: =ROW()-13 -> 30 | K43: 治疗结束的研究日,表示为相对于申办方定义的RFSTDTC的整天数。
A44: EXDUR | B44: 持续时间 | C44: Char | D44: 40 | E44: ISO 8601 | G44: 可有 | I44: SDTM | J44: =ROW()-13 -> 31 | K44: 采集的治疗持续时间及单位。仅用于病例报告表采集而非衍生的信息。
A45: EXTPT | B45: 计划时点名称 | C45: Char | D45: 100 | G45: 可有 | I45: SDTM | J45: =ROW()-13 -> 32 | K45: 1. 应该给药时间点的文字描述。2. 这个变量可被表述为与固定参照点相比较的持续时间,例如最后一次给药时间。参见 EXTPTNUM 和 EXTPTREF
A46: EXTPTNUM | B46: 计划时点编号 | C46: Num | G46: 可有 | I46: SDTM | J46: =ROW()-13 -> 33 | K46: EXTPT数值版本,以帮助排序。
A47: EXELTM | B47: 距离参照时点计划时间 | C47: Char | D47: 20 | E47: ISO 8601 | G47: 可有 | I47: SDTM | J47: =ROW()-13 -> 34 | K47: 距离固定的计划时间参照点(EXTPTREF)的持续时间(用ISO 8601格式),这个变量重复测量的时候很有用。不是钟表时间或日期/时间变量。用ISO持续时间格式来表示。
A48: EXTPTREF | B48: 参照时点 | C48: Char | D48: 100 | G48: 可有 | I48: SDTM | J48: =ROW()-13 -> 35 | K48: EXELTM, EXTPTNUM和EXTPT所提到的固定时间参照点的名称。例如:之前的剂量,之前的进餐。
A49: EXRFTDTC | B49: 参照时点日期/时间 | C49: Char | D49: 20 | E49: ISO 8601 | G49: 可有 | I49: SDTM | J49: =ROW()-13 -> 36 | K49: 一个由EXTPTREF确定的参照时点的ISO 8601字符格式的日期/时间。
A51: CONTENT

Sheet FA
A1: FA Domain Mapping Specifications
A2: 方案编号: | D2: =CONTENT!$B$3 -> XXXXX
A3: SDTM 版本: | D3: =CONTENT!$B$4 -> 3.2
A4: SDTM 数据集描述: | D4: =CONTENT!$B$19 -> 事件或干预相关发现
A5: SDTM 数据集结构: | D5: =CONTENT!$C$19 -> 每个受试者每个访视每个时间点每个对象每次发现一条记录
A6: 程序名称: | D6: =CONTENT!$D$19 -> fa.sas
A7: 常规观测分类: | D7: =CONTENT!$E$19 -> 发现
A8: 数据来源: | D8: =CONTENT!$F$19 -> AH, FH, TH, UNSO_DE, DH, SDTM.DM, SDTM.SE
A9: 关键变量: | D9: =CONTENT!$G$19 -> STUDYID, USUBJID, FAOBJ, FATESTCD, VISITNUM, FASPID
A10: 排序变量: | D10: =CONTENT!$H$19 -> STUDYID, USUBJID, FAOBJ, FATESTCD, VISITNUM, FASPID
A11: 提取规则: | D11: =CONTENT!$I$19 -> ALL
A13: 变量名称 | B13: 变量标签 | C13: 类型 | D13: 长度 | E13: 受控术语或格式 | F13: 来源 | G13: 核心类别 | H13: 转换定义 | I13: 变量类型 | J13: 变量顺序 | K13: 定义注释
A14: STUDYID | B14: 研究标识符 | C14: Char | D14: 20 | F14: 指定 | G14: 必需 | H14: QL1706-101 | I14: SDTM | J14: =ROW()-13 -> 1 | K14: 研究的唯一标识符。
A15: DOMAIN | B15: 域名缩写 | C15: Char | D15: 2 | E15: FA | F15: 指定 | G15: 必需 | H15: FA | I15: SDTM | J15: =ROW()-13 -> 2 | K15: 两字符域名缩写。
A16: USUBJID | B16: 受试者唯一标识符 | C16: Char | D16: 30 | F16: 衍生 | G16: 必需 | H16: 通过 "-" 连接 STUDYID, SITEID和SUBJID。 (例:QL1706-101-01-01001)。 | I16: SDTM | J16: =ROW()-13 -> 3 | K16: 同一产品的所有申报或递交的研究中,受试者的唯一标识符。
A17: FASEQ | B17: 序号 | C17: Num | F17: 衍生 | G17: 必需 | H17: 按照变量 STUDYID, USUBJID, FAOBJ, FATESTCD, VISITNUM, FASPID排序。在每个USUBJID开始的时候用1重新开始编号 (循环地排序)。 | I17: SDTM | J17: =ROW()-13 -> 4 | K17: 序号,确保记录在数据集里的唯一性。可以是任何有效的数字。
A18: FAGRPID | B18: 组合ID | C18: Char | D18: 25 | G18: 可有 | I18: SDTM | J18: =ROW()-13 -> 5 | K18: 用来关联域内同一个受试者的一组相关记录。
A19: FASPID | B19: 自定义标识符 | C19: Char | D19: 25 | F19: CRF Pages 13 15 78 | G19: 可有 | H19: 转换定义参考FATEST表 | I19: SDTM | J19: =ROW()-13 -> 6 | K19: 申办者自定义的参考序号。也许作为明确的行号被预先打印在CRF上,或者被定义在申办者的操作数据库中。例如:CRF中的行号。
A20: FATESTCD | B20: 评估项简称 | C20: Char | D20: 8 | E20: (FATESTCD) | F20: 指定 | G20: 必需 | H20: 转换定义参考FATEST表 | I20: SDTM | J20: =ROW()-13 -> 7 | K20: FATEST中描述的测量、测试或检查的简称。将数据集从纵向转为横向格式时,可以用作列的名称。 FATESTCD值不能超过8个字符,也不能以数字开始(例如"1TEST")。FATESTCD不能包含字母、数字或下划线之外的字符。例如:SEV和OCCUR。
A21: FATEST | B21: 评估项名称 | C21: Char | D21: 40 | E21: (FATEST) | F21: CRF Pages 7 8 13 15 78 | G21: 必需 | H21: 转换定义参考FATEST表 | I21: SDTM | J21: =ROW()-13 -> 8 | K21: 用于获取测量结果或发现的测试或检验的名称。FATEST 的值不能多于40 字符。例如:严重程度/强度,是否发生。
A22: FAOBJ | B22: 观测对象 | C22: Char | D22: 100 | F22: CRF Pages 7 13 15 78 | G22: 必需 | H22: 转换定义参考FATEST表 | I22: SDTM | J22: =ROW()-13 -> 9 | K22: 用于描述由--TEST 表示的发现观测的对象或要点。例如:一种临床体征或症状(如痤疮),其描述通过严重程度检查得到,或一个事件如呕吐,其呕吐量是通过容量检查得到的。
A23: FACAT | B23: 类别 | C23: Char | D23: 100 | E23: * | F23: CRF Pages 7 8 13 15 78 | G23: 可有 | H23: 转换定义参考FATEST表 | I23: SDTM | J23: =ROW()-13 -> 10 | K23: 用于定义相关记录的分类。 例如:胃食管反流病, 预先定义的AE。
A24: FASCAT | B24: 子类 | C24: Char | D24: 100 | E24: * | G24: 可有 | I24: SDTM | J24: =ROW()-13 -> 11 | K24: FACAT 的进一步分类。
A25: FAORRES | B25: 原始结果 | C25: Char | D25: 200 | F25: CRF Pages 7 8 13 15 78 | G25: 期望 | H25: 转换定义参考FATEST表 | I25: SDTM | J25: =ROW()-13 -> 12 | K25: 原始接收或采集到的测试结果。
A26: FAORRESU | B26: 原始单位 | C26: Char | D26: 20 | E26: (UNIT) | G26: 可有 | I26: SDTM | J26: =ROW()-13 -> 13 | K26: 数据采集的原始单位。FAORRES的单位。
A27: FASTRESC | B27: 标准化结果 | C27: Char | D27: 200 | F27: 衍生 | G27: 期望 | H27: =FAORRES | I27: SDTM | J27: =ROW()-13 -> 14 | K27: 包含所有发现的结果,从 FAORRES中复制或衍生得到并转为标准格式或标准单位。FASTRESC应以字符形式存储所有结果或发现;如果结果是数值,则也必需以数字格式存储在FASTRESN中。例如,如果试验在FAORRES中有结果"NONE","NEG"和"NEGATIVE",这些结果有相同的意义;它们应以标准格式在 FASTRESC中表示为"NEGATIVE"。
A28: FASTRESN | B28: 标准化结果(N) | C28: Num | G28: 可有 | I28: SDTM | J28: =ROW()-13 -> 15 | K28: 连续型或数值型的结果或发现的标准化格式;由FASTRESC以数值型格式复制。FASTRESN应储存所有数值型的检查结果或发现。
A29: FASTRESU | B29: 标准化单位 | C29: Char | D29: 20 | E29: (UNIT) | G29: 可有 | I29: SDTM | J29: =ROW()-13 -> 16 | K29: 用于FASTRESC和FASTRESN的标准化单位。
A30: FASTAT | B30: 未做状态 | C30: Char | D30: 10 | E30: (ND) | G30: 可有 | I30: SDTM | J30: =ROW()-13 -> 17 | K30: 用于表示测量未完成。如果FAORRES中存在结果,该变量应该为空值。
A31: FAREASND | B31: 未做原因 | C31: Char | D31: 200 | G31: 可有 | I31: SDTM | J31: =ROW()-13 -> 18 | K31: 描述问题未回答的原因。例如:受试者拒绝。当FASTAT值为未完成(NOT DONE)时与FASTAT合用。
A32: FALOC | B32: 部位 | C32: Char | D32: 40 | E32: (LOC) | G32: 可有 | I32: SDTM | J32: =ROW()-13 -> 19 | K32: 用于指明临床评估的部位。 例如:手臂。
A33: FALAT | B33: 偏侧 | C33: Char | D33: 40 | E33: (LAT) | G33: 可有 | I33: SDTM | J33: =ROW()-13 -> 20 | K33: 解剖位置或标本进一步限定侧向的修饰语。例如: 右侧,左侧,双侧。
A34: FABLFL | B34: 基线标帜 | C34: Char | D34: 3 | E34: (NY) | F34: 指定 | G34: 可有 | H34: 如果给药前最后一次测量值非空,FABLFL="是"。 注意: 对于FACAT="其他计划外检查"不设置基线。 | I34: SDTM | J34: =ROW()-13 -> 21 | K34: 用于标识基线的标识符。其值应为Y或者空值。
A35: FAEVAL | B35: 评估者 | C35: Char | D35: 100 | E35: (EVAL) | G35: 可有 | I35: SDTM | J35: =ROW()-13 -> 22 | K35: 评估者的角色。仅用于主观结果时(例如,由某人或某团体确定)。 对于采集或衍生数据的记录应该为空值。例如:研究者、仲裁委员会、供应商。
A36: VISITNUM | B36: 访视编号 | C36: Num | F36: 指定 | G36: 期望 | H36: 转换定义参考VISIT表 | I36: SDTM | J36: =ROW()-13 -> 23 | K36: 1.临床访视号 2.访视(VISIT)的数值型版本,用于排序。
A37: VISIT | B37: 访视名称 | C37: Char | D37: 100 | F37: 指定 | G37: 可有 | H37: 转换定义参考VISIT表 | I37: SDTM | J37: =ROW()-13 -> 24 | K37: 1.方案定义的临床访视描述。2.可作为VISITNUM 和/或VISITDY的补充
A38: VISITDY | B38: 计划访视日 | C38: Num | G38: 可有 | I38: SDTM | J38: =ROW()-13 -> 25 | K38: 基于人口学数据中 RFSTDTC 的计划访视研究日
A39: FADTC | B39: 采集日期/时间 | C39: Char | D39: 20 | E39: ISO 8601 | F39: CRF Page 78 | G39: 可有 | H39: 转换定义参考FATEST表 | I39: SDTM | J39: =ROW()-13 -> 26
A40: FADY | B40: 采集日 | C40: Num | F40: 衍生 | G40: 可有 | H40: 计算FADY = (数值型FADTC - 数值型DM.RFSTDTC)。 注意:加 1 如果计算结果大于等于0。 | I40: SDTM | J40: =ROW()-13 -> 27 | K40: 1.数据采集或测量的研究日,以整日的形式来度量。2.算法必需与申办者在人口学域中定义的RFSTDTC 变量相关。计算公式在递交中应该是一致的。
A42: CONTENT

Sheet FATEST
A1: RAW DATA | B1: FASPID | C1: FATESTCD | D1: FATEST | E1: FAOBJ | F1: FACAT | G1: FAORRES | H1: FADTC | I1: FAOROTH
A2: TH | C2: ="THTNM" | D2: ="是否适用TNM分期" | E2: ="TNM分期" | F2: ="肿瘤病史" | G2: 当TH.THTNM="1"时,FAORRES="是"; 当TH.THTNM="2"时,FAORRES="否".
C3: ="THTNMT" | D3: ="现阶段TNM-T分期" | G3: 当TH.THTNMT="1"时,FAORRES="X"; 当TH.THTNMT="2"时,FAORRES="0"; 当TH.THTNMT="3"时,FAORRES="is"; 当TH.THTNMT="4"时,FAORRES="1"; 当TH.THTNMT="5"时,FAORRES="2"; 当TH.THTNMT="6"时,FAORRES="3"; 当TH.THTNMT="7"时,FAORRES="4"; 当TH.THTNMT="8"时,FAORRES="其他"; 当TH.THTNMT="9"时,FAORRES="不详". | I3: TH.TNMTOTH
C4: ="THTNMN" | D4: ="现阶段TNM-N分期" | G4: 当TH.THTNMN="1"时,FAORRES="X"; 当TH.THTNMN="2"时,FAORRES="0"; 当TH.THTNMN="3"时,FAORRES="1"; 当TH.THTNMN="4"时,FAORRES="2"; 当TH.THTNMN="5"时,FAORRES="3"; 当TH.THTNMN="6"时,FAORRES="其他"; 当TH.THTNMN="7"时,FAORRES="不详" | I4: TH.TNMNOTH
C5: ="THTNMM" | D5: ="现阶段TNM-M分期" | G5: 当TH.THTNMM="1"时,FAORRES="X"; 当TH.THTNMM="2"时,FAORRES="0"; 当TH.THTNMM="3"时,FAORRES="1"; 当TH.THTNMM="4"时,FAORRES="其他"; 当TH.THTNMM="5"时,FAORRES="不详". | I5: TH.TNMMOTH
C6: ="THSTAOTH" | D6: ="现阶段其他分期" | G6: TH.THSTAOTH
C7: ="THCLSTA" | D7: ="现阶段临床分期" | G7: 当TH.THCLSTA="1"时,FAORRES="0期"; 当TH.THCLSTA="2"时,FAORRES="I期"; 当TH.THCLSTA="3"时,FAORRES="II期"; 当TH.THCLSTA="4"时,FAORRES="III期"; 当TH.THCLSTA="5"时,FAORRES="IV期"; 当TH.THCLSTA="6"时,FAORRES="不详"; 当TH.THCLSTA="99"时,FAORRES="其他". | I7: TH.CLSTAOTH
C8: ="THCDAT" | D8: ="现阶段分期确诊日期" | G8: TH.THCDAT 注意:使用ISO 8601 format.
C9: ="THLOC" | D9: ="原发灶部位" | E9: ="病灶" | G9: TH.THLOC
C10: ="THMET" | D10: ="是否有转移病灶" | G10: 当TH.THMET="1"时,FAORRES="是"; 当TH.THMET="2"时,FAORRES="否".
C11: ="METDAT" | D11: ="首次确定转移日期" | G11: TH.METDAT 注意:使用ISO 8601 format.
C12: ="METCAT" | D12: ="转移病灶类型" | G12: METCAT | I12: TH.METOTH
C13: ="METBRA" | D13: ="脑转移情况" | G13: 当TH.METBRA="1"时,FAORRES="无症状性脑转移"; 当TH.METBRA="2"时,FAORRES="有症状性脑转移经过治疗且稳定超过4周"; 当TH.METBRA="99"时,FAORRES="其他". | I13: TH.BRAOTH
A14: AH | B14: AH.SN 如果是个位数,前缀加0. | C14: ="AHYN" | D14: ="是否有过敏史" | E14: ="过敏史" | F14: ="过敏史" | G14: 当AH.YN="1"时,FAORRES="是"; 当AH.YN="2"时,FAORRES="否".
C15: ="AHKYN" | D15: ="是否已知过敏原" | G15: 当AH.AHKYN="1"时,FAORRES="是"; 当AH.AHKYN="2"时,FAORRES="否".
C16: ="AHDESC" | D16: ="过敏原" | G16: AH.AHDESC
A17: FH | B17: FH.SN 如果是个位数,前缀加0. | C17: ="FHYN" | D17: ="是否有家族史" | E17: ="家族史情况" | F17: ="家族史" | G17: 当FH.YN="1"时,FAORRES="是"; 当FH.YN="2"时,FAORRES="否".
C18: ="FHTERM" | D18: ="疾病名称" | G18: FH.FHTERM
C19: ="FHREL" | D19: ="家族中患者与受试者关系" | G19: 当FH.FHREL="1"时,FAORRES="祖父母/外祖父母"; 当FH.FHREL="2"时,FAORRES="父母"; 当FH.FHREL="3"时,FAORRES="兄弟姐妹"; 当FH.FHREL="4"时,FAORRES="子女"; 当FH.FHREL="99"时,FAORRES="其他". | I19: TH.FHOTH
A20: UNSO_DE | B20: UNSO_DE.SN 如果是个位数,前缀加0. | C20: ="OTHTEST" | D20: ="其他计划外检查" | E20: =UNSO.DE_UNSOTEST | F20: ="其他计划外检查" | G20: UNSO_DE.UNSORES | H20: UNSO_DE.UNSODAT
A21: DH | C21: ="DHYN" | D21: ="是否存在既往肿瘤药物治疗史" | E21: ="既往肿瘤药物治疗史" | F21: ="既往肿瘤药物治疗史" | G21: 当DH.YN="1"时,FAORRES="是"; 当DH.YN="2"时,FAORRES="否".
A24: FA

Sheet HO
A1: HO Domain Mapping Specifications
A2: 方案编号: | D2: =CONTENT!$B$3 -> XXXXX
A3: SDTM 版本: | D3: =CONTENT!$B$4 -> 3.2
A4: SDTM 数据集描述: | D4: =CONTENT!$B$20 -> 就诊事件
A5: SDTM 数据集结构: | D5: =CONTENT!$C$20 -> 每个受试者每例次就诊事件一条记录
A6: 程序名称: | D6: =CONTENT!$D$20 -> ho.sas
A7: 常规观测分类: | D7: =CONTENT!$E$20 -> 事件
A8: 数据来源: | D8: =CONTENT!$F$20 -> XXXX
A9: 关键变量: | D9: =CONTENT!$G$20 -> STUDYID, USUBJID, HOTERM, HOSTDTC
A10: 排序变量: | D10: =CONTENT!$H$20 -> STUDYID, USUBJID, HOTERM, HOSTDTC
A11: 提取规则: | D11: =CONTENT!$I$20 -> XXXX
A13: 变量名称 | B13: 变量标签 | C13: 类型 | D13: 长度 | E13: 受控术语或格式 | F13: 来源 | G13: 核心类别 | H13: 转换定义 | I13: 变量类型 | J13: 变量顺序 | K13: 定义注释
A14: STUDYID | B14: 研究标识符 | C14: Char | D14: 20 | G14: 必需 | I14: SDTM | J14: =ROW()-13 -> 1 | K14: 研究的唯一标识符。
A15: DOMAIN | B15: 域名缩写 | C15: Char | D15: 2 | E15: HO | G15: 必需 | I15: SDTM | J15: =ROW()-13 -> 2 | K15: 两字符域名缩写。
A16: USUBJID | B16: 受试者唯一标识符 | C16: Char | D16: 30 | G16: 必需 | I16: SDTM | J16: =ROW()-13 -> 3 | K16: 同一产品的所有申请或递交的研究中受试者的唯一标识符。
A17: HOSEQ | B17: 序号 | C17: Num | G17: 必需 | I17: SDTM | J17: =ROW()-13 -> 4 | K17: 序号,确保记录在域中的唯一性。可以是任何有效数字。
A18: HOGRPID | B18: 组合ID | C18: Char | D18: 25 | G18: 可有 | I18: SDTM | J18: =ROW()-13 -> 5 | K18: 用来关联域内同一个受试者的一组相关记录。
A19: HOREFID | B19: 参考ID | C19: Char | D19: 25 | G19: 可有 | I19: SDTM | J19: =ROW()-13 -> 6 | K19: 内部或外部就诊标识符。
A20: HOSPID | B20: 自定义标识符 | C20: Char | D20: 25 | G20: 可有 | I20: SDTM | J20: =ROW()-13 -> 7 | K20: 申办者定义的参考编号。可能作为显式行标识符预先设定在CRF上,或者被定义在申办者操作数据库中。例如:CRF就诊事件页上的行号。
A21: HOTERM | B21: 就诊事件报告名称 | C21: Char | D21: 200 | G21: 必需 | I21: SDTM | J21: =ROW()-13 -> 8 | K21: 就诊事件的描述或预先打印在CRF上的就诊术语。
A22: HODECOD | B22: 标准化名称 | C22: Char | D22: 200 | E22: * | G22: 可有 | I22: SDTM | J22: =ROW()-13 -> 9 | K22: 从词典中获得或申办者定义的关于HOTERM的文字描述,或者被修改的主题变量(HOMODIFY)。
A23: HOCAT | B23: 类别 | C23: Char | D23: 100 | E23: * | G23: 可有 | I23: SDTM | J23: =ROW()-13 -> 10 | K23: 用于定义主题变量值的分类。
A24: HOSCAT | B24: 子类 | C24: Char | D24: 100 | E24: * | G24: 可有 | I24: SDTM | J24: =ROW()-13 -> 11 | K24: HOCAT的进一步分类。
A25: HOPRESP | B25: 预设 | C25: Char | D25: 10 | E25: (NY) | G25: 可有 | I25: SDTM | J25: =ROW()-13 -> 12 | K25: 用"Y"表示在CRF表上事先定义的的某次就诊情况。对于报告自然发生的事件取值为空(即那些以自由文本记录的事件)。
A26: HOOCCUR | B26: 是否发生 | C26: Char | D26: 10 | E26: (NY) | G26: 可有 | I26: SDTM | J26: =ROW()-13 -> 13 | K26: 用于在发生特定的就诊事件时用于记录发生就诊与否。对于患者自发汇报事件,其值为空。
A27: HOSTAT | B27: 未做状态 | C27: Char | D27: 10 | E27: (ND) | G27: 可有 | I27: SDTM | J27: =ROW()-13 -> 14 | K27: 这个状态是指预先定义在CRF上的就诊事件没有被回答。
A28: HOREASND | B28: 未做原因 | C28: Char | D28: 200 | G28: 可有 | I28: SDTM | J28: =ROW()-13 -> 15 | K28: 描述某项事先定义的事件未被采集的原因。 当HOSTAT取值为"未完成"时和 HOSTAT一起使用。
A29: HODTC | B29: 采集日期/时间 | C29: Char | D29: 20 | E29: ISO 8601 | G29: 可有 | I29: SDTM | J29: =ROW()-13 -> 16 | K29: 采集医疗保健的日期和时间。
A30: HOSTDTC | B30: 开始日期/时间 | C30: Char | D30: 20 | E30: ISO 8601 | G30: 期望 | I30: SDTM | J30: =ROW()-13 -> 17 | K30: 就诊事件开始日期/时间(例如:入院时间)。
A31: HOENDTC | B31: 结束日期/时间 | C31: Char | D31: 20 | E31: ISO 8601 | G31: 可有 | I31: SDTM | J31: =ROW()-13 -> 18 | K31: 就诊事件结束日期/时间(出院日期)。
A32: HODY | B32: 采集日 | C32: Num | G32: 可有 | I32: SDTM | J32: =ROW()-13 -> 19 | K32: 和申办方定义的RFSTDTC对应的事件采集的研究日。
A33: HOSTDY | B33: 开始日 | C33: Num | G33: 可有 | I33: SDTM | J33: =ROW()-13 -> 20 | K33: 与申办者定义的RFSTDTC相关的开始就诊的研究日。
A34: HOENDY | B34: 结束日 | C34: Num | G34: 可有 | I34: SDTM | J34: =ROW()-13 -> 21 | K34: 就诊事件研究结束日期的研究日,与研究方定义的RFSTDTC有关。
A35: HODUR | B35: 持续时间 | C35: Char | D35: 40 | E35: ISO 8601 | G35: 可有 | I35: SDTM | J35: =ROW()-13 -> 22 | K35: 采集的就诊持续时间。只用于采集CRF上的,而不是从开始结束日期/时间的衍生。例:P1DT2H(1天 2小时)。
A36: HOSTRTPT | B36: 开始时间-相对参照时点 | C36: Char | D36: 20 | E36: (STENRF) | G36: 可有 | I36: SDTM | J36: =ROW()-13 -> 23 | K36: 标识观测的开始是在由申办者定义在变量--STTPT中的参照时间点之前或之后。
A37: HOSTTPT | B37: 开始时间的参照时点 | C37: Char | D37: 100 | G37: 可有 | I37: SDTM | J37: =ROW()-13 -> 24 | K37: 一段描述或ISO 8601字符格式的日期/时间,该日期/时间为申办者定义的参考STRTPT的时间点。例如:"2003-12-15"或者"访视 1"。
A38: HOENRTPT | B38: 结束时间-相对参照时点 | C38: Char | D38: 20 | E38: (STENRF) | G38: 可有 | I38: SDTM | J38: =ROW()-13 -> 25 | K38: 发现事件的结束是在申办方通过—HOENTPT定义的参照时间点,之前还是之后。
A39: HOENTPT | B39: 结束时间的参照时点 | C39: Char | D39: 100 | G39: 可有 | I39: SDTM | J39: =ROW()-13 -> 26 | K39: 用ISO 8601字符格式描述日期/时间,对应由HOENRTPT定义的参照点。例:"2003-12-25"或"VISIT 2"。
A42: CONTENT

Sheet IE
A1: IE Domain Mapping Specifications
A2: 方案编号: | D2: =CONTENT!$B$3 -> XXXXX
A3: SDTM 版本: | D3: =CONTENT!$B$4 -> 3.2
A4: SDTM 数据集描述: | D4: =CONTENT!$B$21 -> 不满足的入选/排除标准
A5: SDTM 数据集结构: | D5: =CONTENT!$C$21 -> 每个受试者每条不符合的入选/排除标准一条记录
A6: 程序名称: | D6: =CONTENT!$D$21 -> ie.sas
A7: 常规观测分类: | D7: =CONTENT!$E$21 -> 发现
A8: 数据来源: | D8: =CONTENT!$F$21 -> IE,IE1,IE2,SDTM.DM
A9: 关键变量: | D9: =CONTENT!$G$21 -> STUDYID, USUBJID, IECAT,IETESTCD
A10: 排序变量: | D10: =CONTENT!$H$21 -> STUDYID, USUBJID, IECAT,IETESTCD
A11: 提取规则: | D11: =CONTENT!$I$21 -> IE.IEYN=‘2’
A13: 变量名称 | B13: 变量标签 | C13: 类型 | D13: 长度 | E13: 受控术语或格式 | F13: 来源 | G13: 核心类别 | H13: 转换定义 | I13: 变量类型 | J13: 变量顺序 | K13: 定义注释
A14: STUDYID | B14: 研究标识符 | C14: Char | D14: 20 | F14: 指定 | G14: 必需 | H14: QL1706-101 | I14: SDTM | J14: =ROW()-13 -> 1 | K14: 研究的唯一标识符。
A15: DOMAIN | B15: 域名缩写 | C15: Char | D15: 2 | E15: IE | F15: 指定 | G15: 必需 | H15: IE | I15: SDTM | J15: =ROW()-13 -> 2 | K15: 两字符域名缩写。
A16: USUBJID | B16: 受试者唯一标识符 | C16: Char | D16: 30 | F16: 衍生 | G16: 必需 | H16: 通过 "-" 连接 STUDYID, SITEID, SUBJID (例:QL1706-101-01-01001). | I16: SDTM | J16: =ROW()-13 -> 3 | K16: 同一产品的所有申请或递交的研究中受试者的唯一标识符。
A17: IESEQ | B17: 序号 | C17: Num | F17: 衍生 | G17: 必需 | H17: 按照变量 STUDYID, USUBJID, IETESTCD排序. .在每个USUBJID开始的时候用1开始重新编号 (循环地排序). | I17: SDTM | J17: =ROW()-13 -> 4 | K17: 序号,确保记录在域中的唯一性。可以是任何有效数字。
A18: IESPID | B18: 自定义标识符 | C18: Char | D18: 25 | F18: CRF Pages 41 42 43 44 | G18: 可有 | H18: =HYPERLINK("#IETEST!A1","转换定义参考IETEST表") -> 转换定义参考IETEST表 | I18: SDTM | J18: =ROW()-13 -> 5 | K18: 申办者定义的参考编号。可能作为明确的行号预先设定在CRF上,或者被定义在申办者操作的数据库中。例如:CRF上的入选排除标准号。
A19: IETESTCD | B19: 入选/排除标准简称 | C19: Char | D19: 8 | E19: * | F19: CRF Pages 41 42 43 44 | G19: 必需 | H19: =HYPERLINK("#IETEST!A1","转换定义参考IETEST表") -> 转换定义参考IETEST表 | I19: SDTM | J19: =ROW()-13 -> 6 | K19: IETEST中描述的标准的简称。不得超过8个字符,不能以数字开头(例如:"1TEST"是无效的)。IETESTCD不能包含除字母、数字或下划线之外的字符。例如:IN01,EX01。
A20: IETEST | B20: 入选/排除标准 | C20: Char | D20: 200 | F20: CRF Pages 41 42 43 44 | G20: 必需 | H20: =HYPERLINK("#IETEST!A1","转换定义参考IETEST表 ") -> 转换定义参考IETEST表 | I20: SDTM | J20: =ROW()-13 -> 7 | K20: 研究中的病人违背的入选或排除标准的字面描述。IETEST的值不能超过200个字符。
A21: IECAT | B21: 类别 | C21: Char | D21: 100 | E21: (IECAT) | F21: CRF Pages 41 42 43 44 | G21: 必需 | H21: =HYPERLINK("#IETEST!A1","转换定义参考IETEST表") -> 转换定义参考IETEST表 | I21: SDTM | J21: =ROW()-13 -> 8 | K21: 用来定义受试者间相关记录的种类。
A22: IESCAT | B22: 子类 | C22: Char | D22: 100 | E22: * | G22: 可有 | I22: SDTM | J22: =ROW()-13 -> 9 | K22: 违背标准的进一步分类。可用于区分子研究的标准,或者将违背的标准分类为主要和次要。例如:主要、次要。
A23: IEORRES | B23: 原始结果 | C23: Char | D23: 10 | E23: (NY) | F23: CRF Pages 41 42 43 44 | G23: 必需 | H23: =[IE1].IEORRES.[IE2].IEORRES. 当IECAT='入选标准': ="否",如果IE1.IEORRES ="2"; 当IECAT='排除标准': ="是",如果IE2.IEORRES="1"; | I23: SDTM | J23: =ROW()-13 -> 10 | K23: 入选/排除标准问题的原始回答。是否满足入选或排除标准?
A24: IESTRESC | B24: 标准化结果 | C24: Char | D24: 10 | E24: (NY) | F24: 衍生 | G24: 必需 | H24: 与IEORRES相同 | I24: SDTM | J24: =ROW()-13 -> 11 | K24: 入选/排除标准结果的标准格式。
A25: VISITNUM | B25: 访视编号 | C25: Num | F25: 指定 | G25: 可有 | H25: =HYPERLINK("#VISIT!A1","转换定义参考VISIT表") -> 转换定义参考VISIT表 | I25: SDTM | J25: =ROW()-13 -> 12 | K25: 1. 临床访视号 2. 访视(VISIT)的数值型版本,用于排序
A26: VISIT | B26: 访视名称 | C26: Char | D26: 100 | F26: 指定 | G26: 可有 | H26: =HYPERLINK("#VISIT!A1","转换定义参考VISIT表") -> 转换定义参考VISIT表 | I26: SDTM | J26: =ROW()-13 -> 13 | K26: 1. 方案定义的临床访视描述。 2. 可作为 VISITNUM 和/或 VISITDY的补充 。
A27: VISITDY | B27: 计划访视日 | C27: Num | G27: 可有 | I27: SDTM | J27: =ROW()-13 -> 14 | K27: 基于人口学数据中 RFSTDTC的计划访视研究日。
A28: IEDTC | B28: 采集日期/时间 | C28: Char | D28: 20 | E28: ISO 8601 | G28: 可有 | I28: SDTM | J28: =ROW()-13 -> 15
A29: IEDY | B29: 采集日 | C29: Num | G29: 可有 | I29: SDTM | J29: =ROW()-13 -> 16 | K29: 1. 采集入选/排除违背的研究日,以整数天形式度量。 2. 计算方法必须基于申办方定义在人口学域中的变量RFSTDTC。 这个公式应在递交中保持一致。
A30: IETEST1 | B30: 入选/排除标准 1 | C30: Char | D30: 200 | F30: Protocol | H30: 根据Protocol保留标准的前1-200个字符 | I30: SUPP | J30: =ROW()-13 -> 17
A31: IETEST2 | B31: 入选/排除标准 2 | C31: Char | D31: 200 | F31: Protocol | H31: 根据Protocol保留标准的前201-400个字符 | I31: SUPP | J31: =ROW()-13 -> 18
A32: IETEST3 | B32: 入选/排除标准 3 | C32: Char | D32: 200 | F32: Protocol | H32: 根据Protocol保留标准的前401-600个字符 | I32: SUPP | J32: =ROW()-13 -> 19
A33: IETEST4 | B33: 入选/排除标准 4 | C33: Char | D33: 200 | F33: Protocol | H33: 根据Protocol保留标准的前601-800个字符 | I33: SUPP | J33: =ROW()-13 -> 20
A35: CONTENT

Sheet IETEST
A1: Raw Data | B1: IECAT | C1: IESPID | D1: IETESTCD | E1: IETEST | F1: Conversion Definition | G1: Full Text | H1: TIVERS
A2: IE1 | B2: 入选标准 | C2: 01 | D2: INC01 | E2: 受试者自愿参加,并签署知情同意书。 | G2: 受试者自愿参加,并签署知情同意书。 | H2: V1.0
C3: 02 | D3: INC02 | E3: 签署知情同意书时年龄≥18周岁,男女不限。 | G3: 签署知情同意书时年龄≥18周岁,男女不限。 | H3: V1.0
C4: 03 | D4: INC03 | E4: 东部肿瘤协作组(ECOG)体力状况评分0-1。 | G4: 东部肿瘤协作组(ECOG)体力状况评分0-1。 | H4: V1.0
C5: 04 | D5: INC04 | E5: 预期生存期≥3个月。 | G5: 预期生存期≥3个月。 | H5: V1.0
C6: 05 | D6: INC05 | E6: 首次使用研究药物前重要器官的功能水平必须符合要求(获得实验室检查前7天内不允许使用任何血液成分、细胞生长因子、升白药、升血小板药等)。 | G6: 首次使用研究药物前重要器官的功能水平必须符合下列要求(获得实验室检查前7天内不允许使用任何血液成分、细胞生长因子、升白药、升血小板药等)。 a) 中性粒细胞绝对计数≥1.5×109/L。 b) 血小板≥100×109/L。 c) 血红蛋白≥90 g/L。 d) 血清白蛋白≥30 g/L。 e) AST和ALT≤2.5×正常参考值上限(ULN)(肝癌或存在肝转移时,≤5×ULN)。 f) 总胆红素≤1.5×ULN。 g) 血清肌酐≤1.5×ULN,如果患者肌酐水平>1.5×ULN,则用Cockcroft-Gault方程计算的肌酐清除率(CLcr)≥30 mL/min。 h) 心脏左室射血分数(LVEF)>50%。 | H6: V1.0
C7: 06 | D7: INC06 | E7: 受试者(包括女性和男性)同意从签署知情同意书起至末次使用研究药物后180天采用有效的避孕措施避孕。育龄期女性不能处于妊娠期或哺乳期。 | G7: 受试者(包括女性和男性)同意从签署知情同意书起至末次使用研究药物后180天采用有效的避孕措施避孕。育龄期女性不能处于妊娠期或哺乳期。 | H7: V1.0
C8: 07 | D8: INC07 | E8: 首次使用研究药物前从既往抗癌治疗的所有可逆性AE中恢复(≤1级,CTCAE v5.0),不包括脱发和≤2级的周围感觉神经病变、低镁血症或淋巴细胞减少症。 | G8: 首次使用研究药物前,从既往抗癌治疗的所有可逆性AE中恢复(即≤1级,根据CTCAE v5.0),不包括脱发(任何等级)和≤2级的周围感觉神经病变、低镁血症或淋巴细胞减少症。发生其他异常但无临床意义的毒性的受试者,在经申办方和研究者讨论和批准后,方可入组。 | H8: V1.0
C9: 07A | D9: INC07A | E9: 首次使用研究药物前从既往抗癌治疗的可逆性AE中恢复(≤1级,CTCAE v5.0),不含脱发和≤2级周围感觉神经病变、低镁血症或淋巴细胞减少症等其他AE。 | G9: 首次使用研究药物前,从既往抗癌治疗的所有可逆性AE中恢复(即≤1级,根据CTCAE v5.0),不包括脱发(任何等级)和≤2级的周围感觉神经病变、低镁血症或淋巴细胞减少症以及其他AE(即经研究者和/或申办方评估后认为受试者接受研究治疗获益将会大于风险的AE)。 | H9: V1.2
C10: 08 | D10: INC08 | E10: 病理确认的晚期恶性肿瘤患者、且标准治疗失败或缺乏有效治疗方法。 | G10: 病理确认的晚期恶性肿瘤患者、且标准治疗失败或缺乏有效治疗方法。 | H10: V1.0
C11: 09 | D11: INC09 | E11: 实体瘤需满足标准:根据RECIST v1.1,有影像学可测量病灶(或有可评价病灶),既往接受过放疗或其他局部治疗后出现明确的影像学进展的肿瘤病灶。 | G11: 若为实体瘤,需满足以下标准:根据RECIST v1.1,有影像学可测量病灶(参加剂量递增试验的受试者若没有可测量病灶,但有可评价病灶也可入组),既往接受过放疗(或其他局部治疗)后出现明确的影像学进展的肿瘤病灶视为可测量病灶。 | H11: V1.0
A12: IE2 | B12: 排除标准 | C12: 01 | D12: EXC01 | E12: 已知既往或目前患有自身免疫性疾病,几种特殊情况除外。 | G12: 已知既往或目前患有自身免疫性疾病,包括但不限于Crohn’s病、溃疡性结肠炎、系统性红斑狼疮、类风湿关节炎、下垂体炎、自身免疫性肝炎、系统性硬化病(硬皮病等)、Graves'病、桥本氏甲状腺炎(例外情况见下文)、自身免疫性血管炎、自身免疫性神经病变(Guillain-Barre综合征)等。但下列情况除外:激素替代治疗稳定的甲状腺功能减退症(包括自身免疫性甲状腺病导致的甲状腺功能减退症),既往患有儿童特应性哮喘或过敏但已缓解且成人后无需任何干预,白癜风、斑秃,或过去2年内无需系统治疗的银屑病。 | H12: V1.0
C13: 02 | D13: EXC02 | E13: 既往发生过与抗肿瘤免疫治疗相关的3级或4级免疫相关不良事件。 | G13: 既往发生过与抗肿瘤免疫治疗相关的3级或4级免疫相关不良事件。 | H13: V1.0
C14: 03 | D14: EXC03 | E14: 签署知情同意前存在有症状的CNS转移性疾病、软脑膜疾病或脊髓压迫。 | G14: 签署知情同意前存在有症状的CNS转移性疾病、软脑膜疾病或脊髓压迫。有CNS转移者经过治疗且稳定≥4周,并且在首次使用研究药物前已经停用全身性激素(任何剂量)治疗＞2周者可以纳入。 | H14: V1.0
C15: 04 | D15: EXC04 | E15: 根据研究者的判断,有严重的危害患者安全、或影响患者完成研究的伴随疾病,如控制不佳的高血压、严重的糖尿病、甲状腺疾病等。 | G15: 根据研究者的判断,有严重的危害患者安全、或影响患者完成研究的伴随疾病,如控制不佳的高血压(收缩压≥160mmHg和/或舒张压≥100mmHg,或需要2种及以上药物进行治疗)、严重的糖尿病、甲状腺疾病等。 | H15: V1.0
C16: 05 | D16: EXC05 | E16: 既往长期使用全身性皮质类固醇(>10 mg/日泼尼松或当量)或其他免疫抑制;首次使用研究药物前14天内,计划使用皮质类固醇或其他免疫抑制。 | G16: 既往存在长期使用全身性皮质类固醇(>10 mg/日泼尼松或当量)或其他免疫抑制药物治疗的疾病;首次使用研究药物前14天内,有计划使用皮质类固醇(>10 mg/日泼尼松或当量)或其他免疫抑制药物者。允许局部使用皮质类固醇、鼻喷剂和吸入性类固醇。允许使用全身性皮质类固醇预防造影剂过敏。 | H16: V1.0
C17: 06 | D17: EXC06 | E17: 既往接受过CTLA-4抑制剂联合PD-1抑制剂,或CTLA-4抑制剂联合PD-L1抑制剂治疗。 | G17: 既往接受过CTLA-4抑制剂联合PD-1抑制剂,或CTLA-4抑制剂联合PD-L1抑制剂治疗。 | H17: V1.0
C18: 07 | D18: EXC07 | E18: 首次给药前<2周的放疗和小分子靶向治疗、≤4周的药物治疗(包括化疗、单克隆抗体等)、≤8周的基于细胞的治疗或抗肿瘤疫苗。 | G18: 系统性抗肿瘤治疗如本研究药物首次给药前<2周的放疗和小分子靶向治疗、≤4周的药物治疗(包括化疗、单克隆抗体等)、≤8周的基于细胞的治疗或抗肿瘤疫苗。 | H18: V1.0
C19: 08 | D19: EXC08 | E19: 首次使用研究药物前28天内接受了大型手术,且未从手术并发症中完全恢复。 | G19: 首次使用研究药物前28天内接受了大型手术,且未从手术并发症中完全恢复。 | H19: V1.0
C20: 09 | D20: EXC09 | E20: 异体造血干细胞移植史或器官移植史(角膜移植除外)。 | G20: 异体造血干细胞移植史或器官移植史(角膜移植除外)。 | H20: V1.0
C21: 10 | D21: EXC10 | E21: 首次使用研究药物前14天内需要静脉给予抗生素﹥7天治疗的全身性感染或其他严重感染。 | G21: 首次使用研究药物前14天内需要静脉给予抗生素﹥7天治疗的全身性感染或其他严重感染。 | H21: V1.0
C22: 11 | D22: EXC11 | E22: HIV阳性患者,或乙肝表面抗原(HBsAg)阳性且乙肝病毒的脱氧核糖核酸(HBV DNA)≥2000 IU/ml或10^4拷贝数/ml者,或活动性丙型肝炎者。 | G22: HIV阳性患者,或乙肝表面抗原(HBsAg)阳性且乙肝病毒的脱氧核糖核酸(HBV DNA)≥2000 IU/ml或10^4拷贝数/ml者,或活动性丙型肝炎者。 | H22: V1.0
C23: 12 | D23: EXC12 | E23: 以下有任一:首次给药前6个月内急性心肌梗死、III级或IV级心力衰竭;控制不良的心血管疾病;首次给药前QTcF均值>450 ms(男)或>470 ms(女)。 | G23: 排除具有以下任一心血管疾病的受试者。 a) 研究药物首次给药前6个月内发生的急性心肌梗死、患有纽约心脏协会III级或IV级心力衰竭。 b) 当前具有控制不良的心血管疾病,包括心绞痛、肺动脉高压或心电图提示急性缺血或心脏传导系统异常。 c) 研究药物首次给药前,12导联ECG显示QT间期(QTcF)均值>450 ms(男性)或>470 ms(女性)。 | H23: V1.0
C24: 13 | D24: EXC13 | E24: 既往或目前患有间质性肺病。 | G24: 既往或目前患有间质性肺病。 | H24: V1.0
... C30: 19 | D30: EXC19 | E30: 使用研究药物前28天内曾参加其他临床研究并使用了其他临床研究药物者。 | G30: 使用研究药物前28天内曾参加其他临床研究并使用了其他临床研究药物者。 | H30: V1.0
A32: =HYPERLINK("#IE!A1","IE") -> IE
A34: TI

Sheet IS
A1: IS Domain Mapping Specifications
A2: 方案编号: | D2: =CONTENT!$B$3 -> XXXXX
A3: SDTM 版本: | D3: =CONTENT!$B$4 -> 3.2
A4: SDTM 数据集描述: | D4: =CONTENT!$B$22 -> 免疫原性检验
A5: SDTM 数据集结构: | D5: =CONTENT!$C$22 -> 每个受试者每个访视每个检测一条记录
A6: 程序名称: | D6: =CONTENT!$D$22 -> is.sas
A7: 常规观测分类: | D7: =CONTENT!$E$22 -> 发现
A8: 数据来源: | D8: =CONTENT!$F$22 -> ADA,ADAE,ADAU, SDTM.SE, ADA_DE, ADAE_DE, ADAU_DE SDTM.DM
A9: 关键变量: | D9: =CONTENT!$G$22 -> STUDYID, USUBJID, ISTESTCD, VISITNUM, ISTPTNUM, ISDTC
A10: 排序变量: | D10: =CONTENT!$H$22 -> STUDYID, USUBJID, ISTESTCD, VISITNUM, ISTPTNUM, ISDTC
A11: 提取规则: | D11: =CONTENT!$I$22 -> ALL
A13: 变量名称 | B13: 变量标签 | C13: 类型 | D13: 长度 | E13: 受控术语或格式 | F13: 来源 | G13: 核心类别 | H13: 转换定义 | I13: 变量类型 | J13: 变量顺序 | K13: 定义注释
A14: STUDYID | B14: 研究标识符 | C14: Char | D14: 20 | F14: 指定 | G14: 必需 | H14: QL1706-101 | I14: SDTM | J14: =ROW()-13 -> 1 | K14: 研究的唯一标识符。
A15: DOMAIN | B15: 域名缩写 | C15: Char | D15: 2 | E15: IS | F15: 指定 | G15: 必需 | H15: IS | I15: SDTM | J15: =ROW()-13 -> 2 | K15: 两字符域名缩写。
A16: USUBJID | B16: 受试者唯一标识符 | C16: Char | D16: 30 | F16: 衍生 | G16: 必需 | H16: 通过 "-" 连接 STUDYID, SITEID, SUBJID (例:QL1706-101-01-01001). | I16: SDTM | J16: =ROW()-13 -> 3 | K16: 同一产品的所有申请或递交的研究中受试者的唯一标识符。
A17: ISSEQ | B17: 序号 | C17: Num | F17: 衍生 | G17: 必需 | H17: 按照变量 STUDYID, USUBJID, ISTESTCD, VISITNUM, ISTPTNUM, ISDTC排序. 在每个USUBJID开始的时候用1开始重新编号 (循环地排序). | I17: SDTM | J17: =ROW()-13 -> 4 | K17: 序号,用于确保受试者记录在数据集里的唯一性。可以是任意有效数字。
A18: ISGRPID | B18: 组合ID | C18: Char | D18: 25 | G18: 可有 | I18: SDTM | J18: =ROW()-13 -> 5 | K18: 用于关联域内同一受试者的一组相关记录。
A19: ISREFID | B19: 参考ID | C19: Char | D19: 25 | G19: 可有 | I19: SDTM | J19: =ROW()-13 -> 6 | K19: 内部或外部样本标识符,例如:458975-01。
A20: ISSPID | B20: 自定义标识符 | C20: Char | D20: 25 | F20: CRF Pages 53 55 | G20: 可有 | H20: [ADA_DE]ADA_DE.SN [ADAU_DE]ADAU_DE.SN | I20: SDTM | J20: =ROW()-13 -> 7 | K20: 申办者自定义标识符。
A21: ISTESTCD | B21: 检测项简称 | C21: Char | D21: 8 | E21: * | F21: 指定 | G21: 必需 | H21: ='ADA' ='NAB' ='ADATITER' ="AQL1706" ="APD1" ="ACTLA4" ="NPD1" ="NCTLA4" ="ADAU" | I21: SDTM | J21: =ROW()-13 -> 8 | K21: 在 ISTEST 中描述的测量、试验或检查的简称。可以用作数据集从纵向格式转化为横向格式时的列名。ISTESTCD的值不得超过8个字符,不能以数字开头。ISTESTCD不能包含除字母、数字或下划线之外的字符。申办方应先查找LBTEST/LBTESTCD的实验受控术语,直到CDISC提供正式发布的受控术语。
A22: ISTEST | B22: 检测项名称 | C22: Char | D22: 40 | E22: * | F22: CRF Pages 53 54 55 | G22: 必需 | H22: ='ADA' ='NAB' ='ADA滴度' ="AQL1706" ="APD1" ="ACTLA4" ="NPD1" ="NCTLA4" ="ADAU" | I22: SDTM | J22: =ROW()-13 -> 9 | K22: 用于获得测量或发现的检测或检查的字面名称。ISTEST的值不能超过40个字符(例如:免疫球蛋白 E Immunoglobulin E)。申办方应先查找LBTEST/LBTESTCD的实验受控术语,直到CDISC提供正式发布的受控术语。
A23: ISCAT | B23: 类别 | C23: Char | D23: 100 | E23: * | F23: CRF Pages 53 54 55 | G23: 可有 | H23: [ADA_DE]'免疫原性' [ADAE_DE]'免疫原性治疗结束/随访' [ADAU_DE]'免疫原性计划外访视' | I23: SDTM | J23: =ROW()-13 -> 10 | K23: 用于对受试者之间的主题变量值进行分类。例如:血清学(SEROLOGY)。
A24: ISSCAT | B24: 子类 | C24: Char | D24: 100 | E24: * | F24: 衍生 | G24: 可有 | H24: ="ADA", 如果ISTEST="ADA", "NAB", "ADA滴度", "AQL1706", "APD1", "ACTLA4"; ="NAB", 如果ISTEST="NAB", 如果ISTEST="NPD1", "NCTLA4"; ="ADAU", 如果ISCAT="免疫原性计划外访视". | I24: SDTM | J24: =ROW()-13 -> 11 | K24: 对ISCAT的进一步分类。
A25: ISORRES | B25: 原始结果 | C25: Char | D25: 200 | F25: eDT | G25: 期望 | H25: 从外部数据可获得结果时填充结果 | I25: SDTM | J25: =ROW()-13 -> 12 | K25: 原始接受或采集的检查结果或发现。
A26: ISORRESU | B26: 原始单位 | C26: Char | D26: 20 | E26: (UNIT) | G26: 期望 | I26: SDTM | J26: =ROW()-13 -> 13 | K26: 数据采集的原始单位。ISORRES 的计量单位。例如:Index Value, gpELISA,unit/mL。
A27: ISSTRESC | B27: 标准化结果 | C27: Char | D27: 200 | F27: 衍生 | G27: 期望 | H27: =ISORRES | I27: SDTM | J27: =ROW()-13 -> 14 | K27: 包含所有发现的结果,由 ISORRES 中拷贝或衍生成标准化格式或标准化单位。ISSTRESC 应以字符型格式储存所有结果;如果结果是数值型的,也应以数值格式储存在 ISSTRESN 中。
A28: ISSTRESN | B28: 标准化结果(N) | C28: Num | G28: 期望 | I28: SDTM | J28: =ROW()-13 -> 15 | K28: 连续型或数值型的结果或发现的标准化格式;由ISSTRESC 以数值型格式复制。ISSTRESN 应储存所有的数值型检测结果或发现。
A29: ISSTRESU | B29: 标准化单位 | C29: Char | D29: 20 | E29: (UNIT) | G29: 期望 | I29: SDTM | J29: =ROW()-13 -> 16 | K29: 用于 ISSTRESC 和 ISSTRESN 的标准化单位。例如:Index Value, gpELISA, unit/mL。
A30: ISSTAT | B30: 未做状态 | C30: Char | D30: 10 | E30: (ND) | F30: 指定 | G30: 可有 | H30: [ADA_DE]="未查"如果ADA_DE.ADAYN='2' [ADAE_DE]="未查"如果ADAE_DE.ADAEYN='2' | I30: SDTM | J30: =ROW()-13 -> 17 | K30: 用于指示试验未完成。如果 ISORRES 中有结果,ISSTAT 值应为空。
A31: ISREASND | B31: 未做原因 | C31: Char | D31: 200 | F31: 指定 | G31: 可有 | H31: [ADA_DE]=ADA_DE.ADAREA 如果ADA_DE.ADAYN='2' [ADAE_DE]=如果ADAE_DE.ADAEREA"如果ADAE_DE.ADAEYN='2' | I31: SDTM | J31: =ROW()-13 -> 18 | K31: 描述检查或检测未执行的原因。 当 ISSTAT 值为"未做"(NOT DONE)时配合使用。
A32: ISNAM | B32: 实验室/供应商名称 | C32: Char | D32: 40 | G32: 可有 | I32: SDTM | J32: =ROW()-13 -> 19 | K32: 提供检测结果的实验室或供应商名称或标识符。
A33: ISSPEC | B33: 样本类型 | C33: Char | D33: 50 | E33: (SPECTYPE) | G33: 可有 | I33: SDTM | J33: =ROW()-13 -> 20 | K33: 定义用于检查的样本类型。例如:血清(SERUM)。
A34: ISMETHOD | B34: 检测方法 | C34: Char | D34: 100 | G34: 可有 | I34: SDTM | J34: =ROW()-13 -> 21 | K34: 检测方法。例如:ELISA, ELISPOT。
A35: ISBLFL | B35: 基线标帜 | C35: Char | D35: 3 | E35: (NY) | F35: 衍生 | G35: 可有 | H35: 如果是给药前的最后一条记录则ISBLFL = 是; 否则 ISBLFL = ' '. | I35: SDTM | J35: =ROW()-13 -> 22 | K35: 用于标识基线的标识符。其值应为 Y 或者空值。
A36: ISLLOQ | B36: 定量下限 | C36: Num | G36: 期望 | I36: SDTM | J36: =ROW()-13 -> 23 | K36: 指示一项化验的下限定量值。单位是那些用于ISSTRESU的单位。
A37: VISITNUM | B37: 访视编号 | C37: Num | F37: 指定 | G37: 期望 | H37: =HYPERLINK("#VISIT!A1","转换定义参考VISIT表") -> 转换定义参考VISIT表 | I37: SDTM | J37: =ROW()-13 -> 24 | K37: 1. 临床访视号 2. 访视(VISIT)的数值型版本,用于排序
A38: VISIT | B38: 访视名称 | C38: Char | D38: 100 | F38: 指定 | G38: 可有 | H38: =HYPERLINK("#VISIT!A1","转换定义参考VISIT表") -> 转换定义参考VISIT表 | I38: SDTM | J38: =ROW()-13 -> 25 | K38: 1. 方案定义的临床访视描述。2. 可作为 VISITNUM和/或VISITDY的补充
A39: VISITDY | B39: 计划访视日 | C39: Num | G39: 可有 | I39: SDTM | J39: =ROW()-13 -> 26 | K39: 基于人口学数据中RFSTDTC的计划访视研究日
A40: ISDTC | B40: 采集日期/时间 | C40: Char | D40: 20 | E40: ISO 8601 | F40: CRF Pages 53 | G40: 期望 | H40: [ADA_DE]ISO 8601格式连接ADA_DE.ADADAT,ADA_DE.ADATIM [ADAE_DE]]ISO 8601格式连接ADAE_DE.ADAEDAT,ADAE_DE.ADAETIM [ADAU_DE]]ISO 8601格式连接ADAU_DE.ADAUDAT,ADAU_DE.ADAUTIM | I40: SDTM | J40: =ROW()-13 -> 27 | K40: 观测的采集日期及时间,显示为 ISO 8601 格式。
A41: ISDY | B41: 采集日 | C41: Num | F41: 衍生 | G41: 可有 | H41: 计算 ISDY = (数值型ISDTC 的日期部分 - 数值型DM.RFSTDTC). 注意:加 1 如果计算结果大于等于0 | I41: SDTM | J41: =ROW()-13 -> 28 | K41: 访视/采集/检查的实际研究日,以整日的形式表达,与人口学数据中申办者定义的 RFSTDTC 变量有关。
A42: ISADAC | B42: 采集周期 | C42: Char | D42: 200 | F42: CRF Pages 53 55 | H42: [ADA]ADA.ADAC [ADAU]ADAU.ADAUC | I42: SUPP | J42: =ROW()-13 -> 29
A43: ISCOM | B43: 备注 | C43: Char | D43: 200 | F43: CRF Pages 53 54 55 | H43: [ADA_DE]ADA_DE.ADACOM [ADAE_DE]ADAE_DE.ADAECOM [ADAU_DE]ADAU_DE.ADAUCOM | I43: SUPP | J43: =ROW()-13 -> 30
A45: CONTENT

Sheet LB
A1: LB Domain Mapping Specifications
A2: 方案编号: | D2: =CONTENT!$B$3 -> XXXXX
A3: SDTM 版本: | D3: =CONTENT!$B$4 -> 3.2
A4: SDTM 数据集描述: | D4: =CONTENT!$B$23 -> 实验室检查
A5: SDTM 数据集结构: | D5: =CONTENT!$C$23 -> 每个受试者每个访视每个时间点每个实验室检查一条记录
A6: 程序名称: | D6: =CONTENT!$D$23 -> lb.sas
A7: 常规观测分类: | D7: =CONTENT!$E$23 -> 发现
A8: 数据来源: | D8: =CONTENT!$F$23 -> LB, LB_DE, VIR, VIR_DE, HBV, CCR, HCG, SDTM.DM, SDTM.SE
A9: 关键变量: | D9: =CONTENT!$G$23 -> STUDYID, USUBJID, VISITNUM, LBDTC, LBCAT, LBTESTCD
A10: 排序变量: | D10: =CONTENT!$H$23 -> STUDYID, USUBJID, VISITNUM, LBDTC, LBCAT, LBTESTCD
A11: 提取规则: | D11: =CONTENT!$I$23 -> ALL
A13: 变量名称 | B13: 变量标签 | C13: 类型 | D13: 长度 | E13: 受控术语或格式 | F13: 来源 | G13: 核心类别 | H13: 转换定义 | I13: 变量类型 | J13: 变量顺序 | K13: 定义注释
A14: STUDYID | B14: 研究标识符 | C14: Char | D14: 20 | F14: 指定 | G14: 必需 | H14: QL1706-101 | I14: SDTM | J14: =ROW()-13 -> 1 | K14: 研究的唯一标识符。
A15: DOMAIN | B15: 域名缩写 | C15: Char | D15: 2 | E15: LB | F15: 指定 | G15: 必需 | H15: LB | I15: SDTM | J15: =ROW()-13 -> 2 | K15: 两字符域名缩写。
A16: USUBJID | B16: 受试者唯一标识符 | C16: Char | D16: 30 | F16: 衍生 | G16: 必需 | H16: 通过 "-" 连接 STUDYID, SITEID, SUBJID. (例:QL1706-101-01-01001). | I16: SDTM | J16: =ROW()-13 -> 3 | K16: 同一产品的所有申请或递交的研究中受试者的唯一标识符。
A17: LBSEQ | B17: 序号 | C17: Num | F17: 衍生 | G17: 必需 | H17: 按照变量 STUDYID, USUBJID, VISITNUM, LBDTC, LBCAT, LBTESTCD排序. 在每个USUBJID开始的时候用1开始重新编号 (循环地排序). | I17: SDTM | J17: =ROW()-13 -> 4 | K17: 序号,用于确保受试者记录在数据集里的唯一性。可以是任意有效数字。
A18: LBGRPID | B18: 组合ID | C18: Char | D18: 25 | G18: 可有 | I18: SDTM | J18: =ROW()-13 -> 5 | K18: 用于关联域内同一受试者的一组相关记录。
A19: LBREFID | B19: 参考ID | C19: Char | D19: 25 | G19: 可有 | I19: SDTM | J19: =ROW()-13 -> 6 | K19: 内部或外部样本的标识符,例如:样本ID。
A20: LBSPID | B20: 自定义标识符 | C20: Char | D20: 25 | F20: CRF Pages18 19 20 21 30 31 32 33 34 35 36 37 | G20: 可有 | H20: =HYPERLINK("#LBTEST!A1","转换定义参考LBTEST表") -> 转换定义参考LBTEST表 | I20: SDTM | J20: =ROW()-13 -> 7 | K20: 申办者定义的参考编号。 可能作为明确的行号预先印刷在CRF上,或者被定义在申办者操作数据库中。 例如:实验室页上的行号。
A21: LBTESTCD | B21: 检测项简称 | C21: Char | D21: 8 | E21: (LBTESTCD) | F21: 指定 | G21: 必需 | H21: =HYPERLINK("#LBTEST!A1","转换定义参考LBTEST表") -> 转换定义参考LBTEST表 | I21: SDTM | J21: =ROW()-13 -> 8 | K21: 在LBTEST中描述的测量、试验或检查的简称。可以用作数据集从纵向格式转化为横向格式时的列名。LBTESTCD的值不得超过8个字符,不能以数字开头(例如:"1TEST"是无效的)。LBTESTCD不能包含除字母、数字或下划线之外的字符。例如:ALT,LDH。
A22: LBTEST | B22: 检测项名称 | C22: Char | D22: 40 | E22: (LBTEST) | F22: CRF Pages18 19 20 21 22 30 31 32 33 34 35 36 37 38 40 | G22: 必需 | H22: =HYPERLINK("#LBTEST!A1","转换定义参考LBTEST表") -> 转换定义参考LBTEST表 | I22: SDTM | J22: =ROW()-13 -> 9 | K22: 用于获得测量或发现的检测或检查的字面名称。注意,临床实验室正式完成的任何检测均被视为实验室检测。LBTEST的值不能超过 40个字符。例如:Alanine Aminotransferase, Lactate Dehydrogenase。
A23: LBCAT | B23: 类别 | C23: Char | D23: 100 | E23: * | F23: CRF Pages18 19 20 21 22 30 31 32 33 34 35 36 37 38 40 | G23: 期望 | H23: =HYPERLINK("#LBTEST!A1","转换定义参考LBTEST表") -> 转换定义参考LBTEST表 | I23: SDTM | J23: =ROW()-13 -> 10 | K23: 用于对受试者之间的相关记录进行分类。例如:血清学、尿分析、临床生化。
A24: LBSCAT | B24: 子类 | C24: Char | D24: 100 | E24: * | G24: 可有 | I24: SDTM | J24: =ROW()-13 -> 11 | K24: 实验类别的进一步分类,例如:分化、凝血、肝功能、或电解质。
A25: LBORRES | B25: 原始结果 | C25: Char | D25: 200 | F25: CRF Pages18 19 20 21 22 30 31 32 33 34 35 36 37 38 40 | G25: 期望 | H25: =HYPERLINK("#LBTEST!A1","转换定义参考LBTEST表") -> 转换定义参考LBTEST表 | I25: SDTM | J25: =ROW()-13 -> 12 | K25: 原始接收或采集的检查结果或发现。
A26: LBORRESU | B26: 原始单位 | C26: Char | D26: 20 | E26: (UNIT) | F26: CRF Pages18 19 20 22 30 31 32 33 34 35 36 37 38 | G26: 期望 | H26: =HYPERLINK("#LBTEST!A1","转换定义参考LBTEST表") -> 转换定义参考LBTEST表 | I26: SDTM | J26: =ROW()-13 -> 13 | K26: 数据采集的原始单位。LBORRES的计量单位。例如:g/L。
A27: LBORNRLO | B27: 原始正常值范围下限 | C27: Char | D27: 40 | F27: CRF Pages18 19 20 30 31 32 33 34 35 36 37 | G27: 期望 | H27: =HYPERLINK("#LBTEST!A1","转换定义参考LBTEST表") -> 转换定义参考LBTEST表 | I27: SDTM | J27: =ROW()-13 -> 14 | K27: 原始单位的连续性测量结果的正常值下限,仅适用于连续性的结果。
A28: LBORNRHI | B28: 原始正常值范围上限 | C28: Char | D28: 40 | F28: CRF Pages18 19 20 30 31 32 33 34 35 36 38 | G28: 期望 | H28: =HYPERLINK("#LBTEST!A1","转换定义参考LBTEST表") -> 转换定义参考LBTEST表 | I28: SDTM | J28: =ROW()-13 -> 15 | K28: 原始单位的连续性测量结果的正常值上限,仅适用于连续性的结果。
A29: LBSTRESC | B29: 标准化结果 | C29: Char | D29: 200 | E29: (LBSTRESC) | F29: 衍生 | G29: 期望 | H29: 根据LB_UNIT的factor列以及LBORRES进行derive. 注: 对于LBORRESU='NA'且LBCAT^="尿常规", LBSTRESC放空。 | I29: SDTM | J29: =ROW()-13 -> 16 | K29: 包含所有发现的结果,由LBORRES中拷贝或衍生成标准化格式或标准化单位。LBSTRESC应以字符型格式储存所有结果或发现;如果结果是数值型的,也应以数值格式储存在 LBSTRESN中。例如:如果一个试验的结果在LBORRES中值为"NONE"、"NEG"或"NEGATIVE",它们实际代表同一个意思,可以在 LBSTRESC中表现为标准格式 "NEGATIVE"。其他例子可以参照常规假设。
A30: LBSTRESN | B30: 标准化结果(N) | C30: Num | F30: 衍生 | G30: 期望 | H30: LBSTRESC的数值型结果. | I30: SDTM | J30: =ROW()-13 -> 17 | K30: 连续型或数值型的结果或发现的标准化格式;由LBSTRESC以数值型格式复制。LBSTRESN应储存所有的数值型检测结果或发现。
A31: LBSTRESU | B31: 标准化单位 | C31: Char | D31: 20 | E31: (UNIT) | F31: 指定 | G31: 期望 | H31: =HYPERLINK("#LB_UNIT!A1","转换定义参考LB_UNIT表") -> 转换定义参考LB_UNIT表 | I31: SDTM | J31: =ROW()-13 -> 18 | K31: 用于LBSTRESC和LBSTRESN的标准化单位。
A32: LBSTNRLO | B32: 标准化正常值范围下限 | C32: Num | F32: 指定 | G32: 期望 | H32: =LBORNRLO乘以LB_UNIT表中相应的factor. NOTE: 将原始值标准化, 标准化参考LB_UNIT表的factor列以及LBORNRLO进行计算. | I32: SDTM | J32: =ROW()-13 -> 19 | K32: 以标准化单位记录在LBSTRESC/LBSTRESN中连续性测量结果的参考范围下限。仅适用于连续型结果。
A33: LBSTNRHI | B33: 标准化正常值范围上限 | C33: Num | F33: 指定 | G33: 期望 | H33: =LBORNRHI乘以LB_UNIT表中相应的factor. NOTE: 将原始值标准化, 标准化参考LB_UNIT表的factor列以及LBORNRLO进行计算. | I33: SDTM | J33: =ROW()-13 -> 20 | K33: 以标准化单位记录在LBSTRESC/LBSTRESN中连续性测量结果的参考范围上限。仅适用于连续型结果。
A34: LBSTNRC | B34: 标准化正常值范围(文本结果) | C34: Char | D34: 100 | G34: 可有 | I34: SDTM | J34: =ROW()-13 -> 21 | K34: 按字符型等级分类的正常值范围,或提供分类范围的情况(例如:"-1到+1", "负值到极小值")。
A35: LBNRIND | B35: 相对参考范围指示符 | C35: Char | D35: 10 | E35: (NRIND) | F35: 指定 | G35: 期望 | H35: 1. 如果 LBSTRESN 非空: 如果 LBSTRESN<LBSTNRLO 则 LBNRIND="低"; 如果 LBSTNRLO<=LBSTRESN<=LBSTNRHI 则 LBNRIND="正常"; 如果LBSTRESN>LBSTNRHI 则 LBNRIND="高" 2. 对于LBCAT="尿常规"且(LBTEST为"蛋白质"或"尿葡萄糖"或"酮体"),如果LBSTRESC非空: LBORNRLO=LBSTRESC=LBORNRHI="阴性" 则 LBNRIND="正常"; | I35: SDTM | J35: =ROW()-13 -> 22 | K35: 1. 表明数值与 LBORNRLO及 LBORNRHI,LBSTNRLO 和 LBSTNRHI,或LBSTNRC定义的正常范围相比的情况。 例如:正常、异常、高、低。 2. 申办者应该在元数据(define.xml文件中的注释列)中指定 LBNRIND是原始单位还是标准单位的正常范围和结果。 3. 不应用来指示临床显著性。
A36: LBSTAT | B36: 未做状态 | C36: Char | D36: 10 | E36: (ND) | F36: CRF Pages18 19 21 22 30 32 34 38 40 | G36: 可有 | H36: =HYPERLINK("#LBTEST!A1","转换定义参考LBTEST表") -> 转换定义参考LBTEST表 | I36: SDTM | J36: =ROW()-13 -> 23 | K36: 用于指示检查未完成。 如果 LBORRES有结果,LBSTAT应为空。
A37: LBREASND | B37: 未做原因 | C37: Char | D37: 200 | F37: CRF Pages40 | G37: 可有 | H37: =HYPERLINK("#LBTEST!A1","转换定义参考LBTEST表") -> 转换定义参考LBTEST表 | I37: SDTM | J37: =ROW()-13 -> 24 | K37: 描述检查或检测未执行的原因,例如:设备坏了、受试者拒绝或样本丢失。 当LBSTAT值为"未做"(NOT DONE)时配合使用。
A38: LBNAM | B38: 实验室/供应商名称 | C38: Char | D38: 40 | F38: CRF Pages18 19 30 32 34 | G38: 可有 | H38: =HYPERLINK("#LBTEST!A1","转换定义参考LBTEST表") -> 转换定义参考LBTEST表 | I38: SDTM | J38: =ROW()-13 -> 25 | K38: 提供检测结果的实验室或供应商名称或标识符。
A39: LBLOINC | B39: LOINC编码 | C39: Char | D39: 50 | E39: * | G39: 可有 | I39: SDTM | J39: =ROW()-13 -> 26 | K39: 1. LBTEST的字典衍生的LOINC代码。 2. 申办者应该提供字典的名称和版本,用于利用define.xml外部编码列表的属性来匹配术语。
A40: LBSPEC | B40: 样本类型 | C40: Char | D40: 50 | E40: (SPECTYPE) | F40: CRF Page 40 | G40: 可有 | H40: =HYPERLINK("#LBTEST!A1","转换定义参考LBTEST表") -> 转换定义参考LBTEST表 | I40: SDTM | J40: =ROW()-13 -> 27 | K40: 定义检测样本的类型。例如:血清、血浆、尿样。
A41: LBSPCCND | B41: 样本状况 | C41: Char | D41: 50 | E41: (SPECCOND) | G41: 可有 | I41: SDTM | J41: =ROW()-13 -> 28 | K41: 描述样本状况的自由文本或标准化文本。例如:溶血,黄疸, 脂血等等。
A42: LBMETHOD | B42: 检测方法 | C42: Char | D42: 100 | E42: (METHOD) | G42: 可有 | I42: SDTM | J42: =ROW()-13 -> 29 | K42: 检测方法。 例如:EIA (酶免疫分析法),电泳法,浸量尺。
A43: LBBLFL | B43: 基线标帜 | C43: Char | D43: 3 | E43: (NY) | F43: 衍生 | G43: 期望 | H43: 如果是给药前的最后一条记录则LBBLFL = 是; 否则 LBBLFL = ' '. | I43: SDTM | J43: =ROW()-13 -> 30 | K43: 用于标识基线的标识符。 其值应为Y或者空值。
A44: LBFAST | B44: 是否空腹 | C44: Char | D44: 10 | E44: (NY) | G44: 可有 | I44: SDTM | J44: =ROW()-13 -> 31 | K44: 空腹状态的标识符,例如:Y、N、U、或者为空如果不相关。
A45: LBDRVFL | B45: 衍生标帜 | C45: Char | D45: 3 | E45: (NY) | G45: 可有 | I45: SDTM | J45: =ROW()-13 -> 32 | K45: 用于标识衍生记录。值应为是(Y)或空值(null)。这些需要为递交数据集衍生的记录,示例有:表示其他记录的平均值的记录,或不是来源于CRF,也不是原始采集或接收到的记录。如果LBDRVFL=Y,则LBORRES应为空值,LBSTRESC和LBSTRESN(如果有数值型)为衍生值。
A46: LBTOX | B46: 毒性分级标准 | C46: Char | D46: 20 | E46: * | G46: 可有 | I46: SDTM | J46: =ROW()-13 -> 33 | K46: 由LBTOXGR量化的毒性描述。申办方应提供量表的名称和版本,列在define.xml外部代码列表属性中。
A47: LBTOXGR | B47: 毒性分级 | C47: Char | D47: 10 | E47: * | G47: 可有 | I47: SDTM | J47: =ROW()-13 -> 34 | K47: 由标准的毒性量表记录的毒性等级(例如:NCI CTCAE)。如果值来自于数字量表,仅显示数字。如"2"而不是"2级"。申办方应提供量表的名称和版本,列在define.xml外部代码列表属性中。
A48: VISITNUM | B48: 访视编号 | C48: Num | F48: 指定 | G48: 期望 | H48: =HYPERLINK("#VISIT!A1","转换定义参考VISIT表") -> 转换定义参考VISIT表 | I48: SDTM | J48: =ROW()-13 -> 35 | K48: 1. 临床访视号 2. 访视(VISIT)的数值型版本,用于排序。
A49: VISIT | B49: 访视名称 | C49: Char | D49: 100 | F49: 指定 | G49: 可有 | H49: =HYPERLINK("#VISIT!A1","转换定义参考VISIT表") -> 转换定义参考VISIT表 | I49: SDTM | J49: =ROW()-13 -> 36 | K49: 1. 方案定义的临床访视描述。 2. 可作为VISITNUM和/或VISITDY的补充。
A50: VISITDY | B50: 计划访视日 | C50: Num | G50: 可有 | I50: SDTM | J50: =ROW()-13 -> 37 | K50: 基于人口学数据中RFSTDTC的计划访视研究日。
A51: LBDTC | B51: 样本采集日期/时间 | C51: Char | D51: 20 | E51: ISO 8601 | F51: CRF Pages18 19 21 22 30 32 34 38 40 | G51: 期望 | H51: =HYPERLINK("#LBTEST!A1","转换定义参考LBTEST表") -> 转换定义参考LBTEST表 | I51: SDTM | J51: =ROW()-13 -> 38
A52: LBENDTC | B52: 结束日期/时间 | C52: Char | D52: 20 | E52: ISO 8601 | G52: 可有 | I52: SDTM | J52: =ROW()-13 -> 39
A53: LBDY | B53: 样本采集日 | C53: Num | G53: 可有 | I53: SDTM | J53: =ROW()-13 -> 40 | K53: 1. 样本采集的实际研究日,以整数天形式度量。2. 计算方法必须基于申办方定义在人口学域中的变量RFSTDTC。 这个公式应在递交中保持一致。
A54: LBTPT | B54: 计划时点名称 | C54: Char | D54: 100 | G54: 可有 | I54: SDTM | J54: =ROW()-13 -> 41 | K54: 1. 样本采集的文本描述。2. 可表示为距离固定参考点的时间,如最后一次给药时间。请参阅LBTPTNUM和LBTPTREF。示例:开始,五分钟后。
A55: LBTPTNUM | B55: 计划时点编号 | C55: Num | G55: 可有 | I55: SDTM | J55: =ROW()-13 -> 42 | K55: LBTPT的数值型版本,用于排序。
A56: LBELTM | B56: 距离参照时点计划时间 | C56: Char | D56: 20 | E56: ISO 8601 | G56: 可有 | I56: SDTM | J56: =ROW()-13 -> 43 | K56: 距离固定参考时间点(LBTPTREF)的计划时间(ISO 8601格式)。该变量适用于重复测量的情况。不是时钟或日期时间型变量。显示为 ISO 8601的时间段。例如: "-PT15M"代表 LBTPTREF指示的参考点之前15分钟时间段,"PT8H"代表LBTPTREF指示的参考点之后 8小时时间段。
A57: LBTPTREF | B57: 参照时点 | C57: Char | D57: 100 | G57: 可有 | I57: SDTM | J57: =ROW()-13 -> 44 | K57: LBELTM,LBTPTNUM和LBTPT引用的固定参考点的名称。例如:前次剂量(PREVIOUS DOSE)、前次进食(PEVIOUS MEAL)。
A58: LBRFTDTC | B58: 参照时点日期/时间 | C58: Char | D58: 20 | E58: ISO 8601 | G58: 可有 | I58: SDTM | J58: =ROW()-13 -> 45 | K58: 参考时点LBTPTREF的日期/时间。
A59: LBCLSIG | B59: 临床意义评价 | C59: Char | D59: 200 | F59: CRF Pages18 19 20 30 31 32 33 34 35 36 37 | H59: =HYPERLINK("#LBTEST!A1","转换定义参考LBTEST表") -> 转换定义参考LBTEST表 | I59: SUPP | J59: 29
A60: LBCOM | B60: 备注 | C60: Char | D60: 200 | F60: CRF Pages18 19 20 21 22 30 31 32 33 34 35 36 37 | H60: =HYPERLINK("#LBTEST!A1","转换定义参考LBTEST表") -> 转换定义参考LBTEST表 | I60: SUPP | J60: 30
A61: LBREAOT | B61: 其他未进行妊娠试验原因 | C61: Char | D61: 200 | F61: CRF Page 40 | H61: =HYPERLINK("#LBTEST!A1","转换定义参考LBTEST表") -> 转换定义参考LBTEST表 | I61: SUPP | J61: 31
A63: CONTENT

Sheet LBTEST
A1: 原始数据 | B1: 转换定义 | C1: LBSPID | D1: LBCAT | E1: LBTEST | F1: LBTESTCD | G1: LBORRES | H1: LBORRESU | I1: LBSTAT | J1: LBDTC | K1: LBNAM | L1: LBCLSIG | M1: LBCOM | N1: LBORNRLO | O1: LBORNRHI | P1: LBSPEC | Q1: LBREASND | R1: LBREAOT
A2: LB, LB_DE | B2: 如果LB.LBYN="2" | D2: 甲状腺功能 | E2: 甲状腺功能检查 | F2: THYALL | I2: ="未查"
B3: 如果LB.LBYN="1" | C3: LB_DE.SN | E3: 游离三碘甲状腺原氨酸(FT3) | F3: T3FR | G3: LB_DE.LBORRES | H3: LB_DE.LBORRESU | J3: =LB.LBDAT | K3: =LB.LBNAME | L3: 如果LB_DE.LBCLSIG="1"则LBCLSIG="未查"; 如果LB_DE.LBCLSIG="2"则LBCLSIG="正常"; 如果LB_DE.LBCLSIG="3"则LBCLSIG="异常无临床意义"; 如果LB_DE.LBCLSIG="4"则LBCLSIG="异常有临床意义". | M3: LB_DE.LBCOM | N3: LB_DE.LBORNRLO | O3: LB_DE.LBORNRHI
E4: 游离甲状腺素(FT4) | F4: T4FR
E5: 促甲状腺激素(TSH) | F5: TSH
B6: 如果LB.LBYN="2" | D6: 垂体-肾上腺轴 | E6: 垂体肾上腺轴检查 | F6: HYPOALL | I6: ="未查"
B7: 如果LB.LBYN="1" | C7: LB_DE.SN | E7: 促肾上腺皮质激素(ACTH) | F7: ACTH | G7: LB_DE.LBORRES | H7: LB_DE.LBORRESU | J7: =LB.LBDAT | K7: =LB.LBNAME | L7: 如果LB_DE.LBCLSIG="1"则LBCLSIG="未查"; 如果LB_DE.LBCLSIG="2"则LBCLSIG="正常"; 如果LB_DE.LBCLSIG="3"则LBCLSIG="异常无 临床意义"; 如果LB_DE.LBCLSIG="4"则LBCLSIG="异常有 临床意义". | M7: LB_DE.LBCOM | N7: LB_DE.LBORNRLO | O7: LB_DE.LBORNRHI
E8: 皮质醇 | F8: CORCREAT
E9: 卵泡刺激素(FSH) | F9: FSH
E10: 黄体生成素(LH) | F10: LH
E11: 睾酮 | F11: TESTOS
E12: 泌乳素 | F12: PROLCTN
B13: 如果LB.LBYN="2" | D13: 尿常规 | E13: 尿常规检查 | F13: URIALL | I13: ="未查"
B14: 如果LB.LBYN="1" | C14: LB_DE.SN | E14: 比重 | F14: UGRA | G14: LB_DE.LBORRES | H14: LB_DE.LBORRESU | J14: =LB.LBDAT | K14: =LB.LBNAME | L14: 如果LB_DE.LBCLSIG="1"则LBCLSIG="未查"; 如果LB_DE.LBCLSIG="2"则LBCLSIG="正常"; 如果LB_DE.LBCLSIG="3"则LBCLSIG="异常无 临床意义"; 如果LB_DE.LBCLSIG="4"则LBCLSIG="异常有 临床意义". | M14: LB_DE.LBCOM | N14: LB_DE.LBORNRLO | O14: LB_DE.LBORNRHI
E15: PH | F15: PH
E16: 尿葡萄糖 | F16: UGLUC
E17: 蛋白质 | F17: UPROT
E18: 酮体 | F18: KETONES
E19: 白细胞 | F19: UWBC
E20: 红细胞 | F20: URBC
B21: 如果LB.LBYN="2" | D21: 血常规 | E21: 血常规检查 | F21: HEMALL | I21: ="未查"
B22: 如果LB.LBYN="1" | C22: LB_DE.SN | E22: 红细胞计数 | F22: RBC | G22: LB_DE.LBORRES | H22: LB_DE.LBORRESU | J22: =LB.LBDAT | K22: =LB.LBNAME | L22: 如果LB_DE.LBCLSIG="1"则LBCLSIG="未查"; 如果LB_DE.LBCLSIG="2"则LBCLSIG="正常"; 如果LB_DE.LBCLSIG="3"则LBCLSIG="异常无 临床意义"; 如果LB_DE.LBCLSIG="4"则LBCLSIG="异常有 临床意义". | M22: LB_DE.LBCOM | N22: LB_DE.LBORNRLO | O22: LB_DE.LBORNRHI
E23: 血红蛋白 | F23: HGB
E24: 红细胞比容/压积 | F24: HCT
E25: 白细胞计数 | F25: WBC
E26: 中性粒细胞计数 | F26: NEUT
E27: 淋巴细胞计数 | F27: LYM
E28: 嗜酸性粒细胞计数 | F28: EOS
E29: 嗜碱性粒细胞计数 | F29: BASO
E30: 单核细胞计数 | F30: MONO
E31: 血小板计数 | F31: PLAT
B32: 如果LB.LBYN="2" | D32: 血生化 | E32: 血生化检查 | F32: CHEMALL | I32: ="未查"
B33: 如果LB.LBYN="1" | C33: LB_DE.SN | E33: 丙氨酸氨基转移酶 | F33: ALT | G33: LB_DE.LBORRES | H33: LB_DE.LBORRESU | J33: =LB.LBDAT | K33: =LB.LBNAME | L33: 如果LB_DE.LBCLSIG="1"则LBCLSIG="未查"; 如果LB_DE.LBCLSIG="2"则LBCLSIG="正常"; 如果LB_DE.LBCLSIG="3"则LBCLSIG="异常无 临床意义"; 如果LB_DE.LBCLSIG="4"则LBCLSIG="异常有 临床意义". | M33: LB_DE.LBCOM | N33: LB_DE.LBORNRLO | O33: LB_DE.LBORNRHI
E34: 天门冬氨酸氨基转移酶 | F34: AST
E35: 碱性磷酸酶 | F35: ALP
E36: 乳酸脱氢酶 | F36: LDH
E37: γ-谷氨酰基转移酶 | F37: GGT
E38: 脂肪酶 | F38: LIPASEG
E39: 淀粉酶 | F39: AMYLASE
E40: 低密度脂蛋白 | F40: LDL
E41: 高密度脂蛋白 | F41: HDL
E42: 总胆固醇 | F42: CHOL
E43: 甘油三酯 | F43: TRIG
E44: 总蛋白 | F44: PROT
E45: 白蛋白 | F45: ALB
... E57: 葡萄糖 | F57: GLUC
A58: VIR, VIR_DE | B58: 如果VIR.VIRYN="2" | E58: 病毒学检查 | F58: VIRALL | I58: ="未查"
B59: 如果VIR.VIRYN="1" | C59: VIR_DE.SN | D59: 病毒学检查 | E59: 乙肝表面抗原 | F59: HBSAB | G59: 如果VIR_DE.VIRRES="1"则LBORRES="未查"; 如果VIR_DE.VIRRES="2"则LBORRES="阴性"; 如果VIR_DE.VIRRES="3"则LBORRES="阳性". | J59: =VIR.VIRDAT | M59: VIR_DE.VIRCOM
E60: 丙肝病毒抗体 | F60: HCVSHCVC
E61: 艾滋病毒抗体 | F61: HIVAB
E62: 梅毒抗体 | F62: RPRAB
A63: HBV | B63: 如果HBV.HBVYN="1" | D63: HBV DNA | E63: HBV DNA | F63: HBVDNA | G63: HBV.HBVRES | H63: 如果HBV.HBVRESU="1"则LBORRESU="IU/ml"; 如果HBV.HBVRESU="2"则LBORRESU="拷贝数/ml". | I63: 如果HBV.HBVYN="2"则LBSTAT="未查", 否则为空. | J63: =HBV.HBVDAT | M63: HBV.HBVCOM
A64: CCR | D64: 肌酐清除率 | E64: 肌酐清除率 | F64: CCR | G64: CCR.CCRRAT | H64: ="mL/min" | J64: =CCR.CCRDAT
A65: HCG | B65: 如果HCG.HCGYN="1" | D65: 妊娠 | E65: 妊娠检测 | F65: HCG | G65: 如果HCG.HCGRES="1"则LBORRES="阴性"; 如果HCG.HCGRES="2"则LBORRES="阳性" | I65: 如果HCG.HCGYN="2"则LBSTAT="未查", 否则为空. | J65: =HCG.HCGDAT | P65: ="血" | Q65: 当HCG.HCGYN="2", 如果HCG.HCGREA="1"则LBREASND="绝经期"; 如果HCG.HCGREA="2"则LBREASND="手术绝育"; 如果HCG.HCGREA="3"则LBREASND="卵巢/子宫切除"; 如果HCG.HCGREA="99"则LBREASND="其他". | R65: 当HCG.HCGYN="2",如果HCG.HCGREA="99"则LBREAOT=HCG.REAOTH.
A67: =HYPERLINK("#LB!A1","LB") -> LB

Sheet LB_UNIT
A1: 原始数据 | B1: LBCAT | C1: LBTEST | D1: LBTESTCD | E1: LBORRESU | F1: LBSTRESU | G1: FACTOR
A2: LB, LB_DE | B2: 甲状腺功能 | C2: 游离三碘甲状腺原氨酸(FT3) | D2: T3FR | E2: pmol/L | F2: pmol/L | G2: 1
C3: 游离甲状腺素(FT4) | D3: T4FR | E3: pmol/L | F3: pmol/L | G3: 1
C4: 促甲状腺激素(TSH) | D4: TSH | E4: uIU/ml | F4: mIU/L | G4: 0.001
B5: 垂体-肾上腺轴 | C5: 促肾上腺皮质激素(ACTH) | D5: ACTH | E5: pmol/L | F5: pmol/L | G5: 1
C6: 皮质醇 | D6: CORCREAT | E6: nmol/L | F6: nmol/L | G6: 1
C7: 卵泡刺激素(FSH) | D7: FSH | E7: mIU/ml | F7: IU/L | G7: 1
C8: 黄体生成素(LH) | D8: LH | E8: mIU/ml | F8: IU/L | G8: 1
C9: 睾酮 | D9: TESTOS | E9: nmol/L | F9: nmol/L | G9: 1
C10: 泌乳素 | D10: PROLCTN | E10: uIU/ml | F10: uIU/ml | G10: 1
B11: 尿常规 | C11: 比重 | D11: UGRA | E11: NA
C12: PH | D12: PH | E12: NA
C13: 尿葡萄糖 | D13: UGLUC | E13: NA
C14: 蛋白质 | D14: UPROT | E14: NA
C15: 酮体 | D15: KETONES | E15: NA
C16: 白细胞 | D16: UWBC | E16: /μL | F16: /uL | G16: 1
C17: 红细胞 | D17: URBC | E17: /μL | F17: /uL | G17: 1
B18: 血常规 | C18: 红细胞计数 | D18: RBC | E18: 10^12/L | F18: 10^12/L | G18: 1
C19: 血红蛋白 | D19: HGB | E19: g/L | F19: g/L | G19: 1
C20: 红细胞比容/压积 | D20: HCT | E20: % | F20: % | G20: 1
C21: 白细胞计数 | D21: WBC | E21: 10^9/L | F21: 10^9/L | G21: 1
C22: 中性粒细胞计数 | D22: NEUT | E22: 10^9/L | F22: 10^9/L | G22: 1
C23: 淋巴细胞计数 | D23: LYM | E23: 10^9/L | F23: 10^9/L | G23: 1
C24: 嗜酸性粒细胞计数 | D24: EOS | E24: 10^9/L | F24: 10^9/L | G24: 1
C25: 嗜碱性粒细胞计数 | D25: BASO | E25: 10^9/L | F25: 10^9/L | G25: 1
C26: 单核细胞计数 | D26: MONO | E26: 10^9/L | F26: 10^9/L | G26: 1
C27: 血小板计数 | D27: PLAT | E27: 10^9/L | F27: 10^9/L | G27: 1
B28: 血生化 | C28: 丙氨酸氨基转移酶 | D28: ALT | E28: U/L | F28: U/L | G28: 1
C29: 天门冬氨酸氨基转移酶 | D29: AST | E29: U/L | F29: U/L | G29: 1
C30: 碱性磷酸酶 | D30: ALP | E30: U/L | F30: U/L | G30: 1
C31: 乳酸脱氢酶 | D31: LDH | E31: U/L | F31: U/L | G31: 1
C32: γ-谷氨酰基转移酶 | D32: GGT | E32: U/L | F32: U/L | G32: 1
C33: 脂肪酶 | D33: LIPASEG | E33: U/L | F33: U/L | G33: 1
C34: 淀粉酶 | D34: AMYLASE | E34: U/L | F34: U/L | G34: 1
C35: 低密度脂蛋白 | D35: LDL | E35: mmol/L | F35: mmol/L | G35: 1
C36: 高密度脂蛋白 | D36: HDL | E36: mmol/L | F36: mmol/L | G36: 1
C37: 总胆固醇 | D37: CHOL | E37: mmol/L | F37: mmol/L | G37: 1
C38: 甘油三酯 | D38: TRIG | E38: mmol/L | F38: mmol/L | G38: 1
C39: 总蛋白 | D39: PROT | E39: g/L | F39: g/L | G39: 1
C40: 白蛋白 | D40: ALB | E40: g/L | F40: g/L | G40: 1
... C52: 葡萄糖 | D52: GLUC | E52: mmol/L | F52: mmol/L | G52: 1
A53: VIR, VIR_DE | B53: 病毒学检查 | C53: 乙肝表面抗原 | D53: HBSAB
C54: 丙肝病毒抗体 | D54: HCVSHCVC
C55: 艾滋病毒抗体 | D55: HIVAB
C56: 梅毒抗体 | D56: RPRAB
A57: HBV | B57: HBV DNA | C57: HBV DNA | D57: HBVDNA | E57: IU/ml | F57: IU/ml | G57: 1
A58: CCR | B58: 肌酐清除率 | C58: 肌酐清除率 | D58: CCR | E58: mL/min | F58: mL/min | G58: 1
A59: HCG | B59: 妊娠 | C59: 妊娠检测 | D59: HCG
A61: 注意: 如果raw data中的单位缺失,则LBORRESU, LBSTRESU放空;
A63: =HYPERLINK("#LB!A1","LB") -> LB

Sheet MB
A1: MB Domain Mapping Specifications
A2: 方案编号: | D2: =CONTENT!$B$3 -> XXXXX
A3: SDTM 版本: | D3: =CONTENT!$B$4 -> 3.2
A4: SDTM 数据集描述: | D4: =CONTENT!$B$24 -> 微生物检测
A5: SDTM 数据集结构: | D5: =CONTENT!$C$24 -> 每个受试者每个访视每个时间点每个微生物学样本发现一条记录
A6: 程序名称: | D6: =CONTENT!$D$24 -> mb.sas
A7: 常规观测分类: | D7: =CONTENT!$E$24 -> 发现
A8: 数据来源: | D8: =CONTENT!$F$24 -> XXXX
A9: 关键变量: | D9: =CONTENT!$G$24 -> STUDYID, USUBJID, MBTESTCD, VISITNUM, MBTPTREF, MBTPTNUM
A10: 排序变量: | D10: =CONTENT!$H$24 -> STUDYID, USUBJID, MBTESTCD, VISITNUM, MBTPTREF, MBTPTNUM
A11: 提取规则: | D11: =CONTENT!$I$24 -> XXXX
A13: 变量名称 | B13: 变量标签 | C13: 类型 | D13: 长度 | E13: 受控术语或格式 | F13: 来源 | G13: 核心类别 | H13: 转换定义 | I13: 变量类型 | J13: 变量顺序 | K13: 定义注释
A14: STUDYID | B14: 研究标识符 | C14: Char | D14: 20 | G14: 必需 | I14: SDTM | J14: =ROW()-13 -> 1 | K14: 研究的唯一标识符。
A15: DOMAIN | B15: 域名缩写 | C15: Char | D15: 2 | E15: MB | G15: 必需 | I15: SDTM | J15: =ROW()-13 -> 2 | K15: 两字符域名缩写。
A16: USUBJID | B16: 受试者唯一标识符 | C16: Char | D16: 30 | G16: 必需 | I16: SDTM | J16: =ROW()-13 -> 3 | K16: 同一产品的所有申请或递交的研究中受试者的唯一标识符。
A17: MBSEQ | B17: 序号 | C17: Num | G17: 必需 | I17: SDTM | J17: =ROW()-13 -> 4 | K17: 序号,用于确保受试者记录在数据集里的唯一性。可以是任意有效数字。
A18: MBGRPID | B18: 组合ID | C18: Char | D18: 25 | G18: 期望 | I18: SDTM | J18: =ROW()-13 -> 5 | K18: 用来关联域内同一受试者的一组相关记录。
A19: MBREFID | B19: 参考ID | C19: Char | D19: 25 | G19: 可有 | I19: SDTM | J19: =ROW()-13 -> 6 | K19: 内部或外部标识符,例如:标本号。
A20: MBSPID | B20: 自定义标识符 | C20: Char | D20: 25 | G20: 可有 | I20: SDTM | J20: =ROW()-13 -> 7 | K20: 申办者定义的参考编号。可能作为显示行标识符预先印刷在 CRF上,或者被定义在申办者操作数据库中。例如:生物标识符。对于生物标识符,MBSPID将每次保留在同一个生物标识符的新标本中,且保留为相同的值。
A21: MBTESTCD | B21: 检测项简称 | C21: Char | D21: 8 | E21: * | G21: 必需 | I21: SDTM | J21: =ROW()-13 -> 8 | K21: MBTEST的简称,用作数据集从纵向格式转化为横向格式时的列名。缩写值长度不得超过8个字符,不能以数字开头,不得包含除字母、数字或下划线之外的字符。例如革兰氏染色结果:GMNROD,GMNCOC,GMSQEPCE,GMPMNLOW;例如培养皿的发现:ORGANISM。
A22: MBTEST | B22: 检测项名称 | C22: Char | D22: 40 | E22: * | G22: 必需 | I22: SDTM | J22: =ROW()-13 -> 9 | K22: 用于获得测量或发现的字面名称。MBTEST中的值不能超过40个字符。例如:GRAM NEGATIVE RODS(革兰氏阴性杆菌), GRAM NEGATIVE COCCI(革兰氏阴性球菌), SQUAMOUS EPITHELIAL CELLS(鳞状上皮细胞), PMN PER FIELD LOW(每个视野的多形核白细胞低), ORGANISM PRESENT(微生物呈现)。
A23: MBCAT | B23: 类别 | C23: Char | D23: 100 | E23: * | G23: 可有 | I23: SDTM | J23: =ROW()-13 -> 10 | K23: 用于定义相关记录的分类。
A24: MBSCAT | B24: 子类 | C24: Char | D24: 100 | E24: * | G24: 可有 | I24: SDTM | J24: =ROW()-13 -> 11 | K24: 用于定义MBCAT相关记录的进一步分类。
A25: MBORRES | B25: 原始结果 | C25: Char | D25: 200 | G25: 期望 | I25: SDTM | J25: =ROW()-13 -> 12 | K25: 原始接收/采集到的原微生物检测或者发现结果。例如革兰氏染色结果:+3中等,+2少量,<10。例如培养皿(微生物)结果:克雷白氏杆菌,肺炎链球菌。
A26: MBORRESU | B26: 原始单位 | C26: Char | D26: 20 | E26: (UNIT) | G26: 可有 | I26: SDTM | J26: =ROW()-13 -> 13 | K26: MBORRES的原始单位。例如:mcg/mL。
A27: MBSTRESC | B27: 标准化结果 | C27: Char | D27: 200 | G27: 期望 | I27: SDTM | J27: =ROW()-13 -> 14 | K27: 包含从MBORRES中复制或以标准格式或标准单位衍生得出的所有发现结果值。MBSTRESC应以字符型格式储存所有结果;如果结果是数值型的,也应以数值格式储存在MBSTRESN中。例如:一个MBORRES测试结果为 "+3 MODERATE","MOD", and "MODERATE",这些有效结果是相同的意思,他们在MBSTRESC中应该用标准的格式为"MODERATE"。
A28: MBSTRESN | B28: 标准化结果(N) | C28: Num | G28: 可有 | I28: SDTM | J28: =ROW()-13 -> 15 | K28: 连续型或数值型的结果或发现的标准化格式;由MBSTRESC以数值型格式复制。MBSTRESN应储存所有的数值型的检查结果或发现。
A29: MBSTRESU | B29: 标准化单位 | C29: Char | D29: 20 | E29: (UNIT) | G29: 可有 | I29: SDTM | J29: =ROW()-13 -> 16 | K29: 用于MBSTRESC和MBSTRESN的标准化单位 。
A30: MBRESCAT | B30: 结果类别 | C30: Char | D30: 100 | E30: * | G30: 期望 | I30: SDTM | J30: =ROW()-13 -> 17 | K30: 用于对标准格式的发现结果分类。例如微生物发现:感染,移植,污染物或正常菌群。
A31: MBSTAT | B31: 未做状态 | C31: Char | D31: 10 | E31: (ND) | G31: 可有 | I31: SDTM | J31: =ROW()-13 -> 18 | K31: 用于指出微生物或者检测未做。值为空值(null)或者未做(NOT DONE)。
A32: MBREASND | B32: 未做原因 | C32: Char | D32: 200 | G32: 可有 | I32: SDTM | J32: =ROW()-13 -> 19 | K32: 描述未做的原因。MBSTAT值为未做(NOT DONE)时使用。例如:设备出故障或者受试者拒绝。
A33: MBNAM | B33: 实验室/供应商名称 | C33: Char | D33: 40 | G33: 可有 | I33: SDTM | J33: =ROW()-13 -> 20 | K33: 提供检测结果的实验室或供应商名称或标识符。
A34: MBLOINC | B34: LOINC编码 | C34: Char | D34: 50 | E34: * | G34: 可有 | I34: SDTM | J34: =ROW()-13 -> 21 | K34: MBTEST字典衍生的 LOINC代码。申办方期望提供的字典名称和版本,用于映射 define.xml外部代码表。
A35: MBSPEC | B35: 样本类型 | C35: Char | D35: 50 | E35: (SPECTYPE) | G35: 可有 | I35: SDTM | J35: =ROW()-13 -> 22 | K35: 用于定义测量样本的类型。 例如:SPUTUM(痰),BLOOD(血),PUS(脓)。
A36: MBSPCCND | B36: 样本状况 | C36: Char | D36: 50 | E36: (SPECCOND) | G36: 可有 | I36: SDTM | J36: =ROW()-13 -> 23 | K36: 自定义或者标准文字描述样本状况。 例如:CONTAMINATED(污染)。
A37: MBLOC | B37: 部位 | C37: Char | D37: 40 | E37: (LOC) | G37: 可有 | I37: SDTM | J37: =ROW()-13 -> 24 | K37: 标本采集到的相关部位。例如:LUNG(肺),VEIN(静脉),ARM(手臂),FOOT(足)。
A38: MBMETHOD | B38: 检测方法 | C38: Char | D38: 100 | E38: (METHOD) | G38: 期望 | I38: SDTM | J38: =ROW()-13 -> 25 | K38: 检测方法。例如:GRAM STAIN(革兰氏染色剂),MACRO BROTH DILUTION(稀释液),AGAR DILUTION(琼脂稀释法)。
A39: MBBLFL | B39: 基线标帜 | C39: Char | D39: 3 | E39: (NY) | G39: 可有 | I39: SDTM | J39: =ROW()-13 -> 26 | K39: 用于标识基线的标识符。其值应为Y或者空值。
A40: MBDRVFL | B40: 衍生标帜 | C40: Char | D40: 3 | E40: (NY) | G40: 可有 | I40: SDTM | J40: =ROW()-13 -> 27 | K40: 用于标识衍生记录。值应为Y或者空值。用来表示其他一些记录的均值或者其他衍生出来的,或者其他并不是从CRF采集,但从样本记录中衍生出来用于递交的数据。 如果MBDRVFL=Y,则MBORRES应为空值,MBSTRESC和MBSTRESN有衍生出来的值。
A41: VISITNUM | B41: 访视编号 | C41: Num | G41: 期望 | I41: SDTM | J41: =ROW()-13 -> 28 | K41: 1. 临床访视号 2. 访视(VISIT)的数值型版本,用于排序。
A42: VISIT | B42: 访视名称 | C42: Char | D42: 100 | G42: 可有 | I42: SDTM | J42: =ROW()-13 -> 29 | K42: 1. 方案定义的临床访视描述。2. 可作为VISITNUM和/或VISITDY的补充。
A43: VISITDY | B43: 计划访视日 | C43: Num | G43: 可有 | I43: SDTM | J43: =ROW()-13 -> 30 | K43: 基于人口学数据中RFSTDTC的计划访视研究日。
A44: EPOCH | B44: 时期 | C44: Char | D44: 100 | G44: 可有 | I44: SDTM | J44: =ROW()-13 -> 31 | K44: 与受试者所被分配组内的计划元素序列相关联元素的时期。
A45: MBDTC | B45: 样本采集日期/时间 | C45: Char | D45: 20 | E45: ISO 8601 | G45: 期望 | I45: SDTM | J45: =ROW()-13 -> 32 | K45: 标本采集日期/时间。
A46: MBDY | B46: 样本采集日 | C46: Num | G46: 可有 | I46: SDTM | J46: =ROW()-13 -> 33 | K46: 1. 样本采集测量的研究日,以整天数形式度量 2. 计 算方法必须基于申办方定义在人口学域中的变量 RFSTDTC。 该计算公式在整个研究递交中需保持一 致。
A47: MBTPT | B47: 计划时点名称 | C47: Char | D47: 100 | G47: 可有 | I47: SDTM | J47: =ROW()-13 -> 34 | K47: 1. 样本采集时间点的文本描述。2. 可以表示相对于固定的参照时间点的时间,如最后一次用药时间。参见 MBTPTNUM和MBTPTREF。例如:开始,五分钟后。
A48: MBTPTNUM | B48: 计划时点编号 | C48: Num | G48: 可有 | I48: SDTM | J48: =ROW()-13 -> 35 | K48: MBTPT的数字版本,协助排序。
A49: MBELTM | B49: 距离参照时点计划时间 | C49: Char | D49: 20 | E49: ISO 8601 | G49: 可有 | I49: SDTM | J49: =ROW()-13 -> 36 | K49: 相对于参照的计划固定时间(MBTPTREF)的偏离时间。这个变量用于记录重复测量很方便,并不是一个时间变量,用ISO 8601持续时间的方式来记录。例如:-PT15M代表参照时间点MBTPTREF前15分钟,PT8H代表参照时间点MBTPTREF之后的8小时。
A50: MBTPTREF | B50: 参照时点 | C50: Char | D50: 100 | G50: 可有 | I50: SDTM | J50: =ROW()-13 -> 37 | K50: 根据 MBELTM, MBTPTNUM和 MBTPT参照的固定参照点。 如:PREVIOUS DOSE(之前的剂量)。
A51: MBRFTDTC | B51: 参照时点日期/时间 | C51: Char | D51: 20 | E51: ISO 8601 | G51: 可有 | I51: SDTM | J51: =ROW()-13 -> 38 | K51: 参照时点的日期/时间,MBTPTREF。
A54: CONTENT

Sheet MH
A1: MH Domain Mapping Specifications
A2: 方案编号: | D2: =CONTENT!$B$3 -> XXXXX
A3: SDTM 版本: | D3: =CONTENT!$B$4 -> 3.2
A4: SDTM 数据集描述: | D4: =CONTENT!$B$25 -> 病史
A5: SDTM 数据集结构: | D5: =CONTENT!$C$25 -> 每个受试者每个病史一条记录
A6: 程序名称: | D6: =CONTENT!$D$25 -> mh.sas
A7: 常规观测分类: | D7: =CONTENT!$E$25 -> 事件
A8: 数据来源: | D8: =CONTENT!$F$25 -> MH,TH, SDTM.DM,SDTM.SE
A9: 关键变量: | D9: =CONTENT!$G$25 -> STUDYID, USUBJID, MHCAT, MHSCAT, MHSPID, MHDECOD
A10: 排序变量: | D10: =CONTENT!$H$25 -> STUDYID, USUBJID, MHCAT, MHSCAT, MHSPID, MHDECOD
A11: 提取规则: | D11: =CONTENT!$I$25 -> [MH]MH.YN='1'; [TH]全取.
A13: 变量名称 | B13: 变量标签 | C13: 类型 | D13: 长度 | E13: 受控术语或格式 | F13: 来源 | G13: 核心类别 | H13: 转换定义 | I13: 变量类型 | J13: 变量顺序 | K13: 定义注释
A14: STUDYID | B14: 研究标识符 | C14: Char | D14: 20 | F14: 指定 | G14: 必需 | H14: QL1706-101 | I14: SDTM | J14: =ROW()-13 -> 1 | K14: 研究的唯一标识符。
A15: DOMAIN | B15: 域名缩写 | C15: Char | D15: 2 | E15: MH | F15: 指定 | G15: 必需 | H15: MH | I15: SDTM | J15: =ROW()-13 -> 2 | K15: 两字符域名缩写。
A16: USUBJID | B16: 受试者唯一标识符 | C16: Char | D16: 30 | F16: 衍生 | G16: 必需 | H16: 通过 "-" 连接 STUDYID, SITEID, SUBJID (例:QL1706-101-01-01001). | I16: SDTM | J16: =ROW()-13 -> 3 | K16: 同一产品的所有申请或递交的研究中受试者的唯一标识符。
A17: MHSEQ | B17: 序号 | C17: Num | F17: 衍生 | G17: 必需 | H17: 按照变量 STUDYID, USUBJID, MHCAT, MHSCAT, MHSPID, MHDECOD排序. .在每个USUBJID开始的时候用1开始重新编号 (循环地排序). | I17: SDTM | J17: =ROW()-13 -> 4 | K17: 序列号,确保每个受试者在数据集里的唯一性,可以是任意有效数值。
A18: MHGRPID | B18: 组合ID | C18: Char | D18: 25 | G18: 可有 | I18: SDTM | J18: =ROW()-13 -> 5 | K18: 用来关联域内同一受试者的一组相关记录。
A19: MHREFID | B19: 参考ID | C19: Char | D19: 25 | G19: 可有 | I19: SDTM | J19: =ROW()-13 -> 6 | K19: 内部或外部既往病史编号。
A20: MHSPID | B20: 自定义标识符 | C20: Char | D20: 25 | F20: CRF Page 6 | G20: 可有 | H20: [MH]MH.SN 注:如果MHSPID只有一位数字 需要用'0'补充. | I20: SDTM | J20: =ROW()-13 -> 7 | K20: 申办者定义的参考编号。也许被预先打印在CRF上作为明确的行号,或被定义在申办者的操作数据库内。例如:在既往病史页面上的行号。
A21: MHTERM | B21: 病史报告名称 | C21: Char | D21: 200 | F21: CRF Page 6 | G21: 必需 | H21: [MH]MH.MHTERM [TH]TH,THTERM | I21: SDTM | J21: =ROW()-13 -> 8 | K21: 身体状况或事件的原本描述或预先打印在CRF上的术语。
A22: MHMODIFY | B22: 修正词 | C22: Char | D22: 200 | G22: 可有 | I22: SDTM | J22: =ROW()-13 -> 9 | K22: 如果修正了MHTERM以便编码,那么MHMODIFY将包含修正后的文本。
A23: MHDECOD | B23: 标准化名称 | C23: Char | D23: 200 | E23: * | F23: 指定 | G23: 可有 | H23: 连接外部coding文件:"F:\SU_Files\Affiliates\QILU\QL1706-101\csr\dev\data\raw\QL1706-101_医学编码报告_百奥知_11JAN2021"的"MedDRA编码明细"表单, 取"首选语" 通过研究中心编号, 受试者代码, 序号, 逐词术语匹配SITEID, SUBJID, SN, MHTERM 注: 若外部文件编码是空则直接放空,无需显示为未编码. | I23: SDTM | J23: =ROW()-13 -> 10 | K23: 根据字典,对MHTERM和MHMODIFY进行编码得到的文本描述,等同于首选术语(MedDRA中的PT)申办者应在 Define 数据定义文档中详述申办者注释栏内的字典名称和版本。
A24: MHCAT | B24: 类别 | C24: Char | D24: 100 | E24: * | F24: CRF Pages 6 7 | G24: 可有 | H24: [MH]'既往/现病史' [TH]'肿瘤病史' | I24: SDTM | J24: =ROW()-13 -> 11 | K24: 用来定义相关记录的类别。例如:心脏病的(CARDIAC)或普通( GENERAL)。
A25: MHSCAT | B25: 子类 | C25: Char | D25: 100 | E25: * | F25: 指定 | G25: 可有 | H25: [TH]TH.THCAT 当THCAT='01'时,则='肺癌'; 当THCAT='02'时,则='肝癌'; 当THCAT='03'时,则='食管癌'; 当THCAT='04'时,则='胃癌'; 当THCAT='05'时,则='头颈部鳞癌'; 当THCAT='06'时,则='鼻咽癌'; 当THCAT='07'时,则='肾癌'; 当THCAT='08'时,则='尿路上皮癌'; 当THCAT='09'时,则='前列腺癌'; 当THCAT='10'时,则='黑色素癌'; 当THCAT='11'时,则='神经内分泌肿瘤'; 当THCAT='12'时,则='结直肠癌'; 当THCAT='13'时,则='乳腺癌'; 当THCAT='14'时,则='宫颈癌'; 当THCAT='15'时,则='淋巴瘤'; 当THCAT='99'时,则='其他'; | I25: SDTM | J25: =ROW()-13 -> 12 | K25: 状况或事件的进一步分类。
A26: MHPRESP | B26: 预设 | C26: Char | D26: 10 | E26: (NY) | G26: 可有 | I26: SDTM | J26: =ROW()-13 -> 13 | K26: "Y"表示既往病史事件是 CRF 上预先定义的。如果是自发报告时间则其值为空(这些作为自由文本来采集)
A27: MHOCCUR | B27: 是否发生 | C27: Char | D27: 10 | E27: (NY) | G27: 可有 | I27: SDTM | J27: =ROW()-13 -> 14 | K27: 在征集特定既往病史事件发生的时候使用,以指出既往病史状况是否曾经出现过。 对于自发报告的事件为空值。
A28: MHSTAT | B28: 未做状态 | C28: Char | D28: 10 | E28: (ND) | G28: 可有 | I28: SDTM | J28: =ROW()-13 -> 15 | K28: 状态用来表示预先设定的问题没有被回答。
A29: MHREASND | B29: 未做原因 | C29: Char | D29: 200 | G29: 可有 | I29: SDTM | J29: =ROW()-13 -> 16 | K29: 描述了既往病史没有被采集的原因。当 MHSTAT值为"NOT DONE"的时候,MHREASND与MHSTAT 配合使用。
A30: MHBODSYS | B30: 系统器官分类 | C30: Char | D30: 200 | E30: * | F30: 指定 | G30: 可有 | H30: 用 MedDRA编码的主要的系统器官分类 注:外部文件为QL1706-101_医学编码报告_百奥知_11JAN2021,选取"MedDRA编码明细"表中的变量"系统器官分类""通过研究中心编号,受试者代码,序号,逐词术语匹配 注: 若外部文件编码是空则直接放空,无需显示为未编码. | I30: SDTM | J30: =ROW()-13 -> 17 | K30: 词典派生。涉及事件或标准等级测量(MedDRA) 的身体系统或器官分类。当使用多轴字典(如 MedDRA)时,它应该包含用于主办方的分析和汇总表的SOC,而这些不一定是主要SOC。
A31: MHDTC | B31: 采集日期/时间 | C31: Char | D31: 20 | E31: ISO 8601 | G31: 可有 | I31: SDTM | J31: =ROW()-13 -> 18
A32: MHSTDTC | B32: 开始日期/时间 | C32: Char | D32: 20 | E32: ISO 8601 | F32: CRF Pages 6 7 | G32: 可有 | H32: [MH]MH.MHSTDAT [TH]TH,THFDAT | I32: SDTM | J32: =ROW()-13 -> 19
A33: MHENDTC | B33: 结束日期/时间 | C33: Char | D33: 20 | E33: ISO 8601 | F33: CRF Page 6 | G33: 可有 | H33: [MH]MH.MHENDAT | I33: SDTM | J33: =ROW()-13 -> 20
A34: MHDY | B34: 采集日 | C34: Num | G34: 可有 | I34: SDTM | J34: =ROW()-13 -> 21 | K34: 1.以天的形式记录的既往病史采集的研究日。2.算法则必须与受试者人口学资料中由申办者定义的RFSTDTC变量有关,计算公式应在在递交中保持一致。
A35: MHENRF | B35: 结束时间-相对参照区间 | C35: Char | D35: 20 | E35: (STENRF) | F35: CRF Page 6 | G35: 可有 | H35: ='持续'如果MHONGO='是' | I35: SDTM | J35: =ROW()-13 -> 22 | K35: 根据申办者定义的参考期定义事件的结尾。申办者定义的参考期是一个连续的时间参考区间。这个参考区间以一个开始点和结束点来定义(由人口统计域中的RFSTDTC和RFENDTC表示)
A36: MHENRTPT | B36: 结束时间-相对参照时点 | C36: Char | D36: 20 | E36: (STENRF) | G36: 可有 | I36: SDTM | J36: =ROW()-13 -> 23 | K36: 标识事件的结尾在参考时间点的之前或之后。这个参照时间点由变量MHENTPT定义。
A37: MHENTPT | B37: 结束时间的参照时点 | C37: Char | D37: 100 | G37: 可有 | I37: SDTM | J37: =ROW()-13 -> 24 | K37: 以 ISO 8601 字符格式的日期/时间描述的 MHENRTPT 引用的参照时间点。 例如: "2003-12-15" 或者"VISIT 2"。
A38: MHONGO | B38: 正在进行 | C38: Char | D38: 200 | E38: NY | F38: CRF Page 6 | H38: [MH]MH,MHONGO ='是',如果MH.MHONGO="1"; ='否',如果MH.MHONGO="2". | I38: SUPP | J38: =ROW()-13 -> 25
A39: MHSOCCD | B39: 主要的系统器官分类代码 | C39: Char | D39: 200 | E39: MedDRA | F39: 指定 | H39: 用 MedDRA编码的主要的系统器官分类代码 注:外部文件为QL1706-101_医学编码报告_百奥知_11JAN2021,选取"MedDRA编码明细"表中的变量"系统器官分类代码""通过研究中心编号,受试者代码,序号,逐词术语匹配 注: 若外部文件编码是空则直接放空,无需显示为未编码. | I39: SUPP | J39: =ROW()-13 -> 26
A40: MHHLGT | B40: 高层次术语 | C40: Char | D40: 200 | E40: MedDRA | F40: 指定 | H40: 用 MedDRA编码的高水平组项 注:外部文件为QL1706-101_医学编码报告_百奥知_11JAN2021,选取"MedDRA编码明细"表中的变量"高位组语""通过研究中心编号,受试者代码,序号,逐词术语匹配 注: 若外部文件编码是空则直接放空,无需显示为未编码. | I40: SUPP | J40: =ROW()-13 -> 27
A41: MHHLGTCD | B41: 高层次术语代码 | C41: Char | D41: 200 | E41: MedDRA | F41: 指定 | H41: "用 MedDRA编码的高水平组项代码 注:外部文件为QL1706-101_医学编码报告_百奥知_11JAN2021,选取""MedDRA编码明细""表中的变量""高位组语代码""通过研究中心编号,受试者代码,序号,逐词术语匹配 注: 若外部文件编码是空则直接放空,无需显示为未编码. | I41: SUPP | J41: =ROW()-13 -> 28
A42: MHHLT | B42: 高水平组术语 | C42: Char | D42: 200 | E42: MedDRA | F42: 指定 | H42: 用 MedDRA编码的高层次术语 注:外部文件为QL1706-101_医学编码报告_百奥知_11JAN2021,选取"MedDRA编码明细"表中的变量"高位语"通过研究中心编号,受试者代码,序号,逐词术语匹配 注: 若外部文件编码是空则直接放空,无需显示为未编码. | I42: SUPP | J42: =ROW()-13 -> 29
A43: MHHLTCD | B43: 高水平组术语代码 | C43: Char | D43: 200 | E43: MedDRA | F43: 指定 | H43: 用 MedDRA编码的高层次术语代码 注:外部文件为QL1706-101_医学编码报告_百奥知_11JAN2021,选取"MedDRA编码明细"表中的变量"高位语代码"通过研究中心编号,受试者代码,序号,逐词术语匹配 注: 若外部文件编码是空则直接放空,无需显示为未编码. | I43: SUPP | J43: =ROW()-13 -> 30
A44: MHPREF | B44: 首选术语 | C44: Char | D44: 200 | E44: MedDRA | F44: 指定 | H44: 用 MedDRA编码的首选语 注:外部文件为QL1706-101_医学编码报告_百奥知_11JAN2021,选取"MedDRA编码明细"表中的变量"高位语"通过研究中心编号,受试者代码,序号,逐词术语匹配 注: 若外部文件编码是空则直接放空,无需显示为未编码. | I44: SUPP | J44: =ROW()-13 -> 31
A45: MHPREFCD | B45: 首选术语代码 | C45: Char | D45: 200 | E45: MedDRA | F45: 指定 | H45: 用 MedDRA编码的首选语代码 注:外部文件为QL1706-101_医学编码报告_百奥知_11JAN2021,选取"MedDRA编码明细"表中的变量"首选语代码"通过研究中心编号,受试者代码,序号,逐词术语匹配 注: 若外部文件编码是空则直接放空,无需显示为未编码. | I45: SUPP | J45: =ROW()-13 -> 32
A46: MHLLT | B46: 最低层次的术语 | C46: Char | D46: 200 | E46: MedDRA | F46: 指定 | H46: 用 MedDRA编码的最低层次术语 注:外部文件为QL1706-101_医学编码报告_百奥知_11JAN2021,选取"MedDRA编码明细"表中的变量"低位语"通过研究中心编号,受试者代码,序号,逐词术语匹配 注: 若外部文件编码是空则直接放空,无需显示为未编码. | I46: SUPP | J46: =ROW()-13 -> 33
A47: MHLLTCD | B47: 最低层次的术语代码 | C47: Char | D47: 200 | E47: MedDRA | F47: 指定 | H47: 用 MedDRA编码的最低层次术语代码 注:外部文件为QL1706-101_医学编码报告_百奥知_11JAN2021,选取"MedDRA编码明细"表中的变量"低位语代码"通过研究中心编号,受试者代码,序号,逐词术语匹配 注: 若外部文件编码是空则直接放空,无需显示为未编码. | I47: SUPP | J47: =ROW()-13 -> 34
A48: MHDVER | B48: 字典版本 | C48: Char | D48: 200 | E48: MedDRA | F48: 指定 | H48: 用 MedDRA编码的词典版本 注:外部文件为QL1706-101_医学编码报告_百奥知_11JAN2021,选取"MedDRA编码明细"表中的变量"词典版本"通过研究中心编号,受试者代码,序号,逐词术语匹配 注: 若外部文件编码是空则直接放空,无需显示为未编码. | I48: SUPP | J48: =ROW()-13 -> 35
A49: MHCOM | B49: 备注 | C49: Char | D49: 200 | F49: CRF Page 6 | H49: [MH]MH.MHCOM | I49: SUPP | J49: =ROW()-13 -> 36
A50: MHCATOT | B50: 其他肿瘤类型 | C50: Char | D50: 200 | F50: CRF Page 7 | H50: [TH]TH.CATOTH | I50: SUPP | J50: =ROW()-13 -> 37
A51: THLCAT | B51: 肺癌类型 | C51: Char | D51: 200 | F51: CRF Page 7 | H51: [TH]TH.THLCAT 当THLCAT='1'时,则='小细胞肺癌'; 当THLCAT='2'时,则='非小细胞肺癌'; 当THLCAT='99'时,则='其他'; | I51: SUPP | J51: =ROW()-13 -> 38
A52: NSCAT | B52: 非小细胞肺癌组织病理学分型 | C52: Char | D52: 200 | F52: CRF Page 7 | H52: [TH]TH.NSCAT 当NSCAT='1'时,则='腺癌'; 当NSCAT='2'时,则='鳞状细胞癌'; 当NSCAT='3'时,则='NSCLC-NOS'; 当NSCAT='99'时,则='其他'; | I52: SUPP | J52: =ROW()-13 -> 39
A53: NSCATOT | B53: 其他非小细胞肺癌描述 | C53: Char | D53: 200 | F53: CRF Page 7 | H53: [TH]TH.NSCATOTH | I53: SUPP | J53: =ROW()-13 -> 40
A54: THLOTH | B54: 其他肺癌组织病理学分型 | C54: Char | D54: 200 | F54: CRF Page 7 | H54: [TH]TH.THLOTH | I54: SUPP | J54: =ROW()-13 -> 41
A55: THNLCAT | B55: 非肺癌组织病理学分型 | C55: Char | D55: 200 | F55: CRF Page 7 | H55: [TH]TH.THNLCAT 当THNLCAT='1'时,则='腺癌'; 当THNLCAT='2'时,则='鳞状细胞癌'; 当THNLCAT='3'时,则='腺鳞癌'; 当THNLCAT='4'时,则='未分化癌'; 当THNLCAT='99'时,则='其他'; | I55: SUPP | J55: =ROW()-13 -> 42
A56: NLCATOT | B56: 其他非肺癌组织病理学分型 | C56: Char | D56: 200 | F56: CRF Page 7 | H56: [TH]TH.NLCATOTH | I56: SUPP | J56: =ROW()-13 -> 43
A58: CONTENT

Sheet MI
A1: MI Domain Mapping Specifications
A2: 方案编号: | D2: =CONTENT!$B$3 -> XXXXX
A3: SDTM 版本: | D3: =CONTENT!$B$4 -> 3.2
A4: SDTM 数据集描述: | D4: =CONTENT!$B$26 -> 显微镜发现
A5: SDTM 数据集结构: | D5: =CONTENT!$C$26 -> 每个受试者每个样本每个发现一条记录
A6: 程序名称: | D6: =CONTENT!$D$26 -> mi.sas
A7: 常规观测分类: | D7: =CONTENT!$E$26 -> 发现
A8: 数据来源: | D8: =CONTENT!$F$26 -> XXXX
A9: 关键变量: | D9: =CONTENT!$G$26 -> STUDYID, USUBJID, VISITNUM, MITESTCD
A10: 排序变量: | D10: =CONTENT!$H$26 -> STUDYID, USUBJID, VISITNUM, MITESTCD
A11: 提取规则: | D11: =CONTENT!$I$26 -> XXXX
A13: 变量名称 | B13: 变量标签 | C13: 类型 | D13: 长度 | E13: 受控术语或格式 | F13: 来源 | G13: 核心类别 | H13: 转换定义 | I13: 变量类型 | J13: 变量顺序 | K13: 定义注释
A14: STUDYID | B14: 研究标识符 | C14: Char | D14: 20 | G14: 必需 | I14: SDTM | J14: =ROW()-13 -> 1 | K14: 研究的唯一标识符。
A15: DOMAIN | B15: 域名缩写 | C15: Char | D15: 2 | E15: MI | G15: 必需 | I15: SDTM | J15: =ROW()-13 -> 2 | K15: 两字符域名缩写
A16: USUBJID | B16: 受试者唯一标识符 | C16: Char | D16: 30 | G16: 必需 | I16: SDTM | J16: =ROW()-13 -> 3 | K16: 同一产品的所有申请或递交的研究中受试者的唯一标识符。
A17: MISEQ | B17: 序号 | C17: Num | G17: 必需 | I17: SDTM | J17: =ROW()-13 -> 4 | K17: 序号,用于确保受试者记录在数据集里的唯一性。可以是任意有效数字。
A18: MIGRPID | B18: 组合ID | C18: Char | D18: 25 | G18: 可有 | I18: SDTM | J18: =ROW()-13 -> 5 | K18: 用于关联单一域内用于补充同一受试者域内或域间的一组相关记录。
A19: MIREFID | B19: 参考ID | C19: Char | D19: 25 | G19: 可有 | I19: SDTM | J19: =ROW()-13 -> 6 | K19: 内部或外部标识符,例如:标本号。
A20: MISPID | B20: 自定义标识符 | C20: Char | D20: 25 | G20: 可有 | I20: SDTM | J20: =ROW()-13 -> 7 | K20: 申办者定义的参考编号。可能作为显示行标识符预先印刷在 CRF 上,或者被定义在申办者操作数据库中。 例如:MI 发现页中的序列号。
A21: MITESTCD | B21: 检测项简称 | C21: Char | D21: 8 | E21: * | G21: 必需 | I21: SDTM | J21: =ROW()-13 -> 8 | K21: MITEST 的简称,用作数据集从纵向格式转化为横向格式时的列名。缩写值长度不得超过 8 个字符,不能以数字开 头,不得包含除字母、数字或下划线之外的字符。 例如革兰氏染色结果:GMNROD, GMNCOC, GMSQEPCE,GMPMNLOW; 例如培养皿的发现:ORGANISM。
A22: MITEST | B22: 检测项名称 | C22: Char | D22: 40 | E22: * | G22: 必需 | I22: SDTM | J22: =ROW()-13 -> 9 | K22: 用于获得测量或发现的字面名称。 MITEST 中的值不能超过 40 个字符。 例如:GRAM NEGATIVE RODS(革兰氏阴性杆菌), GRAM NEGATIVE COCCI(革兰氏阴性球菌), SQUAMOUS EPITHELIAL CELLS(鳞状上皮细胞),PMN PER FIELD LOW(每个视野的多形核白细胞低), ORGANISM PRESENT(微生物呈现)。
A23: MITSTDTL | B23: 检测项详情 | C23: Char | D23: 100 | G23: 可有 | I23: SDTM | J23: =ROW()-13 -> 10 | K23: 进一步的描述执行 MI 结果的检测。 该变量用来展现生物标志物或化合物存在的细胞强度评分或者百分比的具体属性。
A24: MICAT | B24: 类别 | C24: Char | D24: 100 | E24: * | G24: 可有 | I24: SDTM | J24: =ROW()-13 -> 11 | K24: 用于定义相关记录的分类。
A25: MISCAT | B25: 子类 | C25: Char | D25: 100 | E25: * | G25: 可有 | I25: SDTM | J25: =ROW()-13 -> 12 | K25: 用于定义 MICAT 相关记录的进一步分类。
A26: MIORRES | B26: 原始结果 | C26: Char | D26: 200 | G26: 期望 | I26: SDTM | J26: =ROW()-13 -> 13 | K26: 原始接收或采集的组织病理学测量或发现的结果。
A27: MIORRESU | B27: 原始单位 | C27: Char | D27: 20 | E27: (UNIT) | G27: 可有 | I27: SDTM | J27: =ROW()-13 -> 14 | K27: MIORRES 的原始单位。
A28: MISTRESC | B28: 标准化结果 | C28: Char | D28: 200 | G28: 期望 | I28: SDTM | J28: =ROW()-13 -> 15 | K28: 包含从 MIORRES 中复制或以标准格式或标准单位衍生得出的所有发现结果值。MISTRESC 应以字符型格式储存所有结果;如果结果是数值型的,也应以数值格式储存在MISTRESN 中。
A29: MISTRESN | B29: 标准化结果(N) | C29: Num | G29: 可有 | I29: SDTM | J29: =ROW()-13 -> 16 | K29: 连续型或数值型的结果或发现的标准化格式;由MISTRESC 以数值型格式复制。 MISTRESN 应储存所有的数值型的检查结果或发现。
A30: MISTRESU | B30: 标准化单位 | C30: Char | D30: 20 | E30: (UNIT) | G30: 可有 | I30: SDTM | J30: =ROW()-13 -> 17 | K30: 用于 MISTRESC 和 MISTRESN 的标准化单位
A31: MIRESCAT | B31: 结果类别 | C31: Char | D31: 100 | E31: * | G31: 可有 | I31: SDTM | J31: =ROW()-13 -> 18 | K31: 用于对标准格式的发现结果分类。 例如肿瘤发现MALIGNANT(恶性),BENIGN(良性)
A32: MISTAT | B32: 未做状态 | C32: Char | D32: 10 | E32: (ND) | G32: 可有 | I32: SDTM | J32: =ROW()-13 -> 19 | K32: 用于指出检测未做或者结果缺失。 如果 MIORRES 有值则该变量为空值(null)或者 MIORRES=NULL 则该变量为未做(NOT DONE)。
A33: MIREASND | B33: 未做原因 | C33: Char | D33: 200 | G33: 可有 | I33: SDTM | J33: =ROW()-13 -> 20 | K33: 描述未做的原因。MISTAT 值为未做(NOT DONE)时使用。例如:样本自溶或者标本丢失。
A34: MINAM | B34: 实验室/供应商名称 | C34: Char | D34: 40 | G34: 可有 | I34: SDTM | J34: =ROW()-13 -> 21 | K34: 提供检测结果的实验室或供应商名称或标识符。
A35: MISPEC | B35: 样本类型 | C35: Char | D35: 50 | E35: (SPECTYPE) | G35: 必需 | I35: SDTM | J35: =ROW()-13 -> 22 | K35: 用于定义测量样本的类型。例如:TISSUE(组织),BLOOD(血), BONE MARROW(骨髓)
A36: MISPCCND | B36: 样本状况 | C36: Char | D36: 50 | E36: (SPECCOND) | G36: 期望 | I36: SDTM | J36: =ROW()-13 -> 23 | K36: 自定义或者标准文字描述样本状况。 例如:AUTOLYZED(自溶)
A37: MILOC | B37: 部位 | C37: Char | D37: 40 | E37: (LOC) | G37: 可有 | I37: SDTM | J37: =ROW()-13 -> 24 | K37: 标本采集到的相关部位。例如: LUNG(肺), KNEE JOINT(关节), ARM(手臂), THIGH(大腿)
A38: MILAT | B38: 偏侧 | C38: Char | D38: 40 | E38: (LAT) | G38: 可有 | I38: SDTM | J38: =ROW()-13 -> 25 | K38: MILOC 标本部位的偏侧修饰。 例如:LEFT(左边),RIGHT(右边),BILATERAL(两边)。
A39: MIDIR | B39: 方位 | C39: Char | D39: 40 | E39: (DIR) | G39: 可有 | I39: SDTM | J39: =ROW()-13 -> 26 | K39: MILOC 标本部位的方向修饰。 例如:DORSAL(背), PROXIMAL.(股骨近端)。
A40: MIMETHOD | B40: 检测方法 | C40: Char | D40: 100 | E40: (METHOD) | G40: 可有 | I40: SDTM | J40: =ROW()-13 -> 27 | K40: 检测方法,包括用于载玻片的技术或染色方法。 例如: IHC, crystal violet(水晶紫), safranin(番红),trypan blue(台盼蓝), propidium iodide(碘化丙靛)
A41: MIBLFL | B41: 基线标帜 | C41: Char | D41: 3 | E41: (NY) | G41: 可有 | I41: SDTM | J41: =ROW()-13 -> 28 | K41: 用于标识基线的标识符。 其值应为 Y 或者空值。
A42: MIEVAL | B42: 评估者 | C42: Char | D42: 100 | E42: (EVAL) | G42: 可有 | I42: SDTM | J42: =ROW()-13 -> 29 | K42: 提供评估的人的角色。 例如:PATHOLOGIST(病理学家), PEER REVIEW(同行评审), SPONSOR PATHOLOGIST(申办方病理学家)。
A43: VISITNUM | B43: 访视编号 | C43: Num | G43: 期望 | I43: SDTM | J43: =ROW()-13 -> 30 | K43: 1. 临床访视号 2. 访视(VISIT)的数值型版本,用于排序。
A44: VISIT | B44: 访视名称 | C44: Char | D44: 100 | G44: 可有 | I44: SDTM | J44: =ROW()-13 -> 31 | K44: 1. 方案定义的临床访视描述。 2. 可作为 VISITNUM 和/或VISITDY 的补充
A45: VISITDY | B45: 计划访视日 | C45: Num | G45: 可有 | I45: SDTM | J45: =ROW()-13 -> 32 | K45: 基于人口学数据中 RFSTDTC 的计划访视研究日
A46: EPOCH | B46: 时期 | C46: Char | D46: 100 | G46: 可有 | I46: SDTM | J46: =ROW()-13 -> 33 | K46: 与受试者所被分配组内的计划元素序列相关联元素的时期
A47: MIDTC | B47: 样本采集日期/时间 | C47: Char | D47: 20 | E47: ISO 8601 | G47: 期望 | I47: SDTM | J47: =ROW()-13 -> 34 | K47: 样本采集日期/时间,ISO 8601 格式。
A48: MIDY | B48: 样本采集日 | C48: Num | G48: 可有 | I48: SDTM | J48: =ROW()-13 -> 35 | K48: 1. 样本采集测量的研究日,以整天数形式度量 2. 计算方法 必须基于申办方定义在人口学域中的变量 RFSTDTC。 该 计算公式在整个研究递交中需保持一致。
A50: CONTENT

Sheet MO
A1: MO Domain Mapping Specifications
A2: 方案编号: | D2: =CONTENT!$B$3 -> XXXXX
A3: SDTM 版本: | D3: =CONTENT!$B$4 -> 3.2
A4: SDTM 数据集描述: | D4: =CONTENT!$B$27 -> 形态学发现
A5: SDTM 数据集结构: | D5: =CONTENT!$C$27 -> 每个受试者每个访视每个时间点每个部位每个形态学发现一条记录
A6: 程序名称: | D6: =CONTENT!$D$27 -> mo.sas
A7: 常规观测分类: | D7: =CONTENT!$E$27 -> 发现
A8: 数据来源: | D8: =CONTENT!$F$27 -> XXXX
A9: 关键变量: | D9: =CONTENT!$G$27 -> STUDYID, USUBJID, VISITNUM, MOTESTCD
A10: 排序变量: | D10: =CONTENT!$H$27 -> STUDYID, USUBJID, VISITNUM, MOTESTCD
A11: 提取规则: | D11: =CONTENT!$I$27 -> XXXX
A13: 变量名称 | B13: 变量标签 | C13: 类型 | D13: 长度 | E13: 受控术语或格式 | F13: 来源 | G13: 核心类别 | H13: 转换定义 | I13: 变量类型 | J13: 变量顺序 | K13: 定义注释
A14: STUDYID | B14: 研究标识符 | C14: Char | D14: 20 | G14: 必需 | I14: SDTM | J14: =ROW()-13 -> 1 | K14: 研究的唯一标识符
A15: DOMAIN | B15: 域名缩写 | C15: Char | D15: 2 | E15: MO | G15: 必需 | I15: SDTM | J15: =ROW()-13 -> 2 | K15: 两字符域名缩写
A16: USUBJID | B16: 受试者唯一标识符 | C16: Char | D16: 30 | G16: 必需 | I16: SDTM | J16: =ROW()-13 -> 3 | K16: 同一产品的所有申请或递交的研究中受试者的唯一标识符
A17: MOSEQ | B17: 序号 | C17: Num | G17: 必需 | I17: SDTM | J17: =ROW()-13 -> 4 | K17: 序号,用于确保受试者记录在数据集里的唯一性。可以是任意有效数字。
A18: MOGRPID | B18: 组合ID | C18: Char | D18: 25 | G18: 可有 | I18: SDTM | J18: =ROW()-13 -> 5 | K18: 用于关联单一域内用于补充同一受试者域内或域间的一组相关记录。
A19: MOREFID | B19: 参考ID | C19: Char | D19: 25 | G19: 可有 | I19: SDTM | J19: =ROW()-13 -> 6 | K19: 内部或外部标识符,例如:标本号。
A20: MOSPID | B20: 自定义标识符 | C20: Char | D20: 25 | G20: 可有 | I20: SDTM | J20: =ROW()-13 -> 7 | K20: 申办者定义的参考编号。可能作为显示行标识符预先印刷在 CRF上,或者被定义在申办者操作数据库中。例如:MI发现页中的序列号。
A21: MOLNKID | B21: 链接ID | C21: Char | D21: 25 | G21: 可有 | I21: SDTM | J21: =ROW()-13 -> 8 | K21: 用来链接操作结果与所做操作的标识符。
A22: MOTESTCD | B22: 检查项简称 | C22: Char | D22: 8 | E22: (MOTESTCD) | G22: 必需 | I22: SDTM | J22: =ROW()-13 -> 9 | K22: MOTEST的简称,用作数据集从纵向格式转化为横向格式时的列名。缩写值长度不得超过8个字符,不能以数字开头,不得包含除字母、数字或下划线之外的字符。例如:VOLUME,INTP。
A23: MOTEST | B23: 检查项名称 | C23: Char | D23: 40 | E23: (MOTEST) | G23: 必需 | I23: SDTM | J23: =ROW()-13 -> 10 | K23: 用于获得测量或发现的字面名称。MOTEST中的值不能超过40个字符。例如:Volume(体积),Interpretation(解释)。
A24: MOCAT | B24: 类别 | C24: Char | D24: 100 | E24: * | G24: 可有 | I24: SDTM | J24: =ROW()-13 -> 11 | K24: 用于定义相关记录的分类。
A25: MOSCAT | B25: 子类 | C25: Char | D25: 100 | E25: * | G25: 可有 | I25: SDTM | J25: =ROW()-13 -> 12 | K25: 用于定义MOCAT相关记录的进一步分类。
A26: MOPOS | B26: 体位 | C26: Char | D26: 40 | E26: (POSITION) | G26: 可有 | I26: SDTM | J26: =ROW()-13 -> 13 | K26: 受试者检测或者测试时的位置。例如:SUPINE(仰卧), STANDING(站立). SITTING(坐下).
A27: MOORRES | B27: 原始结果 | C27: Char | D27: 200 | G27: 期望 | I27: SDTM | J27: =ROW()-13 -> 14 | K27: 原始接收或采集的组织病理学测量或发现的结果。
A28: MOORRESU | B28: 原始单位 | C28: Char | D28: 20 | E28: (UNIT) | G28: 可有 | I28: SDTM | J28: =ROW()-13 -> 15 | K28: MOORRES的原始单位。
A29: MOSTRESC | B29: 标准化结果 | C29: Char | D29: 200 | G29: 期望 | I29: SDTM | J29: =ROW()-13 -> 16 | K29: 包含从MOORRES中复制或以标准格式或标准单位衍生得出的所有发现结果值。MOSTRESC应以字符型格式储存所有结果;如果结果是数值型的,也应以数值格式储存在MOSTRESN中。
A30: MOSTRESN | B30: 标准化结果(N) | C30: Num | G30: 可有 | I30: SDTM | J30: =ROW()-13 -> 17 | K30: 连续型或数值型的结果或发现的标准化格式;由MOSTRESC以数值型格式复制。MOSTRESN应储存所有的数值型的检查结果或发现。
A31: MOSTRESU | B31: 标准化单位 | C31: Char | D31: 20 | E31: (UNIT) | G31: 可有 | I31: SDTM | J31: =ROW()-13 -> 18 | K31: 用于MOSTRESC和MOSTRESN的标准化单位
A32: MOSTAT | B32: 未做状态 | C32: Char | D32: 10 | E32: (ND) | G32: 可有 | I32: SDTM | J32: =ROW()-13 -> 19 | K32: 用于指出检测未做或者结果缺失。如果MOORRES有值则该变量为空值(null)或者MOORRES=NULL则该变量为未做(NOT DONE)。
A33: MOREASND | B33: 未做原因 | C33: Char | D33: 200 | G33: 可有 | I33: SDTM | J33: =ROW()-13 -> 20 | K33: 描述未做的原因。MOSTAT 值为未做(NOT DONE)时使用。 例如:设备坏掉或者受试者拒绝。
A34: MOXFN | B34: 外部文件路径 | C34: Char | D34: 100 | G34: 可有 | I34: SDTM | J34: =ROW()-13 -> 21 | K34: 外部文件的文件路径
A35: MONAM | B35: 实验室/供应商名称 | C35: Char | D35: 40 | G35: 可有 | I35: SDTM | J35: =ROW()-13 -> 22 | K35: 提供检查结果的实验室或供应商名称或标识符。
A36: MOLOC | B36: 部位 | C36: Char | D36: 40 | E36: (LOC) | G36: 可有 | I36: SDTM | J36: =ROW()-13 -> 23 | K36: 检测采集的相关部位。例如:BRAIN(大脑),KIDNEY(肾脏),LIVER(肝脏)。
A37: MOLAT | B37: 偏侧 | C37: Char | D37: 40 | E37: (LAT) | G37: 可有 | I37: SDTM | J37: =ROW()-13 -> 24 | K37: MOLOC标本部位的偏侧修饰。 例如:LEFT(左边),RIGHT(右边),BILATERAL(两边)。
A38: MODIR | B38: 方位 | C38: Char | D38: 40 | E38: (DIR) | G38: 可有 | I38: SDTM | J38: =ROW()-13 -> 25 | K38: 受试者标本的方向修饰。例如:DORSAL(背),PROXIMAL(股骨近端)。
A39: MOPORTOT | B39: 部分 | C39: Char | D39: 40 | E39: (PORTOT) | G39: 可有 | I39: SDTM | J39: =ROW()-13 -> 26 | K39: 解剖位置或者被安排/分配的整体的部分标本的修饰。
A40: MOMETHOD | B40: 检查方法 | C40: Char | D40: 100 | E40: (METHOD) | G40: 可有 | I40: SDTM | J40: =ROW()-13 -> 27 | K40: 检查的方法。
A41: MOANMETH | B41: 汇总分析方法 | C41: Char | D41: 100 | E41: * | G41: 可有 | I41: SDTM | J41: =ROW()-13 -> 28 | K41: 应用于得到汇总结果的分析方法。例如:STEREOLOGY(体视)。
A42: MOBLFL | B42: 基线标帜 | C42: Char | D42: 3 | E42: (NY) | G42: 可有 | I42: SDTM | J42: =ROW()-13 -> 29 | K42: 用于标识基线的标识符。其值应为Y或者空值。
A43: MODRVFL | B43: 衍生标帜 | C43: Char | D43: 3 | E43: (NY) | G43: 可有 | I43: SDTM | J43: =ROW()-13 -> 30 | K43: 用于标识衍生记录。值应为Y或者空值。用来表示其他一些记录的均值或者其他衍生出来的,或者其他并不是从CRF采集,但从样本记录中衍生出来用于递交的数据。如果MODRVFL=Y,则 MOORRES应为空值,MOSTRESC和MOSTRESN有衍生出来的值。
A44: MOEVAL | B44: 评估者 | C44: Char | D44: 100 | E44: (EVAL) | G44: 可有 | I44: SDTM | J44: =ROW()-13 -> 31 | K44: 提供评估的人的角色,其结果来自主观结果(例如 被指定的一个人或者一个组织)。如果是采集到的或者衍生的数据,则该变量应为空。例如:INVESTIGATOR(研究者),ADJUDICATION COMMITTEE(裁决委员会), VENDOR(供应商)。
A45: VISITNUM | B45: 访视编号 | C45: Num | G45: 期望 | I45: SDTM | J45: =ROW()-13 -> 32 | K45: 1.临床访视号 2.访视(VISIT)的数值型版本,用于排序。
A46: VISIT | B46: 访视名称 | C46: Char | D46: 100 | G46: 可有 | I46: SDTM | J46: =ROW()-13 -> 33 | K46: 1.方案定义的临床访视描述。 2.可作为VISITNUM和/或 VISITDY 的补充
A47: VISITDY | B47: 计划访视日 | C47: Num | G47: 可有 | I47: SDTM | J47: =ROW()-13 -> 34 | K47: 基于人口学数据中RFSTDTC的计划访视研究日
A48: EPOCH | B48: 时期 | C48: Char | D48: 100 | G48: 可有 | I48: SDTM | J48: =ROW()-13 -> 35 | K48: 与受试者所被分配组内的计划元素序列相关联元素的时期
A49: MODTC | B49: 检查日期/时间 | C49: Char | D49: 20 | E49: ISO 8601 | G49: 期望 | I49: SDTM | J49: =ROW()-13 -> 36 | K49: 样本采集日期/时间,ISO 8601格式。
A50: MODY | B50: 检查日 | C50: Num | G50: 可有 | I50: SDTM | J50: =ROW()-13 -> 37 | K50: 1.样本采集测量的研究日,以整天数形式度量 2.计算方法必须基于申办方定义在人口学域中的变量 RFSTDTC。该计算公式在整个研究递交中需保持一致。
A51: MOTPT | B51: 计划时点名称 | C51: Char | D51: 100 | G51: 可有 | I51: SDTM | J51: =ROW()-13 -> 38 | K51: 1. 样本采集时间点的文本描述。 2.可以表示相对于 固定的参照时间点的时间,如最后一次用药时间。 参见 MOTPTNUM 和 MOTPTREF。 例如:开始, 五分钟后。
A52: MOTPTNUM | B52: 计划时点编号 | C52: Num | G52: 可有 | I52: SDTM | J52: =ROW()-13 -> 39 | K52: MOTPT 的数字版本,协助排序。
A53: MOELTM | B53: 距离参照时点计划时间 | C53: Char | D53: 20 | E53: ISO 8601 | G53: 可有 | I53: SDTM | J53: =ROW()-13 -> 40 | K53: 相对于参照的计划固定时间(MOTPTREF)的偏离时间。这个变量用于记录重复测量很方便,并不是一个时间变量,用 ISO 8601持续时间的方式来记录。例如:-PT15M代表参照时间点 MOTPTREF前15分钟,PT8H代表参照时间点MOTPTREF之后的8小时。
A54: MOTPTREF | B54: 参照时点 | C54: Char | D54: 100 | G54: 可有 | I54: SDTM | J54: =ROW()-13 -> 41 | K54: 根据 MOELTM,MOTPTNUM和MOTPT参照的固定参照点。 如:PREVIOUS DOSE(之前的剂量),PREVIOUS MEAL(前餐)。
A55: MORFTDTC | B55: 参照时点日期/时间 | C55: Char | D55: 20 | E55: ISO 8601 | G55: 可有 | I55: SDTM | J55: =ROW()-13 -> 42 | K55: 参照时点的日期/时间,MOTPTREF
A57: CONTENT

Sheet MS
A1: MS Domain Mapping Specifications
A2: 方案编号: | D2: =CONTENT!$B$3 -> XXXXX
A3: SDTM 版本: | D3: =CONTENT!$B$4 -> 3.2
A4: SDTM 数据集描述: | D4: =CONTENT!$B$28 -> 药敏试验
A5: SDTM 数据集结构: | D5: =CONTENT!$C$28 -> 每个受试者每个微生物每个药敏试验(或者其他微生物相关发现)一条记录
A6: 程序名称: | D6: =CONTENT!$D$28 -> ms.sas
A7: 常规观测分类: | D7: =CONTENT!$E$28 -> 发现
A8: 数据来源: | D8: =CONTENT!$F$28 -> XXXX
A9: 关键变量: | D9: =CONTENT!$G$28 -> STUDYID, USUBJID, MSTESTCD, VISITNUM, MSTPTREF, MSTPTNUM
A10: 排序变量: | D10: =CONTENT!$H$28 -> STUDYID, USUBJID, MSTESTCD, VISITNUM, MSTPTREF, MSTPTNUM
A11: 提取规则: | D11: =CONTENT!$I$28 -> XXXX
A13: 变量名称 | B13: 变量标签 | C13: 类型 | D13: 长度 | E13: 受控术语或格式 | F13: 来源 | G13: 核心类别 | H13: 转换定义 | I13: 变量类型 | J13: 变量顺序 | K13: 定义注释
A14: STUDYID | B14: 研究标识符 | C14: Char | D14: 20 | G14: 必需 | I14: SDTM | J14: =ROW()-13 -> 1 | K14: 研究的唯一标识符。
A15: DOMAIN | B15: 域名缩写 | C15: Char | D15: 2 | E15: MS | G15: 必需 | I15: SDTM | J15: =ROW()-13 -> 2 | K15: 两字符域名缩写。
A16: USUBJID | B16: 受试者唯一标识符 | C16: Char | D16: 30 | G16: 必需 | I16: SDTM | J16: =ROW()-13 -> 3 | K16: 同一产品的所有申请或递交的研究中受试者的唯一标识符。
A17: MSSEQ | B17: 序号 | C17: Num | G17: 必需 | I17: SDTM | J17: =ROW()-13 -> 4 | K17: 序号,用于确保受试者记录在数据集里的唯一性。可以是任意有效数字。
A18: MSGRPID | B18: 组合ID | C18: Char | D18: 25 | G18: 必需 | I18: SDTM | J18: =ROW()-13 -> 5 | K18: 用于关联单一域内用于补充同一受试者域内或域间的一组相关记录。在 MS 中,用于关联MB中的微生物。
A19: MSREFID | B19: 参考ID | C19: Char | D19: 25 | G19: 可有 | I19: SDTM | J19: =ROW()-13 -> 6 | K19: 内部或外部标识符,例如:标本号。
A20: MSSPID | B20: 自定义标识符 | C20: Char | D20: 25 | G20: 可有 | I20: SDTM | J20: =ROW()-13 -> 7 | K20: 申办者定义的参考编号。可能作为显示行标识符预先印刷在CRF上,或者被定义在申办者操作数据库中。例如:生物标识符。对于生物标识符,MSSPID 将每次保留在同一个生物标识符的新标本中,且保留为相同的值。
A21: MSTESTCD | B21: 检测项简称 | C21: Char | D21: 8 | E21: * | G21: 必需 | I21: SDTM | J21: =ROW()-13 -> 8 | K21: MSTEST的简称,用作数据集从纵向格式转化为横向格式时的列名。 缩写值长度不得超过8个字符,不能以数字开头,不得包含除字母、数字或下划线之外的字符。例如生长发现结果:EXTGROW,COLCOUNT. 对于耐受性发现,则为微生物发现,如:PENICLLN, AMOXCLLN。
A22: MSTEST | B22: 检测项名称 | C22: Char | D22: 40 | E22: * | G22: 必需 | I22: SDTM | J22: =ROW()-13 -> 9 | K22: 用于获得测量或发现的字面名称。 例如生长发现结果: 生长范围,菌落计数。 耐受性发现为:阿莫西林易感性,青霉素耐受性。
A23: MSCAT | B23: 类别 | C23: Char | D23: 100 | E23: * | G23: 必需 | I23: SDTM | J23: =ROW()-13 -> 10 | K23: 用于定义相关记录的分类。例如:GROWTH(生长),SUSCEPTIBILITY(耐受性)。
A24: MSSCAT | B24: 子类 | C24: Char | D24: 100 | E24: * | G24: 可有 | I24: SDTM | J24: =ROW()-13 -> 11 | K24: 用于定义MSCAT相关记录的进一步分类。例如:CULTURE(培养), ISOLATE(隔离)。
A25: MSORRES | B25: 原始结果 | C25: Char | D25: 200 | G25: 期望 | I25: SDTM | J25: =ROW()-13 -> 12 | K25: 原始接收/采集到的原微生物检测或者发现结果。例如生长情况:GROWTH INTO 3RD QUADRANT(生长到第三象限);耐受性发现:0080,0023。
A26: MSORRESU | B26: 原始单位 | C26: Char | D26: 20 | E26: (UNIT) | G26: 期望 | I26: SDTM | J26: =ROW()-13 -> 13 | K26: MSORRES的原始单位。例如:mcg/mL。
A27: MSSTRESC | B27: 标准化结果 | C27: Char | D27: 200 | G27: 期望 | I27: SDTM | J27: =ROW()-13 -> 14 | K27: 包含从 MSORRES 中复制或以标准格式或标准单位衍生得出的所有发现结果值。MSSTRESC 应以字符型格式储存所有结果;如果结果是数值型的,也应以数值格式储存在MSSTRESN 中。例如:一个 MSORRES 测试结果为"+3 MODERATE", "MOD", and "MODERATE",这些有效结果是相同的意思,他们在 MSSTRESC 中应该用标准的格式为"MODERATE"。
A28: MSSTRESN | B28: 标准化结果(N) | C28: Num | G28: 期望 | I28: SDTM | J28: =ROW()-13 -> 15 | K28: 连续型或数值型的结果或发现的标准化格式;由 MSSTRESC 以数值型格式复制。 MSSTRESN 应储存所有的数值型的检查结果或发现。
A29: MSSTRESU | B29: 标准化单位 | C29: Char | D29: 20 | E29: (UNIT) | G29: 期望 | I29: SDTM | J29: =ROW()-13 -> 16 | K29: 用于 MSSTRESC 和 MSSTRESN 的标准化单位
A30: MSRESCAT | B30: 结果类别 | C30: Char | D30: 100 | E30: (MSRESCAT) | G30: 期望 | I30: SDTM | J30: =ROW()-13 -> 17 | K30: 用于对标准格式的发现结果分类。例如微生物发现:感染,移植,污染物或正常菌群
A31: MSSTAT | B31: 未做状态 | C31: Char | D31: 10 | E31: (ND) | G31: 可有 | I31: SDTM | J31: =ROW()-13 -> 18 | K31: 用于指出微生物或者检测未做或未执行。MSORRES 值为空值(null)或者未做(NOT DONE)。
A32: MSREASND | B32: 未做原因 | C32: Char | D32: 200 | G32: 可有 | I32: SDTM | J32: =ROW()-13 -> 19 | K32: 描述未做的原因。MSSTAT 值为未做(NOT DONE)时使用。例如:样本丢失。
A33: MSNAM | B33: 实验室/供应商名称 | C33: Char | D33: 40 | G33: 可有 | I33: SDTM | J33: =ROW()-13 -> 20 | K33: 提供检测结果的实验室或供应商名称或标识符。
A34: MSLOINC | B34: LOINC编码 | C34: Char | D34: 50 | E34: * | G34: 可有 | I34: SDTM | J34: =ROW()-13 -> 21 | K34: 1.MSTEST 字典衍生的 LOINC 代码。2.申办方期望提供的字典名称和版本,用于映射define.xml 外部代码表。
A35: MSMETHOD | B35: 检测方法 | C35: Char | D35: 100 | E35: (METHOD) | G35: 期望 | I35: SDTM | J35: =ROW()-13 -> 22 | K35: 检测方法。例如:GRAM STAIN(革兰氏染色剂), MACRO BROTH DILUTION(稀释液), AGAR DILUTION(琼脂稀释法)
A36: MSBLFL | B36: 基线标帜 | C36: Char | D36: 3 | E36: (NY) | G36: 可有 | I36: SDTM | J36: =ROW()-13 -> 23 | K36: 用于标识基线的标识符。 其值应为 Y 或者空值。
A37: MSDRVFL | B37: 衍生标帜 | C37: Char | D37: 3 | E37: (NY) | G37: 可有 | I37: SDTM | J37: =ROW()-13 -> 24 | K37: 用于标识衍生记录。值应为 Y 或者空值。用来表示其他一些记录的均值或者其他衍生出来的,或者其他并不是从 CRF 采集,但从样本记录中衍生出来用于递交的数据。如果MSDRVFL=Y,则 MSORRES 应为空值,MSSTRESC 和 MSSTRESN 有衍生出来的值。
A38: VISITNUM | B38: 访视编号 | C38: Num | G38: 期望 | I38: SDTM | J38: =ROW()-13 -> 25 | K38: 1. 临床访视号 2. 访视(VISIT)的数值型版本,用于排序。
A39: VISIT | B39: 访视名称 | C39: Char | D39: 100 | G39: 可有 | I39: SDTM | J39: =ROW()-13 -> 26 | K39: 1. 方案定义的临床访视描述。2. 可作为 VISITNUM 和/或VISITDY 的补充
A40: VISITDY | B40: 计划访视日 | C40: Num | G40: 可有 | I40: SDTM | J40: =ROW()-13 -> 27 | K40: 基于人口学数据中 RFSTDTC 的计划访视研究日
A41: EPOCH | B41: 时期 | C41: Char | D41: 100 | G41: 可有 | I41: SDTM | J41: =ROW()-13 -> 28 | K41: 与受试者所被分配组内的计划元素序列相关联元素的时期
A42: MSDTC | B42: 样本采集日期/时间 | C42: Char | D42: 20 | E42: ISO 8601 | G42: 可有 | I42: SDTM | J42: =ROW()-13 -> 29 | K42: 标本采集日期/时间。
A43: MSDY | B43: 样本采集日 | C43: Num | G43: 可有 | I43: SDTM | J43: =ROW()-13 -> 30 | K43: 1. 样本采集测量的研究日,以整天数形式度量 2. 计算方法必须基于申办方定义在人口学域中的变量 RFSTDTC。该计算公式在整个研究递交中需保持一致。
A44: MSTPT | B44: 计划时点名称 | C44: Char | D44: 100 | G44: 可有 | I44: SDTM | J44: =ROW()-13 -> 31 | K44: 1. 样本采集时间点的文本描述。2. 可以表示相对于固定的参照时间点的时间,如最后一次用药时间。参见 MSTPTNUM 和 MSTPTREF。 例如:开始,五分钟后。
A45: MSTPTNUM | B45: 计划时点编号 | C45: Num | G45: 可有 | I45: SDTM | J45: =ROW()-13 -> 32 | K45: MSTPT 的数字版本,协助排序。
A46: MSELTM | B46: 距离参照时点计划时间 | C46: Char | D46: 20 | E46: ISO 8601 | G46: 可有 | I46: SDTM | J46: =ROW()-13 -> 33 | K46: 相对于参照的计划固定时间(MSTPTREF)的偏离时间。这个变量用于记录重复测量很方便,并不是一个时间变量,用 ISO 8601 持续时间的方式来记录。 例如:- PT15M 代表参照时间点 MSTPTREF 前 15 分钟,PT8H 代表参照时间点 MSTPTREF 之后的 8 小时。
A47: MSTPTREF | B47: 参照时点 | C47: Char | D47: 100 | G47: 可有 | I47: SDTM | J47: =ROW()-13 -> 34 | K47: 根据 MSELTM, MSTPTNUM 和 MSTPT 参照的固定参照点。 如:PREVIOUS DOSE(之前的剂量)
A49: CONTENT

Sheet PC
A1: PC Domain Mapping Specifications
A2: 方案编号: | D2: =CONTENT!$B$3 -> XXXXX
A3: SDTM 版本: | D3: =CONTENT!$B$4 -> 3.2
A4: SDTM 数据集描述: | D4: =CONTENT!$B$29 -> 药代动力学浓度
A5: SDTM 数据集结构: | D5: =CONTENT!$C$29 -> 每个受试者每个分析物每个访视每个时间点每个浓度或每个样本特征一条记录
A6: 程序名称: | D6: =CONTENT!$D$29 -> pc.sas
A7: 常规观测分类: | D7: =CONTENT!$E$29 -> 发现
A8: 数据来源: | D8: =CONTENT!$F$29 -> XXXX
A9: 关键变量: | D9: =CONTENT!$G$29 -> STUDYID, USUBJID, PCTESTCD, VISITNUM, PCTPTREF, PCTPTNUM
A10: 排序变量: | D10: =CONTENT!$H$29 -> STUDYID, USUBJID, PCTESTCD, VISITNUM, PCTPTREF, PCTPTNUM
A11: 提取规则: | D11: =CONTENT!$I$29 -> XXXX
A13: 变量名称 | B13: 变量标签 | C13: 类型 | D13: 长度 | E13: 受控术语或格式 | F13: 来源 | G13: 核心类别 | H13: 转换定义 | I13: 变量类型 | J13: 变量顺序 | K13: 定义注释
A14: STUDYID | B14: 研究标识符 | C14: Char | D14: 20 | G14: 必需 | I14: SDTM | J14: =ROW()-13 -> 1 | K14: 研究的唯一标识符。
A15: DOMAIN | B15: 域名缩写 | C15: Char | D15: 2 | E15: PC | G15: 必需 | I15: SDTM | J15: =ROW()-13 -> 2 | K15: 两字符域名缩写。
A16: USUBJID | B16: 受试者唯一标识符 | C16: Char | D16: 30 | G16: 必需 | I16: SDTM | J16: =ROW()-13 -> 3 | K16: 同一产品的所有申请或递交的研究中受试者的唯一标识符。
A17: PCSEQ | B17: 序号 | C17: Num | G17: 必需 | I17: SDTM | J17: =ROW()-13 -> 4 | K17: 为了确保受试者记录在域内的唯一性而给出的序号。
A18: PCGRPID | B18: 组合ID | C18: Char | D18: 25 | G18: 可有 | I18: SDTM | J18: =ROW()-13 -> 5 | K18: 用于关联域内的相关记录以支持域内和域间的关系。
A19: PCREFID | B19: 参考ID | C19: Char | D19: 25 | G19: 可有 | I19: SDTM | J19: =ROW()-13 -> 6 | K19: 内部或外部样本标识符。例如:样本ID。
A20: PCSPID | B20: 自定义标识符 | C20: Char | D20: 25 | G20: 可有 | I20: SDTM | J20: =ROW()-13 -> 7 | K20: 申办方定义的参考编号。
A21: PCTESTCD | B21: 检测项简称 | C21: Char | D21: 8 | E21: * | G21: 必需 | I21: SDTM | J21: =ROW()-13 -> 8 | K21: 分析物或样本特征的简称。将数据集从纵向转换为横向格式时,它可以用作列名。PCTESTCD中的值不能超过8个字符,也不能以数字开头(例如,"1TEST")。PCTESTCD不能包含字母、数字或下划线之外的字符。例如:ASA、VOL和SPG。
A22: PCTEST | B22: 检测项名称 | C22: Char | D22: 40 | E22: * | G22: 必需 | I22: SDTM | J22: =ROW()-13 -> 9 | K22: 分析物或样本特征的名称。请注意,一般情况下临床实验室进行的检查都是实验室检查。PCTEST中的值不能超过40字符,如:Acetylsalicylic Acid, Volume, Specific Gravity。
A23: PCCAT | B23: 类别 | C23: Char | D23: 100 | E23: * | G23: 可有 | I23: SDTM | J23: =ROW()-13 -> 10 | K23: 用于定义相关记录的类别。例如:分析物,样本属性。
A24: PCSCAT | B24: 子类 | C24: Char | D24: 100 | E24: * | G24: 可有 | I24: SDTM | J24: =ROW()-13 -> 11 | K24: 检测类别的进一步分类。
A25: PCORRES | B25: 原始结果 | C25: Char | D25: 200 | G25: 期望 | I25: SDTM | J25: =ROW()-13 -> 12 | K25: 原始接收或采集到的检测或发现结果。
A26: PCORRESU | B26: 原始单位 | C26: Char | D26: 20 | E26: (UNIT) | G26: 期望 | I26: SDTM | J26: =ROW()-13 -> 13 | K26: 采集到的数据的原始单位。PCORRES的原始单位。例如: mg/L 。
A27: PCSTRESC | B27: 标准化结果 | C27: Char | D27: 200 | G27: 期望 | I27: SDTM | J27: =ROW()-13 -> 14 | K27: 包括所有发现的结果值,从PCORRES中复制或以标准格式或标准单位衍生而来。PCSTRESC应以字符格式存储所有结果或发现; 如果结果是数值型,它们也应该以数值格式存储在PCSTRESN中。例如,如果检测结果在 PCORRES中为"NONE","NEG"和"NEGATIVE",并且这些结果实际上具有相同的含义,则它们可以在PCSTRESC中以标准格式表示为"NEGATIVE"。有关其他示例,请参阅总体假定部分。
A28: PCSTRESN | B28: 标准化结果(N) | C28: Num | G28: 期望 | I28: SDTM | J28: =ROW()-13 -> 15 | K28: 连续型或数值型的结果或发现的标准化格式;由PCSTRESC以数值型格式复制。PCSTRESN应存储所有数值型检测结果或发现。
A29: PCSTRESU | B29: 标准化单位 | C29: Char | D29: 20 | E29: (UNIT) | G29: 期望 | I29: SDTM | J29: =ROW()-13 -> 16 | K29: 用于PCSTRESC和PCSTRESN的标准化单位。
A30: PCSTAT | B30: 未做状态 | C30: Char | D30: 10 | E30: (ND) | G30: 可有 | I30: SDTM | J30: =ROW()-13 -> 17 | K30: 用于表示未获得结果。如果PCORRES中存在结果,则应为空。
A31: PCREASND | B31: 未做原因 | C31: Char | D31: 200 | G31: 可有 | I31: SDTM | J31: =ROW()-13 -> 18 | K31: 描述没有得出结果的原因,例如样本丢失。当PCSTAT值为未做(NOT DONE)时与PCSTAT结合使用。
A32: PCNAM | B32: 实验室/供应商名称 | C32: Char | D32: 40 | G32: 期望 | I32: SDTM | J32: =ROW()-13 -> 19 | K32: 提供检测结果的实验室或供应商名称或标识符。
A33: PCSPEC | B33: 样本类型 | C33: Char | D33: 50 | E33: (SPECTYPE) | G33: 期望 | I33: SDTM | J33: =ROW()-13 -> 20 | K33: 定义了检测所用样本的类型。例如:血清、血浆、尿液。
A34: PCSPCCND | B34: 样本状况 | C34: Char | D34: 50 | E34: (SPECCOND) | G34: 可有 | I34: SDTM | J34: =ROW()-13 -> 21 | K34: 描述样本状况的自由或标准化文本,例如HEMOLYZED,ICTERIC,LIPEMIC等。
A35: PCMETHOD | B35: 检测方法 | C35: Char | D35: 100 | E35: (METHOD) | G35: 可有 | I35: SDTM | J35: =ROW()-13 -> 22 | K35: 检测方法。例如HPLC/MS,ELISA。这应当包含足够的信息和粒度,以区分研究中可能使用的各种方法。
A36: PCFAST | B36: 是否空腹 | C36: Char | D36: 10 | E36: (NY) | G36: 可有 | I36: SDTM | J36: =ROW()-13 -> 23 | K36: 空腹状态的标识符。
A37: PCDRVFL | B37: 衍生标帜 | C37: Char | D37: 3 | E37: (NY) | G37: 可有 | I37: SDTM | J37: =ROW()-13 -> 24 | K37: 用于表示衍生记录。值应为Y或空(null)。递交数据集中可能是衍生记录的示例有:记录代表了其它记录的平均值,记录不来自CRF。如果PCDRVFL=Y,那么PCORRES可能为空,并且PCSTRESC和(如果是数值型)PCSTRESN有衍生值。
A38: PCLLOQ | B38: 定量下限 | C38: Num | G38: 期望 | I38: SDTM | J38: =ROW()-13 -> 25 | K38: 表示检测的定量下限,单位与 PCSTRESU中的一致。
A39: PCULOQ | B39: 定量上限 | C39: Num | G39: 可有 | I39: SDTM | J39: =ROW()-13 -> 26 | K39: 表示检测的定量上限,单位与 PCSTRESU中的一致。
A40: VISITNUM | B40: 访视编号 | C40: Num | G40: 期望 | I40: SDTM | J40: =ROW()-13 -> 27 | K40: 1. 临床访视号 2. 访视(VISIT)的数值型版本,用于排序。
A41: VISIT | B41: 访视名称 | C41: Char | D41: 100 | G41: 可有 | I41: SDTM | J41: =ROW()-13 -> 28 | K41: 1. 方案定义的临床访视描述。 2. 可作为 VISITNUM和/或VISITDY的补充。
A42: VISITDY | B42: 计划访视日 | C42: Num | G42: 可有 | I42: SDTM | J42: =ROW()-13 -> 29 | K42: 基于人口学数据中RFSTDTC的计划访视研究日。
A43: PCDTC | B43: 样本采集日期/时间 | C43: Char | D43: 20 | E43: ISO 8601 | G43: 期望 | I43: SDTM | J43: =ROW()-13 -> 30 | K43: ISO 8601字符格式的样本采集的日期/时间。如果没有样本采集结束时间,则PCDTC值为样本采集的时间。
A44: PCENDTC | B44: 结束日期/时间 | C44: Char | D44: 20 | E44: ISO 8601 | G44: 可有 | I44: SDTM | J44: =ROW()-13 -> 31 | K44: ISO 8601字符格式的样本采集结束的日期/时间。如果没有样本采集结束时间,样本采集的时间应存储在PCDTC中,PCENDTC的值为空。
A45: PCDY | B45: 样本采集日 | C45: Num | G45: 可有 | I45: SDTM | J45: =ROW()-13 -> 32 | K45: 1. 样本采集的研究日,以整日来度量。 2. 计算方法必须和人口学域中申办方定义的RFSTDTC变量相关。
A46: PCTPT | B46: 计划时点名称 | C46: Char | D46: 100 | G46: 可有 | I46: SDTM | J46: =ROW()-13 -> 33 | K46: 1. 样本采集时间点的文本描述。 2. 可以表示相对于固定的参照时间点的时间,如最后一次用药时间。 参见PCTPTNUM和PCTPTREF。 例如:开始,五分钟后。
A47: PCTPTNUM | B47: 计划时点编号 | C47: Num | G47: 可有 | I47: SDTM | J47: =ROW()-13 -> 34 | K47: PCTPT的数字版本,协助排序。
A48: PCELTM | B48: 距离参照时点计划时间 | C48: Char | D48: 20 | E48: ISO 8601 | G48: 可有 | I48: SDTM | J48: =ROW()-13 -> 35 | K48: 相对于计划的固定参照时间点(PCTPTREF)的时间(ISO 8601格式),如 "先前用药" 或 "先前用餐"。在有重复测量的情况下,此变量很有用。不是钟表时间或日期时间变量。
A49: PCTPTREF | B49: 参照时点 | C49: Char | D49: 100 | G49: 可有 | I49: SDTM | J49: =ROW()-13 -> 36 | K49: PCTPT、PCTPTNUM和PCELTM涉及的固定参照时间点的名称。例如:最近一次用药。
A50: PCRFTDTC | B50: 参照时点日期/时间 | C50: Char | D50: 20 | E50: ISO 8601 | G50: 可有 | I50: SDTM | J50: =ROW()-13 -> 37 | K50: PCTPTREF描述的参照时点的日期/时间。
A51: PCEVLINT | B51: 评估时段 | C51: Char | D51: 20 | E51: ISO 8601 | G51: 可有 | I51: SDTM | J51: =ROW()-13 -> 38 | K51: 与PCTEST一条记录相关用 ISO 8601字符格式表示的评估间隔。例如:"-P2H"代表PCTPT前2小时的间隔。
A53: CONTENT

Sheet PE
A1: PE Domain Mapping Specifications
A2: 方案编号: | D2: =CONTENT!$B$3 -> XXXXX
A3: SDTM 版本: | D3: =CONTENT!$B$4 -> 3.2
A4: SDTM 数据集描述: | D4: =CONTENT!$B$30 -> 体格检查
A5: SDTM 数据集结构: | D5: =CONTENT!$C$30 -> 每个受试者每个访视每个身体系统检查或异常情况一条记录
A6: 程序名称: | D6: =CONTENT!$D$30 -> pe.sas
A7: 常规观测分类: | D7: =CONTENT!$E$30 -> 发现
A8: 数据来源: | D8: =CONTENT!$F$30 -> PE, PE_DE, PE_OTH, SDTM.DM, SDTM.SE
A9: 关键变量: | D9: =CONTENT!$G$30 -> STUDYID, USUBJID, VISITNUM, PETESTCD,PEDTC
A10: 排序变量: | D10: =CONTENT!$H$30 -> STUDYID, USUBJID, VISITNUM, PETESTCD,PEDTC
A11: 提取规则: | D11: =CONTENT!$I$30 -> ALL
A13: 变量名称 | B13: 变量标签 | C13: 类型 | D13: 长度 | E13: 受控术语或格式 | F13: 来源 | G13: 核心类别 | H13: 转换定义 | I13: 变量类型 | J13: 变量顺序 | K13: 定义注释
A14: STUDYID | B14: 研究标识符 | C14: Char | D14: 20 | F14: 指定 | G14: 必需 | H14: =[1]CONTENT!B18 -> 暴露 | I14: SDTM | J14: =ROW()-13 -> 1 | K14: 研究的唯一标识符。
A15: DOMAIN | B15: 域名缩写 | C15: Char | D15: 2 | E15: PE | F15: 指定 | G15: 必需 | H15: PE | I15: SDTM | J15: =ROW()-13 -> 2 | K15: 两字符域名缩写。
A16: USUBJID | B16: 受试者唯一标识符 | C16: Char | D16: 30 | F16: 衍生 | G16: 必需 | H16: 通过 "-" 连接 STUDYID, SITEID, SUBJID。 (例:QL1706-101-01-01001). | I16: SDTM | J16: =ROW()-13 -> 3 | K16: 同一产品的所有申请或递交的研究中受试者的唯一标识符。
A17: PESEQ | B17: 序号 | C17: Num | F17: 衍生 | G17: 必需 | H17: =CONCATENATE("按照变量 ",$D$10,"排序。 在每个USUBJID开始的时候从1开始重新编号 (循环地排序)。") -> 按照变量 STUDYID, USUBJID, VISITNUM, PETESTCD,PEDTC排序。 在每个USUBJID开始的时候从1开始重新编号 (循环地排序)。 | I17: SDTM | J17: =ROW()-13 -> 4 | K17: 序号,用于确保受试者记录在数据集里的唯一性。可以是任意有效数字。
A18: PEGRPID | B18: 组合ID | C18: Char | D18: 25 | G18: 可有 | I18: SDTM | J18: =ROW()-13 -> 5 | K18: 用于关联域内同一受试者的一组相关记录。
A19: PESPID | B19: 自定义标识符 | C19: Char | D19: 25 | F19: CRF Page 17 | G19: 可有 | H19: 转换定义参考PETEST Note:如果只有一位数字,则需要用0补充. | I19: SDTM | J19: =ROW()-13 -> 6 | K19: 申办方定义的参考编号。可能作为明确的行号预先打印在CRF上,或者定义在申办方的操作数据库中。例如:CRF上的行号。
A20: PETESTCD | B20: 检查项简称 | C20: Char | D20: 8 | E20: * | F20: 衍生 | G20: 必需 | H20: =HYPERLINK("#PETEST!A1","转换定义参考PETEST") -> 转换定义参考PETEST | I20: SDTM | J20: =ROW()-13 -> 7 | K20: PETEST描述的测量,测试或检查的简称。将数据集从纵向转换为横向格式时,它可以用作列名。 PETESTCD中的值不能超过 8个字符,也不能以数字开头(例如,"1TEST")。PETESTCD不能包含字母、数字或下划线之外的字符。
A21: PETEST | B21: 检查项名称 | C21: Char | D21: 40 | E21: * | F21: CRF Page 17 | G21: 必需 | H21: =HYPERLINK("#PETEST!A1","转换定义参考PETEST") -> 转换定义参考PETEST | I21: SDTM | J21: =ROW()-13 -> 8 | K21: 体格检查的字面名称。PETEST中的值不能超过40个字符。例如:心血管和呼吸系统。针对受试者水平的检查,其值应为"体检"。
A22: PEMODIFY | B22: 修正词 | C22: Char | D22: 200 | G22: 可有 | I22: SDTM | J22: =ROW()-13 -> 9 | K22: 如果根据预设对变量PEORRES进行了修正,则变量PEMODIFY将包含修正后的文本结果。
A23: PECAT | B23: 类别 | C23: Char | D23: 100 | E23: * | G23: 可有 | I23: SDTM | J23: =ROW()-13 -> 10 | K23: 用来定义检查的类别。例如:常规,神经学。
A24: PESCAT | B24: 子类 | C24: Char | D24: 100 | E24: * | G24: 可有 | I24: SDTM | J24: =ROW()-13 -> 11 | K24: 检查的进一步分类。PESCAT用于增加更详细的分类信息。
A25: PEBODSYS | B25: 系统器官分类 | C25: Char | D25: 200 | G25: 可有 | I25: SDTM | J25: =ROW()-13 -> 12 | K25: 标准分级系统(如:MedDRA)定义的体系统或器官分类(MedDRA SOC)。
A26: PEORRES | B26: 原始结果 | C26: Char | D26: 200 | F26: CRF | G26: 期望 | H26: =HYPERLINK("#PETEST!A1","转换定义参考PETEST") -> 转换定义参考PETEST | I26: SDTM | J26: =ROW()-13 -> 13 | K26: 任何异常结果的文字说明。如果检查完成且没有异常发现,则该值应为 NORMAL。如果某项体系统检查没有进行,或受试者没有进行身体检查,那么该值应该为空,并且在PESTAT中为NOT DONE。
A27: PEORRESU | B27: 原始单位 | C27: Char | D27: 20 | E27: (UNIT) | G27: 可有 | I27: SDTM | J27: =ROW()-13 -> 14 | K27: 数据采集的原始单位。PEORRES的单位。
A28: PESTRESC | B28: 标准化结果 | C28: Char | D28: 200 | F28: 衍生 | G28: 期望 | H28: =PEORRES | I28: SDTM | J28: =ROW()-13 -> 15 | K28: 如果身体系统有结果,变量的值为字典首选术语(用字典对结果进行了编码)或PEORRES(结果没有编码)中的结果。如果PEORRES是空值,PESTRESC也为空。
A29: PESTAT | B29: 未做状态 | C29: Char | D29: 10 | E29: (ND) | F29: CRF Page 17 | G29: 可有 | H29: =HYPERLINK("#PETEST!A1","转换定义参考PETEST") -> 转换定义参考PETEST | I29: SDTM | J29: =ROW()-13 -> 16 | K29: 表明检查未做,如果PEORRES有结果,PESTAT应为空值。
A30: PEREASND | B30: 未做原因 | C30: Char | D30: 200 | G30: 可有 | I30: SDTM | J30: =ROW()-13 -> 17 | K30: 描述某项检查或体检没有进行的原因。 例如:受试者拒绝。PESTAT的值为NOT DONE时与STAT一起使用。
A31: PELOC | B31: 部位 | C31: Char | D31: 40 | E31: (LOC) | G31: 可有 | I31: SDTM | J31: =ROW()-13 -> 18 | K31: 可用来表明身体检查异常发现的位置。例如对于手臂上的皮癣值为:手臂。
A32: PEMETHOD | B32: 检查方法 | C32: Char | D32: 100 | E32: (METHOD) | G32: 可有 | I32: SDTM | J32: =ROW()-13 -> 19 | K32: 检查的方法。
A33: PEEVAL | B33: 评估者 | C33: Char | D33: 100 | E33: (EVAL) | G33: 可有 | I33: SDTM | J33: =ROW()-13 -> 20 | K33: 评估者角色。仅用于主观评估的结果(例如:结果由个人或小组指定)。采集或衍生的数据,该变量值应为空。例如:研究者, 评审委员会。
A34: VISITNUM | B34: 访视编号 | C34: Num | F34: 指定 | G34: 期望 | H34: =HYPERLINK("#VISIT!A1","转换定义参考VISIT") -> 转换定义参考VISIT | I34: SDTM | J34: =ROW()-13 -> 21 | K34: 1. 临床访视号 2. 访视(VISIT)的数值型版本,用于排序。
A35: VISIT | B35: 访视名称 | C35: Char | D35: 100 | F35: 指定 | G35: 可有 | H35: =HYPERLINK("#VISIT!A1","转换定义参考VISIT") -> 转换定义参考VISIT | I35: SDTM | J35: =ROW()-13 -> 22 | K35: 1. 方案定义的临床访视描述。 2. 可作为VISITNUM和/或VISITDY的补充。
A36: VISITDY | B36: 计划访视日 | C36: Num | G36: 可有 | I36: SDTM | J36: =ROW()-13 -> 23 | K36: 基于人口学数据中RFSTDTC的计划访视研究日 。
A37: PEDTC | B37: 检查日期/时间 | C37: Char | D37: 20 | E37: ISO 8601 | F37: CRF Page 17 | G37: 期望 | H37: =HYPERLINK("#PETEST!A1","转换定义参考PETEST") -> 转换定义参考PETEST | I37: SDTM | J37: =ROW()-13 -> 24
A38: PEDY | B38: 检查日 | C38: Num | F38: 衍生 | G38: 可有 | H38: 计算 PEDY = (数值型PEDTC - 数值型 DM.RFSTDTC)。 注: 如果计算结果大于等于0则加1; 如果日期部分缺失,则PEDY为空。 | I38: SDTM | J38: =ROW()-13 -> 25 | K38: 1.体检的研究日,以整天的形式度量。2.计算方法必需与人口学数据中申办方定义的RFSTDTC变量有关。 计算公式应在递交中保持一致。
A39: PEDESC | B39: 异常详细描述 | C39: Char | D39: 200 | F39: CRF Page 17 | H39: =HYPERLINK("#PETEST!A1","转换定义参考PETEST") -> 转换定义参考PETEST | I39: SUPP | J39: =ROW()-13 -> 26
A41: CONTENT

Sheet PETEST
A1: IF | B1: Conversion Definition | C1: PESIPD | D1: PETEST | E1: PETESTCD | F1: PEORRES | G1: PESTAT | H1: PEDTC | I1: PEDESC
A2: PE PE_DE PE_OTH | B2: 如果 PE.YN='2' | D2: 全部体格检查 | E2: PEALL | G2: ="未查"
B3: 如果 PE.YN='1' | C3: =PE_DE.SN | D3: 皮肤 | E3: SKIN | F3: 当PE_DE.PERES="1",则='未查'; 当PE_DE.PERES="2",则='正常'; 当PE_DE.PERES="3",则='异常无临床意义'; 当PE_DE.PERES="4",则='异常有临床意义'. | H3: =ISO 8601(PE.PEDAT) | I3: =PE_DE.PEDESC
C4: =PE_DE.SN | D4: 浅表淋巴结 | E4: SLN
C5: =PE_DE.SN | D5: 头部 | E5: HEAD
C6: =PE_DE.SN | D6: 颈部 | E6: NECK
C7: =PE_DE.SN | D7: 胸/背部 | E7: CHESBACK
C8: =PE_DE.SN | D8: 腹部 | E8: ABDOM
C9: =PE_DE.SN | D9: 四肢 | E9: LIMB
C10: =PE_DE.SN | D10: 神经系统 | E10: NERVOUS
D11: 是否进行其他检查 | E11: PEOTH | F11: 当PE.PEOTH='1',则='是'; 当PE.PEOTH='2',则='否'. | G11: 当PE.PEOTH='2' ,则 ="未查".
B12: 如果PE.PEOTH='1' | C12: =PE_OTH.SN | D12: 其他 | E12: OTHER | F12: 当PE_OTH.PEORES="1",则='未查'; 当PE_OTH.PEORES="2",则='正常'; 当PE_OTH.PEORES="3",则='异常无临床意义'; 当PE OTH.PEORES="4",则='异常有临床意义'. | H12: =ISO 8601(PE.PEDAT) | I12: =PE_OTH.PEODESC
A14: =HYPERLINK("#PE!A1","PE") -> PE

Sheet PP
A1: PP Domain Mapping Specifications
A2: 方案编号: | D2: =CONTENT!$B$3 -> XXXXX
A3: SDTM 版本: | D3: =CONTENT!$B$4 -> 3.2
A4: SDTM 数据集描述: | D4: =CONTENT!$B$31 -> 药代动力学参数
A5: SDTM 数据集结构: | D5: =CONTENT!$C$31 -> 每个受试者每组时间浓度每个建模方法每个PK参数一条记录
A6: 程序名称: | D6: =CONTENT!$D$31 -> pp.sas
A7: 常规观测分类: | D7: =CONTENT!$E$31 -> 发现
A8: 数据来源: | D8: =CONTENT!$F$31 -> XXXX
A9: 关键变量: | D9: =CONTENT!$G$31 -> STUDYID, USUBJID, PPTESTCD, PPCAT, VISITNUM, PPTPTREF
A10: 排序变量: | D10: =CONTENT!$H$31 -> STUDYID, USUBJID, PPTESTCD, PPCAT, VISITNUM, PPTPTREF
A11: 提取规则: | D11: =CONTENT!$I$31 -> XXXX
A13: 变量名称 | B13: 变量标签 | C13: 类型 | D13: 长度 | E13: 受控术语或格式 | F13: 来源 | G13: 核心类别 | H13: 转换定义 | I13: 变量类型 | J13: 变量顺序 | K13: 定义注释
A14: STUDYID | B14: 研究标识符 | C14: Char | D14: 20 | G14: 必需 | I14: SDTM | J14: =ROW()-13 -> 1 | K14: 研究的唯一标识符。
A15: DOMAIN | B15: 域名缩写 | C15: Char | D15: 2 | E15: PP | G15: 必需 | I15: SDTM | J15: =ROW()-13 -> 2 | K15: 两字符域名缩写。
A16: USUBJID | B16: 受试者唯一标识符 | C16: Char | D16: 30 | G16: 必需 | I16: SDTM | J16: =ROW()-13 -> 3 | K16: 同一产品的所有申请或递交的研究中,受试者的唯一标识符。
A17: PPSEQ | B17: 序号 | C17: Num | G17: 必需 | I17: SDTM | J17: =ROW()-13 -> 4 | K17: 序号,用于确保受试者记录在数据集里的唯一性。可以是任意有效数字。
A18: PPGRPID | B18: 组合ID | C18: Char | D18: 25 | G18: 可有 | I18: SDTM | J18: =ROW()-13 -> 5 | K18: 用于关联域内同一受试者的一组相关记录。
A19: PPTESTCD | B19: 参数简称 | C19: Char | D19: 8 | E19: (PKPARMCD) | G19: 必需 | I19: SDTM | J19: =ROW()-13 -> 6 | K19: 药代动力学参数的简称。将数据集从纵向转换为横向格式时,它可以用作列名。PPTESTCD中的值不能超过8个字符,也不能以数字开头(例如,"1TEST")。PPTESTCD不能包含字母、数字或下划线之外的字符。例如:AUCALL,TMAX,CMAX。
A20: PPTEST | B20: 参数名称 | C20: Char | D20: 40 | E20: (PKPARM) | G20: 必需 | I20: SDTM | J20: =ROW()-13 -> 7 | K20: 药代动力学参数的名称。PPTEST中的值不能超过40字符,如:AUC All,Time of CMAX,Max Conc.
A21: PPCAT | B21: 类别 | C21: Char | D21: 100 | E21: * | G21: 期望 | I21: SDTM | J21: =ROW()-13 -> 8 | K21: 用于定义相关记录的分类。对于PP,这应该是PCTEST中与参数相关联的分析物的名称。
A22: PPSCAT | B22: 子类 | C22: Char | D22: 100 | E22: * | G22: 可有 | I22: SDTM | J22: =ROW()-13 -> 9 | K22: 用于计算PK参数的模型类型的分类。例如:房室型,非房室型
A23: PPORRES | B23: 原始结果 | C23: Char | D23: 200 | G23: 期望 | I23: SDTM | J23: =ROW()-13 -> 10 | K23: 原始接收或采集到的检测结果。
A24: PPORRESU | B24: 原始单位 | C24: Char | D24: 20 | E24: (PKUNIT) | G24: 期望 | I24: SDTM | J24: =ROW()-13 -> 11 | K24: 采集数据的原始单位。PPORRES的原始单位。例如:mg/L 。
A25: PPSTRESC | B25: 标准化结果 | C25: Char | D25: 200 | G25: 期望 | I25: SDTM | J25: =ROW()-13 -> 12 | K25: 包括所有发现的结果值,从PPORRES中复制或以标准格式或标准单位衍生而来。PPSTRESC应以字符格式储存所有结果;如果结果是数值型,则也应该以数字格式存储在PPSTRES中。
A26: PPSTRESN | B26: 标准化结果(N) | C26: Num | G26: 期望 | I26: SDTM | J26: =ROW()-13 -> 13 | K26: 连续型或数值型的结果或发现的标准化格式;由PPSTRESC中以数值型格式复制。PPSTRESN应储存所有的数字检测结果或发现。
A27: PPSTRESU | B27: 标准化单位 | C27: Char | D27: 20 | E27: (PKUNIT) | G27: 期望 | I27: SDTM | J27: =ROW()-13 -> 14 | K27: 用于PPSTRESC和PPSTRESN的标准化单位。
A28: PPSTAT | B28: 未做状态 | C28: Char | D28: 10 | E28: (ND) | G28: 可有 | I28: SDTM | J28: =ROW()-13 -> 15 | K28: 用于指明参数有没有计算出来。如果PPORRES中存在结果,则该值为空。
A29: PPREASND | B29: 未做原因 | C29: Char | D29: 200 | G29: 可有 | I29: SDTM | J29: =ROW()-13 -> 16 | K29: 描述未计算参数的原因,例如INSUFFICIENT DATA。 值为NOT DONE时与PPSTAT一起用。
A30: PPSPEC | B30: 样本类型 | C30: Char | D30: 50 | E30: (SPECTYPE) | G30: 期望 | I30: SDTM | J30: =ROW()-13 -> 17 | K30: 定义了用于检测的样本类型。如果使用多个类型的样本进行计算(例如,血清和尿液用于肾脏清除),则该字段应留空。例如:血清,血浆,尿液。
A31: PPDTC | B31: 采集日期/时间 | C31: Char | D31: 20 | E31: ISO 8601 | G31: 可有 | I31: SDTM | J31: =ROW()-13 -> 18 | K31: 计划的参数计算的日期/时间。
A32: PPRFTDTC | B32: 参照时点日期/时间 | C32: Char | D32: 20 | E32: ISO 8601 | G32: 期望 | I32: SDTM | J32: =ROW()-13 -> 19 | K32: 用于计算参数的 PC记录的参照时点的日期/时间。PPRFTDTC中的值应与PCRFTDTC中相关记录的值相同。
A33: PPSTINT | B33: 计划评估时段起点 | C33: Char | D33: 20 | E33: ISO 8601 | G33: 可有 | I33: SDTM | J33: =ROW()-13 -> 20 | K33: 计划的相关参照时间点的估算或评估时间时段的开始。
A34: PPENINT | B34: 计划评估时段终点 | C34: Char | D34: 20 | E34: ISO 8601 | G34: 可有 | I34: SDTM | J34: =ROW()-13 -> 21 | K34: 计划的相关参照时间点的估算或评估时间时段的结束。
A37: CONTENT

Sheet PR
A1: PR Domain Mapping Specifications
A2: 方案编号: | D2: =CONTENT!B3 -> XXXXX
A3: SDTM 版本: | D3: =CONTENT!$B$4 -> 3.2
A4: SDTM 数据集描述: | D4: =CONTENT!$B$32 -> 诊疗操作
A5: SDTM 数据集结构: | D5: =CONTENT!$C$32 -> 每个受试者每次诊疗操作一条记录
A6: 程序名称: | D6: =CONTENT!$D$32 -> pr.sas
A7: 常规观测分类: | D7: =CONTENT!$E$32 -> 干预
A8: 数据来源: | D8: =CONTENT!$F$32 -> RH,SH,OH,PR,AR,ASU,AO,SDTM.DM,SDTM.SE
A9: 关键变量: | D9: =CONTENT!$G$32 -> STUDYID, USUBJID, PRSPID, PRCAT, PRTRT, PRSTDTC
A10: 排序变量: | D10: =CONTENT!$H$32 -> STUDYID, USUBJID, PRSPID, PRCAT, PRTRT, PRSTDTC
A11: 提取规则: | D11: =CONTENT!$I$32 -> ALL
A13: 变量名称 | B13: 变量标签 | C13: 类型 | D13: 长度 | E13: 受控术语或格式 | F13: 来源 | G13: 核心类别 | H13: 转换定义 | I13: 变量类型 | J13: 变量顺序 | K13: 定义注释
A14: STUDYID | B14: 研究标识符 | C14: Char | D14: 20 | F14: 指定 | G14: 必需 | H14: QL1706-101 | I14: SDTM | J14: =ROW()-13 -> 1 | K14: 研究的唯一标识符。
A15: DOMAIN | B15: 域名缩写 | C15: Char | D15: 2 | E15: PR | F15: 指定 | G15: 必需 | H15: PR | I15: SDTM | J15: =ROW()-13 -> 2 | K15: 两字符域名缩写。
A16: USUBJID | B16: 受试者唯一标识符 | C16: Char | D16: 30 | F16: 衍生 | G16: 必需 | H16: 通过 "-" 连接 STUDYID, SITEID, SUBJID (例:QL1706-101-01-01001). | I16: SDTM | J16: =ROW()-13 -> 3 | K16: 在一个产品的所有研究和递交中唯一的识别一个受试者的编号。
A17: PRSEQ | B17: 序号 | C17: Num | F17: 衍生 | G17: 必需 | H17: =CONCATENATE("按照变量 ",$D$10,"排序。在每个USUBJID开始的时候从1开始重新编号 (循环地排序)。") -> 按照变量 STUDYID, USUBJID, PRSPID, PRCAT, PRTRT, PRSTDTC排序。在每个USUBJID开始的时候从1开始重新编号 (循环地排序)。 | I17: SDTM | J17: =ROW()-13 -> 4 | K17: 序列号,确保一位受试者在一个数据集内的唯一性。可以是任何有效的数字。
A18: PRGRPID | B18: 组合ID | C18: Char | D18: 25 | G18: 可有 | I18: SDTM | J18: =ROW()-13 -> 5 | K18: 在一个域中用来将一个受试者的一些相关记录绑定在一起。
A19: PRSPID | B19: 自定义标识符 | C19: Char | D19: 25 | F19: CRF Pages 10 11 12 61 65 66 67 | G19: 可有 | H19: 转换定义参考PRTRT表 Note:如果只有一位数字,则需要用0补充. | I19: SDTM | J19: =ROW()-13 -> 6 | K19: 由申办方定义的参考号。可能被预先打印在CRF上作为一个明确的行号,或者被定义在申办方的操作数据集中。
A20: PRLNKID | B20: 链接ID | C20: Char | D20: 25 | G20: 可有 | I20: SDTM | J20: =ROW()-13 -> 7 | K20: 关联域之间相关记录的标识符。
A21: PRLNKGRP | B21: 链接组合ID | C21: Char | D21: 25 | G21: 可有 | I21: SDTM | J21: =ROW()-13 -> 8 | K21: 关联域之间一组记录的标识符。
A22: PRTRT | B22: 操作报告名称 | C22: Char | D22: 200 | F22: CRF Pages 10 11 12 61 65 66 67 | G22: 必需 | H22: =HYPERLINK("#PRTRT!A1","转换定义参考PRTRT表") -> 转换定义参考PRTRT表 | I22: SDTM | J22: =ROW()-13 -> 9 | K22: 执行的操作名称,可以是预先打印的,也可以是在病例报告表上采集的。
A23: PRDECOD | B23: 标准化名称 | C23: Char | D23: 200 | E23: * | F23: 指定 | G23: 可有 | H23: 连接外部coding文件 QL1706-101_医学编码报告_百奥知_11JAN2021"的"MedDRA编码明细"表单, 取"首选语" 通过研究中心编号, 受试者代码, 序号, 逐词术语匹配SITEID, SUBJID, SN, PRTRT 注: 若外部文件编码是空则直接放空,无需显示为未编码. | I23: SDTM | J23: =ROW()-13 -> 10 | K23: 标准化的或者来源于字典的PRTRT名称。期望申办方在define.xml外部代码列表属性中提供用于映射该术语的字典的名称和版本。如果一个干预术语在字典中没有相应的解码值,那么PRDECOD将为空。
A24: PRCAT | B24: 类别 | C24: Char | D24: 100 | E24: * | F24: CRF Pages 10 11 12 61 65 66 67 | G24: 可有 | H24: =HYPERLINK("#PRTRT!A1","转换定义参考PRTRT 表") -> 转换定义参考PRTRT 表 | I24: SDTM | J24: =ROW()-13 -> 11 | K24: 用来定义程序的类别。
A25: PRSCAT | B25: 子类 | C25: Char | D25: 100 | E25: * | G25: 可有 | I25: SDTM | J25: =ROW()-13 -> 12 | K25: 程序分类PRCAT的更深一步的分类。
A26: PRPRESP | B26: 预设 | C26: Char | D26: 10 | E26: (NY) | F26: 指定 | G26: 可有 | H26: 用 MedDRA编码的主要的系统器官分类 注:外部文件为QL1706-101_医学编码报告_百奥知_11JAN2021,选取"MedDRA编码明细"表中的变量"系统器官分类""通过研究中心编号,受试者代码,序号,逐词术语匹配 注: 若外部文件编码是空则直接放空,无需显示为未编码. | I26: SDTM | J26: =ROW()-13 -> 13 | K26: 当一个特定的程序被预设在病例报告表上时使用。值应为"是"或空。
A27: PROCCUR | B27: 是否发生 | C27: Char | D27: 10 | E27: (NY) | G27: 可有 | I27: SDTM | J27: =ROW()-13 -> 14 | K27: 当需要记录特定程序发生信息时,用于记录预先定义的特定的程序是否发生。
