Workbook
Name FATESTCD: CODELIST!#REF!
Name OLE_LINK73: CONTENT!$B$3
Name VSTEST: CODELIST!#REF!
Name VSTESTCD: CODELIST!$I$219
Name VSTPT: CODELIST!$I$231
Name VSTPTNUM: CODELIST!$I$239

Sheet CONTENT
A1: SDTM Domain Mapping Specifications
A3: 方案编号 | B3: XXXXX
A4: SDTM 版本 | B4: 3.4
A6: SDTM Domain | B6: SDTM Dataset Description | C6: SDTM Dataset Structure | D6: Program Name | E6: Class | F6: Data Source | G6: Key Variable | H6: Order Variable | I6: Extraction Rule | J6: Documentation | K6: RunOrder
A7: AE | B7: Adverse Events | C7: One record per adverse event per subject | D7: ae.sas | E7: Events | G7: STUDYID, USUBJID, AEDECOD, AESTDTC | H7: STUDYID, USUBJID, AEDECOD, AESTDTC
A8: AG | B8: Procedure Agents | C8: One record per recorded intervention occurrence per subject | D8: ag.sas | E8: Interventions | G8: STUDYID, USUBJID,AGGRPID, AGSPID, AGTRT | H8: STUDYID, USUBJID,AGGRPID, AGSPID, AGTRT
A9: BE | B9: Biospecimen Events | C9: One record per instance per biospecimen event per biospecimen identifier per subject | D9: be.sas | E9: Events | G9: STUDYID, USUBJID, BEREFID, BETERM, BESDTC | H9: STUDYID, USUBJID, BEREFID, BETERM, BESDTC
A10: BS | B10: Biospecimen Findings | C10: One record per measurement per biospecimen identifier per subject | D10: bs.sas | E10: Findings | G10: STUDYID, USUBJID, BSREFID, BSTESTCD | H10: STUDYID, USUBJID, BSREFID, BSTESTCD
A11: CE | B11: Clinical Events | C11: One record per event per subject | D11: ce.sas | E11: Events | G11: STUDYID, USUBJID, CETERM, CESTDTC | H11: STUDYID, USUBJID, CETERM, CESTDTC
A12: CM | B12: Concomitant/Prior Medications | C12: One record per recorded intervention occurrence or constant-dosing interval per subject | D12: cm.sas | E12: Interventions | G12: STUDYID, USUBJID, CMTRT, CMSTDTC | H12: STUDYID, USUBJID, CMTRT, CMSTDTC
A13: CO | B13: Comments | C13: One record per comment per subject | D13: co.sas | E13: Special Purpose | G13: STUDYID, USUBJID, IDVAR, COREF, CODTC | H13: STUDYID, USUBJID, IDVAR, COREF, CODTC
A14: CP | B14: Cell Phenotype Findings | C14: One record per test per specimen per timepoint per visit per subject | D14: cp.sas | E14: Findings | G14: STUDYID, USUBJID, CPTESTCD, CPSPEC, VISITNUM, CPTPTREF, CPTPTNUM | H14: STUDYID, USUBJID, CPTESTCD, CPSPEC, VISITNUM, CPTPTREF, CPTPTNUM
A15: CV | B15: Cardiovascular System Findings | C15: One record per finding or result per time point per visit per subject | D15: cv.sas | E15: Findings | G15: STUDYID, USUBJID, VISITNUM, CVTESTCD, CVTPTREF, CVTPTNUM | H15: STUDYID, USUBJID, VISITNUM, CVTESTCD, CVTPTREF, CVTPTNUM
A16: DA | B16: Product Accountability | C16: One record per product accountability finding per subject | D16: da.sas | E16: Findings | G16: STUDYID, USUBJID, DATESTCD, DADTC | H16: STUDYID, USUBJID, DATESTCD, DADTC
A17: DD | B17: Death Details | C17: One record per finding per subject | D17: dd.sas | E17: Findings | G17: STUDYID, USUBJID, DDTESTCD, DDDTC | H17: STUDYID, USUBJID, DDTESTCD, DDDTC
A18: DM | B18: Demographics | C18: One record per subject | D18: dm.sas | E18: Special Purpose | G18: STUDYID, USUBJID | H18: STUDYID, USUBJID
... A68: VS | B68: Vital Signs | C68: One record per vital sign measurement per time point per visit per subject | D68: vs.sas | E68: Findings | G68: STUDYID, USUBJID, VSTESTCD, VISITNUM, VSTPTREF, VSTPTNUM | H68: STUDYID, USUBJID, VSTESTCD, VISITNUM, VSTPTREF, VSTPTNUM
A69: SUPP-- | B69: Supplemental Qualifiers for [domain name] | C69: One record per supplemental qualifier per related parent domain record(s) | E69: Relationship | G69: STUDYID, RDOMAIN, USUBJID, IDVAR, IDVARVAL, QNAM | H69: STUDYID, RDOMAIN, USUBJID, IDVAR, IDVARVAL, QNAM
A71: CODELIST
A73: 重要提示:
A74: (1) 请根据项目的具体情况选择合适的SDTM域，并按照需要添加相应的补充数据集(SUPP--)。蓝色斜体字体可根据项目的具体信息进行修改。
A75: (2) SDTM域必须以字母顺序列出(相应的补充数据集应该在SDTM域之后立即进行)。
A76: (3) 一个SDTM域一个表格,即使是多个数据源。
A77: (4) SDTM域必须以.xpt格式生成。
A78: (5) 每个SDTM域中，请按照项目的具体需求选择合适的变量。其中，核心类别为"必需"的变量必须保留。（注：SDTMIG3.3及以后版本对于各个域均增加了EPOCH变量，可按需添加）
A79: (6) 所有__CAT, __SCAT 和 DSDECOD变量的值都要大写。
A80: (7) 如果筛选失败受试者收集了DM信息则也要保留其数据。

Sheet Revision History
A1: Version | B1: Date | C1: Domain(s) | D1: Variable(s) | E1: Modification Details
A2: 1.0 | B2: 45657 | C2: NA | D2: NA | E2: Initial Version

Sheet CODELIST
A1: Control Terminology | I1: CRF
A2: Domain | B2: ID | C2: Name | D2: NCI_Codelist_Code | E2: Datatype | F2: Term | G2: NCI_Term_Code | H2: Decode | I2: CRF Term
I3: Please ref to CDISC SDTM CT

Sheet AE
A1: AE Domain Mapping Specifications
A2: 方案编号: | D2: =CONTENT!$B$3 -> XXXXX
A3: SDTM 版本: | D3: =CONTENT!$B$4 -> 3.4
A4: SDTM 数据集描述: | D4: =CONTENT!$B$7 -> Adverse Events
A5: SDTM 数据集结构: | D5: =CONTENT!$C$7 -> One record per adverse event per subject
A6: 程序名称: | D6: =CONTENT!$D$7 -> ae.sas
A7: 常规观测分类: | D7: =CONTENT!$E$7 -> Events
A8: 数据来源: | D8: =CONTENT!$F$7 -> 0
A9: 关键变量: | D9: =CONTENT!$G$7 -> STUDYID, USUBJID, AEDECOD, AESTDTC
A10: 排序变量: | D10: =CONTENT!$G$7 -> STUDYID, USUBJID, AEDECOD, AESTDTC
A11: 提取规则: | D11: =CONTENT!$I$7 -> 0
A13: Variable Name | B13: Variable Label | C13: Type | D13: Length | E13: Controlled Terms, Codelist or Format | F13: Source | G13: Core | H13: Transformation definition | I13: Variable Type | J13: Variable Order | K13: CDISC Notes
A14: STUDYID | B14: Study Identifier | C14: Char | D14: 20 | F14: Assigned | G14: 必需 | I14: SDTM | J14: =ROW()-13 -> 1 | K14: Unique identifier for a study.
A15: DOMAIN | B15: Domain Abbreviation | C15: Char | D15: 2 | E15: AE | F15: Assigned | G15: 必需 | H15: AE | I15: SDTM | J15: =ROW()-13 -> 2 | K15: Two-character abbreviation for the domain.
A16: USUBJID | B16: Unique Subject Identifier | C16: Char | D16: 30 | F16: Derived | G16: 必需 | I16: SDTM | J16: =ROW()-13 -> 3 | K16: Identifier used to uniquely identify a subject across all studies for all applications or submissions involving the product.
A17: SPDEVID | B17: Sponsor Device Identifier | C17: Char | D17: 25 | F17: Assigned | G17: 可有 | I17: SDTM | J17: 4 | K17: A sequence of characters used by the sponsor to uniquely identify a specific device. Used to represent a device associated in some way with the adverse event. SPDEVID values are defined in the Device Identifiers (DI) domain.
A18: AESEQ | B18: Sequence Number | C18: Num | F18: Derived | G18: 必需 | I18: SDTM | J18: =ROW()-13 -> 5 | K18: Sequence number given to ensure uniqueness of subject records within a domain. May be any valid number.
A19: AEGRPID | B19: Group ID | C19: Char | D19: 25 | F19: CRF | G19: 可有 | I19: SDTM | J19: =ROW()-13 -> 6 | K19: Used to tie together a block of related records in a single domain for a subject.
A20: AEREFID | B20: Reference ID | C20: Char | D20: 25 | F20: CRF | G20: 可有 | I20: SDTM | J20: =ROW()-13 -> 7 | K20: Internal or external identifier such as a serial number on an SAE reporting form.
A21: AESPID | B21: Sponsor-Defined Identifier | C21: Char | D21: 25 | F21: CRF | G21: 可有 | I21: SDTM | J21: =ROW()-13 -> 8 | K21: Sponsor-defined identifier. It may be preprinted on the CRF as an explicit line identifier or defined in the sponsor's operational database. Example: Line number on an Adverse Events CRF page.
A22: AETERM | B22: Reported Term for the Adverse Event | C22: Char | D22: 200 | F22: CRF | G22: 必需 | I22: SDTM | J22: =ROW()-13 -> 9 | K22: Verbatim name of the event.
A23: AEMODIFY | B23: Modified Reported Term | C23: Char | D23: 200 | F23: Assigned | G23: 可有 | I23: SDTM | J23: =ROW()-13 -> 10 | K23: If AETERM is modified to facilitate coding, then AEMODIFY will contain the modified text.
A24: AELLT | B24: Lowest Level Term | C24: Char | D24: 200 | E24: MedDRA | F24: Assigned | G24: 期望 | I24: SDTM | J24: =ROW()-13 -> 11 | K24: Dictionary-derived text description of the lowest level term.
A25: AELLTCD | B25: Lowest Level Term Code | C25: Num | E25: MedDRA | F25: Assigned | G25: 期望 | I25: SDTM | J25: =ROW()-13 -> 12 | K25: Dictionary-derived code for the lowest level term.
A26: AEDECOD | B26: Dictionary-Derived Term | C26: Char | D26: 200 | E26: MedDRA | F26: Assigned | G26: 必需 | I26: SDTM | J26: =ROW()-13 -> 13 | K26: Dictionary-derived text description of AETERM or AEMODIFY. Equivalent to the Preferred Term (PT in MedDRA). The sponsor is expected to provide the dictionary name and version used to map the terms utilizing the external codelist element in the Define-XML document.
A27: AEPTCD | B27: Preferred Term Code | C27: Num | E27: MedDRA | F27: Assigned | G27: 期望 | I27: SDTM | J27: =ROW()-13 -> 14 | K27: Dictionary-derived code for the preferred term.
A28: AEHLT | B28: High Level Term | C28: Char | D28: 200 | E28: MedDRA | F28: Assigned | G28: 期望 | I28: SDTM | J28: =ROW()-13 -> 15 | K28: Dictionary-derived text description of the high level term for the primary system organ class (SOC).
A29: AEHLTCD | B29: High Level Term Code | C29: Num | E29: MedDRA | F29: Assigned | G29: 期望 | I29: SDTM | J29: =ROW()-13 -> 16 | K29: Dictionary-derived code for the high level term for the primary SOC.
A30: AEHLGT | B30: High Level Group Term | C30: Char | D30: 200 | E30: MedDRA | F30: Assigned | G30: 期望 | I30: SDTM | J30: =ROW()-13 -> 17 | K30: Dictionary-derived text description of the high level group term for the primary SOC.
A31: AEHLGTCD | B31: High Level Group Term Code | C31: Num | E31: MedDRA | F31: Assigned | G31: 期望 | I31: SDTM | J31: =ROW()-13 -> 18 | K31: Dictionary-derived code for the high level group term for the primary SOC.
A32: AECAT | B32: Category for Adverse Event | C32: Char | D32: 100 | E32: * | F32: Assigned | G32: 可有 | I32: SDTM | J32: =ROW()-13 -> 19 | K32: Used to define a category of related records. Examples: "BLEEDING", "NEUROPSYCHIATRIC".
A33: AESCAT | B33: Subcategory for Adverse Event | C33: Char | D33: 100 | E33: * | F33: Assigned | G33: 可有 | I33: SDTM | J33: =ROW()-13 -> 20 | K33: A further categorization of adverse event. Example: "NEUROLOGIC".
A34: AEPRESP | B34: Pre-Specified Adverse Event | C34: Char | D34: 1 | E34: (NY) | F34: Derived | G34: 可有 | I34: SDTM | J34: =ROW()-13 -> 21 | K34: A value of "Y" indicates that this adverse event was prespecified on the CRF. Values are null for spontaneously reported events (i.e., those collected as free-text verbatim terms).
A35: AEBODSYS | B35: Body System or Organ Class | C35: Char | D35: 200 | E35: * | F35: Assigned | G35: 期望 | I35: SDTM | J35: =ROW()-13 -> 22 | K35: Dictionary derived. Body system or organ class used by the sponsor from the coding dictionary (e.g., MedDRA). When using a multi-axial dictionary such as MedDRA, this should contain the SOC used for the sponsor's analyses and summary tables, which may not necessarily be the primary SOC.
A36: AEBDSYCD | B36: Body System or Organ Class Code | C36: Num | E36: MedDRA | F36: Assigned | G36: 期望 | I36: SDTM | J36: =ROW()-13 -> 23 | K36: Dictionary derived. Code for the body system or organ class used by the sponsor. When using a multi-axial dictionary such as MedDRA, this should contain the SOC used for the sponsor's analyses and summary tables, which may not necessarily be the primary SOC.
A37: AESOC | B37: Primary System Organ Class | C37: Char | D37: 200 | E37: MedDRA | F37: Assigned | G37: 期望 | I37: SDTM | J37: =ROW()-13 -> 24 | K37: Dictionary-derived text description of the primary SOC. Will be the same as AEBODSYS if the primary SOC was used for analysis.
A38: AESOCCD | B38: Primary System Organ Class Code | C38: Num | E38: MedDRA | F38: Assigned | G38: 期望 | I38: SDTM | J38: =ROW()-13 -> 25 | K38: Dictionary-derived code for the primary SOC. Will be the same as AEBDSYCD if the primary SOC was used for analysis.
A39: AELOC | B39: Location of Event | C39: Char | D39: 40 | E39: (LOC) | F39: CRF | G39: 可有 | I39: SDTM | J39: =ROW()-13 -> 26 | K39: Describes anatomical location relevant for the event (e.g., "ARM" for skin rash).
A40: AESEV | B40: Severity/Intensity | C40: Char | D40: 10 | E40: (AESEV) | F40: CRF | G40: 可有 | I40: SDTM | J40: =ROW()-13 -> 27 | K40: The severity or intensity of the event. Examples: "MILD", "MODERATE", "SEVERE".
A41: AESER | B41: Serious Event | C41: Char | D41: 1 | E41: (NY) | F41: CRF | G41: 期望 | I41: SDTM | J41: =ROW()-13 -> 28 | K41: Is this a serious event? Valid values are "Y" and "N".
A42: AEACN | B42: Action Taken with Study Treatment | C42: Char | D42: 25 | E42: (ACN) | F42: CRF | G42: 期望 | I42: SDTM | J42: =ROW()-13 -> 29 | K42: Describes changes to the study treatment as a result of the event. AEACN is specifically for the relationship to study treatment. AEACNOTH is for actions unrelated to dose adjustments of study treatment. Examples of AEACN values include ICH E2B values: "DRUG WITHDRAWN", "DOSE REDUCED", "DOSE INCREASED", "DOSE NOT CHANGED", "UNKNOWN" and "NOT APPLICABLE".
A43: AEACNOTH | B43: Other Action Taken | C43: Char | D43: 200 | F43: CRF | G43: 可有 | I43: SDTM | J43: =ROW()-13 -> 30 | K43: Describes other actions taken as a result of the event that are unrelated to dose adjustments of study treatment. Usually reported as free text. Example: "TREATMENT UNBLINDED. PRIMARY CARE PHYSICIAN NOTIFIED".
A44: AEACNDEV | B44: Action Taken with Device | C44: Char | D44: 200 | E44: (DEACNDEV) | F44: CRF | G44: 可有 | I44: SDTM | J44: 31 | K44: An action taken with a device as the result of the event. The device may or may not be a device under study.
A45: AEREL | B45: Causality | C45: Char | D45: 20 | E45: * | F45: CRF | G45: 期望 | I45: SDTM | J45: =ROW()-13 -> 32 | K45: Records the investigator's opinion as to the causality of the event to the treatment. ICH does not establish any required or recommended terms for non-device relatedness. ICH E2A and E2B examples include (up-cased here for alignment to SDTM conventions) terms such as "NOT RELATED", "UNLIKELY RELATED", "POSSIBLY RELATED", "RELATED", but these example terms do not establish any conventions or expectations. Controlled terminology may be defined in the future. Check with regulatory authority for population of this variable.
A46: AERLDEV | B46: Relationship of Event to Device | C46: Char | D46: 100 | F46: CRF | G46: 可有 | I46: SDTM | J46: 33 | K46: A judgment as to the likelihood that the device caused the adverse event. The relationship is to a device identified in the data (i.e., has an SPDEVID). The device may be ancillary or under study. \n Terminology: \n * In the EU, follow the European Commission Guidelines on Medical Devices, Clinical Investigations: SAE Reporting (MEDDEV 2.7/3) (e.g., Not Related, Unlikely, Possible, Probable, Causal Relationship), with device-specific definitions. \n * No required Controlled Terminology in US.
A47: AERELNST | B47: Relationship to Non-Study Treatment | C47: Char | D47: 200 | F47: CRF | G47: 可有 | I47: SDTM | J47: =ROW()-13 -> 34 | K47: Records the investigator's opinion as to whether the event may have been due to a treatment other than study drug. May be reported as free text. Example: "MORE LIKELY RELATED TO ASPIRIN USE".
A48: AEPATT | B48: Pattern of Adverse Event | C48: Char | D48: 100 | E48: * | F48: CRF | G48: 可有 | I48: SDTM | J48: =ROW()-13 -> 35 | K48: Used to indicate the pattern of the event over time. Examples: "INTERMITTENT", "CONTINUOUS", "SINGLE EVENT".
A49: AEOUT | B49: Outcome of Adverse Event | C49: Char | D49: 50 | E49: (OUT) | F49: CRF | G49: 可有 | I49: SDTM | J49: =ROW()-13 -> 36 | K49: Description of the outcome of an event.
A50: AESCAN | B50: Involves Cancer | C50: Char | D50: 1 | E50: (NY) | F50: CRF | G50: 可有 | I50: SDTM | J50: =ROW()-13 -> 37 | K50: Was the serious event associated with the development of cancer? Valid values are "Y" and "N". This is a legacy seriousness criterion. It is not included in ICH E2A or E2B.
A51: AESCONG | B51: Congenital Anomaly or Birth Defect | C51: Char | D51: 1 | E51: (NY) | F51: CRF | G51: 可有 | I51: SDTM | J51: =ROW()-13 -> 38 | K51: Was the serious event associated with congenital anomaly or birth defect? Valid values are "Y" and "N".
A52: AESDISAB | B52: Persist or Signif Disability/Incapacity | C52: Char | D52: 1 | E52: (NY) | F52: CRF | G52: 可有 | I52: SDTM | J52: =ROW()-13 -> 39 | K52: Did the serious event result in persistent or significant disability/incapacity? Valid values are "Y" and "N".
A53: AESDTH | B53: Results in Death | C53: Char | D53: 1 | E53: (NY) | F53: CRF | G53: 可有 | I53: SDTM | J53: =ROW()-13 -> 40 | K53: Did the serious event result in death? Valid values are "Y" and "N".
A54: AESHOSP | B54: Requires or Prolongs Hospitalization | C54: Char | D54: 1 | E54: (NY) | F54: CRF | G54: 可有 | I54: SDTM | J54: =ROW()-13 -> 41 | K54: Did the serious event require or prolong hospitalization? Valid values are "Y" and "N".
A55: AESLIFE | B55: Is Life Threatening | C55: Char | D55: 1 | E55: (NY) | F55: CRF | G55: 可有 | I55: SDTM | J55: =ROW()-13 -> 42 | K55: Was the serious event life-threatening? Valid values are "Y" and "N".
A56: AESOD | B56: Occurred with Overdose | C56: Char | D56: 1 | E56: (NY) | F56: CRF | G56: 可有 | I56: SDTM | J56: =ROW()-13 -> 43 | K56: Did the serious event occur with an overdose? Valid values are "Y" and "N". This is a legacy seriousness criterion. It is not included in ICH E2A or E2B.
A57: AESMIE | B57: Other Medically Important Serious Event | C57: Char | D57: 1 | E57: (NY) | F57: CRF | G57: 可有 | I57: SDTM | J57: =ROW()-13 -> 44 | K57: Do additional categories for seriousness apply? Valid values are "Y" and "N".
A58: AESINTV | B58: Needs Intervention to Prevent Impairment | C58: Char | D58: 1 | E58: (NY) | F58: CRF | G58: 可有 | I58: SDTM | J58: 45 | K58: Records whether medical or surgical intervention was necessary to preclude permanent impairment of a body function, or to prevent permanent damage to a body structure, with either situation suspected to be due to the use of a medical product. This variable is used in conjunction with the other "seriousness" variables (e.g., fatal, life-threatening). It is part of the US federal government definition of a serious adverse event; see 21 CFR Part 803.3(w)(3).
A59: AEUNANT | B59: Unanticipated Adverse Device Effect | C59: Char | D59: 1 | E59: (NY) | F59: CRF | G59: 可有 | I59: SDTM | J59: 46 | K59: Any serious adverse effect on health or safety or any life-threatening problem or death caused by or associated with a device, if that effect, problem, or death was not previously identified in nature, severity, or degree of incidence in the investigational plan or application (including a supplementary plan or application), \n or \n any other unanticipated serious problem associated with a device that relates to the rights, safety, or welfare of subjects. (21 CFR Part 812.3(s)). \n This variable applies only to serious AEs and should hold collected data; if the value is derived, it should be held in ADaM.
A60: AERLPRT | B60: Rel of AE to Non-Dev-Rel Study Activity | C60: Char | D60: 100 | F60: CRF | G60: 可有 | I60: SDTM | J60: 47 | K60: The investigator's opinion as to the causality of the event as related to other protocol-required activities, actions, or assessments (e.g., medication changes, tests/assessments, other procedures). The relationship is to a protocol-specified, non-device-related activity where the device is identified in the data (i.e., has an SPDEVID). The device may be ancillary or under study. \n Terminology: \n * In the EU, follow the European Commission Guidelines on Medical Devices, Clinical Investigations: SAE Reporting (MEDDEV 2.7/3) (e.g., Not Related, Unlikely, Possible, Probable, Causal Relationship), with device-specific definitions. \n * No required Controlled Terminology in US.
A61: AERLPRC | B61: Rel of AE to Device-Related Procedure | C61: Char | D61: 100 | F61: CRF | G61: 可有 | I61: SDTM | J61: 48 | K61: The investigator's opinion as to the likelihood that the device-related study procedure (e.g., implant/insertion, revision/adjustment, explant/removal) caused the AE. The relationship is to a device-related procedure where the device is identified in the data (i.e., has an SPDEVID). The device may be ancillary or under study. \n Terminology: \n * In the EU, follow the European Commission Guidelines on Medical Devices, Clinical Investigations: SAE Reporting (MEDDEV 2.7/3) (e.g., Not Related, Unlikely, Possible, Probable, Causal Relationship), with device-specific definitions. \n * No required Controlled Terminology in US.
A62: AECONTRT | B62: Concomitant or Additional Trtmnt Given | C62: Char | D62: 1 | E62: (NY) | F62: CRF | G62: 可有 | I62: SDTM | J62: =ROW()-13 -> 49 | K62: Was another treatment given because of the occurrence of the event? Valid values are "Y" and "N".
A63: AETOXGR | B63: Standard Toxicity Grade | C63: Char | D63: 10 | E63: * | F63: CRF | G63: 可有 | I63: SDTM | J63: =ROW()-13 -> 50 | K63: Toxicity grade according to a standard toxicity scale (e.g., Common Terminology Criteria for Adverse Events, CTCAE). Sponsors should specify the name of the scale and version used in the metadata (see assumption 7d). If value is from a numeric scale, represent only the number (e.g., "2", not "Grade 2").
A64: TAETORD | B64: Planned Order of Element within Arm | C64: Num | F64: Assigned | G64: 可有 | I64: SDTM | J64: 51 | K64: Number that gives the planned order of the element within the arm.
A65: EPOCH | B65: Epoch | C65: Char | D65: 100 | E65: (EPOCH) | F65: Assigned | G65: 可有 | I65: SDTM | J65: 52 | K65: Epoch associated with the start date/time of the adverse event. Examples: "SCREENING", "TREATMENT", "FOLLOW-UP".
A66: AESTDTC | B66: Start Date/Time of Adverse Event | C66: Char | D66: 20 | E66: ISO 8601 | F66: CRF | G66: 期望 | I66: SDTM | J66: =ROW()-13 -> 53 | K66: Start date/time of the adverse event represented in ISO 8601 character format.
A67: AEENDTC | B67: End Date/Time of Adverse Event | C67: Char | D67: 20 | E67: ISO 8601 | F67: CRF | G67: 期望 | I67: SDTM | J67: =ROW()-13 -> 54 | K67: End date/time of the adverse event represented in ISO 8601 character format.
A68: AESTDY | B68: Study Day of Start of Adverse Event | C68: Num | F68: Derived | G68: 可有 | I68: SDTM | J68: =ROW()-13 -> 55 | K68: Study day of start of adverse event relative to the sponsor-defined RFSTDTC.
A69: AEENDY | B69: Study Day of End of Adverse Event | C69: Num | F69: Derived | G69: 可有 | I69: SDTM | J69: =ROW()-13 -> 56 | K69: Study day of end of event relative to the sponsor-defined RFSTDTC.
A70: AEDUR | B70: Duration of Adverse Event | C70: Char | D70: 20 | E70: ISO 8601 | F70: CRF | G70: 可有 | I70: SDTM | J70: =ROW()-13 -> 57 | K70: Collected duration and unit of an adverse event. Used only if collected on the CRF and not derived from start and end date/times. Example: "P1DT2H" (for 1 day, 2 hours).
A71: AEENRF | B71: End Relative to Reference Period | C71: Char | D71: 20 | E71: (STENRF) | F71: Derived | G71: 可有 | I71: SDTM | J71: =ROW()-13 -> 58 | K71: Describes the end of the event relative to the sponsor-defined reference period. The sponsor-defined reference period is a continuous period of time defined by a discrete starting point (RFSTDTC) and a discrete ending point (RFENDTC) of the trial. \n Not all values of the codelist are allowable for this variable. See Section 4.4.7, Use of Relative Timing Variables.
A72: AEENRTPT | B72: End Relative to Reference Time Point | C72: Char | D72: 20 | E72: (STENRF) | F72: Derived | G72: 可有 | I72: SDTM | J72: =ROW()-13 -> 59 | K72: Identifies the end of the event as being before or after the reference time point defined by variable AEENTPT. \n Not all values of the codelist are allowable for this variable. See Section 4.4.7, Use of Relative Timing Variables.
A73: AEENTPT | B73: End Reference Time Point | C73: Char | D73: 100 | F73: CRF | G73: 可有 | I73: SDTM | J73: =ROW()-13 -> 60 | K73: Description of date/time in ISO 8601 character format of the reference point referred to by AEENRTPT. Examples: "2003-12-25", "VISIT 2".
A75: CONTENT

Sheet AG
A1: AG Domain Mapping Specifications
A2: 方案编号: | D2: =CONTENT!$B$3 -> XXXXX
A3: SDTM 版本: | D3: =CONTENT!$B$4 -> 3.4
A4: SDTM 数据集描述: | D4: =CONTENT!$B$8 -> Procedure Agents
A5: SDTM 数据集结构: | D5: =CONTENT!$C$8 -> One record per recorded intervention occurrence per subject
A6: 程序名称: | D6: =CONTENT!$D$8 -> ag.sas
A7: 常规观测分类: | D7: =CONTENT!$E$8 -> Interventions
A8: 数据来源: | D8: =CONTENT!$F$8 -> 0
A9: 关键变量: | D9: =CONTENT!$G$8 -> STUDYID, USUBJID,AGGRPID, AGSPID, AGTRT
A10: 排序变量: | D10: =CONTENT!$H$8 -> STUDYID, USUBJID,AGGRPID, AGSPID, AGTRT
A11: 提取规则: | D11: =CONTENT!$I$8 -> 0
A13: Variable Name | B13: Variable Label | C13: Type | D13: Length | E13: Controlled Terms, Codelist or Format | F13: Source | G13: Core | H13: Transformation definition | I13: Variable Type | J13: Variable Order | K13: CDISC Notes
A14: STUDYID | B14: Study Identifier | C14: Char | D14: 20 | F14: Assigned | G14: 必需 | I14: SDTM | J14: 1 | K14: Unique identifier for a study.
A15: DOMAIN | B15: Domain Abbreviation | C15: Char | D15: 2 | E15: AG | F15: Assigned | G15: 必需 | H15: AG | I15: SDTM | J15: 2 | K15: Two-character abbreviation for the domain.
A16: USUBJID | B16: Unique Subject Identifier | C16: Char | D16: 30 | F16: Derived | G16: 必需 | I16: SDTM | J16: 3 | K16: Identifier used to uniquely identify a subject across all studies for all applications or submissions involving the product.
A17: AGSEQ | B17: Sequence Number | C17: Num | F17: Derived | G17: 必需 | I17: SDTM | J17: 4 | K17: Sequence number given to ensure uniqueness of subject records within a domain. May be any valid number.
A18: AGGRPID | B18: Group ID | C18: Char | D18: 25 | F18: CRF | G18: 可有 | I18: SDTM | J18: 5 | K18: Used to tie together a block of related records in a single domain for a subject.
A19: AGSPID | B19: Sponsor-Defined Identifier | C19: Char | D19: 25 | F19: CRF | G19: 可有 | I19: SDTM | J19: 6 | K19: Sponsor-defined reference number. May be preprinted on the CRF as an explicit line identifier or defined in the sponsor's operational database. Example: Line number from the procedure or test page.
A20: AGLNKID | B20: Link ID | C20: Char | D20: 25 | F20: CRF | G20: 可有 | I20: SDTM | J20: 7 | K20: Identifier used to link related records across domains.This may be a one-to-one or a one-to-many relationship.
A21: AGLNKGRP | B21: Link Group ID | C21: Char | D21: 25 | F21: CRF | G21: 可有 | I21: SDTM | J21: 8 | K21: Identifier used to link related records across domains.This will usually be a many-to-one relationship.
A22: AGTRT | B22: Reported Agent Name | C22: Char | D22: 200 | F22: CRF | G22: 必需 | I22: SDTM | J22: 9 | K22: Verbatim medication name that is either preprinted or collected on a CRF.
A23: AGMODIFY | B23: Modified Reported Name | C23: Char | D23: 200 | F23: Assigned | G23: 可有 | I23: SDTM | J23: 10 | K23: If AGTRT is modified to facilitate coding, then AGMODIFY will contain the modified text.
A24: AGDECOD | B24: Standardized Agent Name | C24: Char | D24: 200 | E24: * | F24: Assigned | G24: 可有 | I24: SDTM | J24: 11 | K24: Standardized or dictionary-derived text description of AGTRT or AGMODIFY. Equivalent to the generic medication name in WHO Drug. The sponsor is expected to provide the dictionary name and version used to map the terms utilizing the external codelist element in the Define-XML document. If an intervention term does not have a decode value in the dictionary, then AGDECOD will be left blank.
A25: AGCAT | B25: Category for Agent | C25: Char | D25: 100 | E25: * | F25: Assigned | G25: 可有 | I25: SDTM | J25: 12 | K25: Used to define a category of agent. Examples: "CHALLENGE AGENT", "PET TRACER".
A26: AGSCAT | B26: Subcategory for Agent | C26: Char | D26: 100 | E26: * | F26: Assigned | G26: 可有 | I26: SDTM | J26: 13 | K26: Further categorization of agent.
A27: AGPRESP | B27: AG Pre-Specified | C27: Char | D27: 1 | E27: (NY) | F27: Assigned | G27: 可有 | I27: SDTM | J27: 14 | K27: Used to indicate whether ("Y"/null) information about the use of a specific agent was solicited on the CRF.
A28: AGOCCUR | B28: AG Occurrence | C28: Char | D28: 1 | E28: (NY) | F28: CRF | G28: 可有 | I28: SDTM | J28: 15 | K28: When the use of specific agent is solicited, AGOCCUR is used to indicate whether ("Y"/"N") use of the agent occurred. Values are null for agents not specifically solicited.
A29: AGSTAT | B29: Completion Status | C29: Char | D29: 8 | E29: (ND) | F29: CRF | G29: 可有 | I29: SDTM | J29: 16 | K29: Used to indicate that a question about a prespecified agent was not answered. Should be null or have a value of "NOT DONE".
A30: AGREASND | B30: Reason Procedure Agent Not Collected | C30: Char | D30: 200 | F30: CRF | G30: 可有 | I30: SDTM | J30: 17 | K30: Describes the reason a response to a question about the occurrence of a procedure agent was not collected. Used in conjunction with AGSTAT when value is "NOT DONE".
A31: AGCLAS | B31: Agent Class | C31: Char | D31: 200 | E31: * | F31: Assigned | G31: 可有 | I31: SDTM | J31: 18 | K31: Drug class. May be obtained from coding. When coding to a single class, populate with class value. If using a dictionary and coding to multiple classes, follow guidance in Section 4.2.8.3, Multiple Values for a Non-result Qualifier Variable, or omit AGCLAS.
A32: AGCLASCD | B32: Agent Class Code | C32: Char | D32: 200 | E32: * | F32: Assigned | G32: 可有 | I32: SDTM | J32: 19 | K32: Class code corresponding to AGCLAS. Drug class. May be obtained from coding. When coding to a single class, populate with class code. If using a dictionary and coding to multiple classes, follow guidance in Section 4.2.8.3, Multiple Values for a Non-result Qualifier Variable, or omit AGCLASCD.
A33: AGDOSE | B33: Dose per Administration | C33: Num | F33: CRF | G33: 可有 | I33: SDTM | J33: 20 | K33: Amount of AGTRT taken.
A34: AGDOSTXT | B34: Dose Description | C34: Char | D34: 100 | F34: CRF | G34: 可有 | I34: SDTM | J34: 21 | K34: Dosing amounts or a range of dosing information collected in text form. Units may be stored in AGDOSU. Examples: "200-400", "15-20".
A35: AGDOSU | B35: Dose Units | C35: Char | D35: 20 | E35: (UNIT) | F35: CRF | G35: 可有 | I35: SDTM | J35: 22 | K35: Units for AGDOSE and AGDOSTXT. Examples: "ng", "mg", "mg/kg".
A36: AGDOSFRM | B36: Dose Form | C36: Char | D36: 20 | E36: (FRM) | F36: CRF | G36: 可有 | I36: SDTM | J36: 23 | K36: Dose form for AGTRT. Examples: "TABLET", "AEROSOL".
A37: AGDOSFRQ | B37: Dosing Frequency per Interval | C37: Char | D37: 20 | E37: (FREQ) | F37: CRF | G37: 可有 | I37: SDTM | J37: 24 | K37: Usually expressed as the number of repeated administrations of AGDOSE within a specific time period. Example: "ONCE".
A38: AGROUTE | B38: Route of Administration | C38: Char | D38: 20 | E38: (ROUTE) | F38: CRF | G38: 可有 | I38: SDTM | J38: 25 | K38: Route of administration for AGTRT. Example: "ORAL".
A39: VISITNUM | B39: Visit Number | C39: Num | F39: Assigned | G39: 期望 | I39: SDTM | J39: 26 | K39: 1. Clinical encounter number. \n 2. Numeric version of VISIT, used for sorting.
A40: VISIT | B40: Visit Name | C40: Char | D40: 100 | F40: Assigned | G40: 可有 | I40: SDTM | J40: 27 | K40: 1. Protocol-defined description of clinical encounter. \n 2. May be used in addition to VISITNUM and/or VISITDY.
A41: VISITDY | B41: Planned Study Day of Visit | C41: Num | F41: Assigned | G41: 可有 | I41: SDTM | J41: 28 | K41: Planned study day of the visit based upon RFSTDTC in Demographics.
A42: TAETORD | B42: Planned Order of Element within Arm | C42: Num | F42: Assigned | G42: 可有 | I42: SDTM | J42: 29 | K42: Number that gives the planned order of the element within the arm for the element in which the agent administration started.
A43: EPOCH | B43: Epoch | C43: Char | D43: 100 | E43: (EPOCH) | F43: Assigned | G43: 可有 | I43: SDTM | J43: 30 | K43: Epoch associated with the start date/time of the agent administration started.
A44: AGSTDTC | B44: Start Date/Time of Agent | C44: Char | D44: 20 | E44: ISO 8601 | F44: CRF | G44: 可有 | I44: SDTM | J44: 31 | K44: The date/time when administration of the treatment indicated by AGTRT and the dosing variables began.
A45: AGENDTC | B45: End Date/Time of Agent | C45: Char | D45: 20 | E45: ISO 8601 | F45: CRF | G45: 可有 | I45: SDTM | J45: 32 | K45: The date/time when administration of the treatment indicated by AGTRT and the dosing variables ended.
A46: AGSTDY | B46: Study Day of Start of Agent | C46: Num | F46: Derived | G46: 可有 | I46: SDTM | J46: 33 | K46: Study day of start of agent relative to the sponsor-defined RFSTDTC.
A47: AGENDY | B47: Study Day of End of Agent | C47: Num | F47: Derived | G47: 可有 | I47: SDTM | J47: 34 | K47: Study day of end of agent relative to the sponsor-defined RFSTDTC.
A48: AGDUR | B48: Duration of Agent | C48: Char | D48: 20 | E48: ISO 8601 | F48: CRF | G48: 可有 | I48: SDTM | J48: 35 | K48: Collected duration for an agent episode. Used only if collected on the CRF and not derived from start and end date/times.
A49: AGSTRF | B49: Start Relative to Reference Period | C49: Char | D49: 20 | E49: (STENRF) | F49: Derived | G49: 可有 | I49: SDTM | J49: 36 | K49: Describes the start of the agent relative to sponsor-defined reference period. The sponsor-defined reference period is a continuous period of time defined by a discrete starting point and a discrete ending point (represented by RFSTDTC and RFENDTC in Demographics). If information such as "PRIOR", "ONGOING", or "CONTINUING" was collected, this information may be translated into AGSTRF. \n Not all values of the codelist are allowable for this variable. See Section 4.4.7, Use of Relative Timing Variables.
A50: AGENRF | B50: End Relative to Reference Period | C50: Char | D50: 20 | E50: (STENRF) | F50: Derived | G50: 可有 | I50: SDTM | J50: 37 | K50: Describes the end of the agent relative to the sponsor-defined reference period. The sponsor-defined reference period is a continuous period of time defined by a discrete starting point and a discrete ending point (represented by RFSTDTC and RFENDTC in Demographics). If information such as "PRIOR", "ONGOING", or "CONTINUING" was collected, this information may be translated into AGENRF. \n Not all values of the codelist are allowable for this variable. See Section 4.4.7, Use of Relative Timing Variables.
A51: AGSTRTPT | B51: Start Relative to Reference Time Point | C51: Char | D51: 100 | F51: CRF | G51: 可有 | I51: SDTM | J51: 38 | K51: Identifies the start of the agent as being before or after the sponsor-defined reference time point defined by variable AGSTTPT. \n Not all values of the codelist are allowable for this variable. See Section 4.4.7, Use of Relative Timing Variables.
A52: AGSTTPT | B52: Start Reference Time Point | C52: Char | D52: 100 | F52: CRF | G52: 可有 | I52: SDTM | J52: 39 | K52: Description or date/time in ISO 8601 character format of the reference point referred to by AGSTRTPT. Examples: "2003-12-15", "VISIT 1".
A53: AGENRTPT | B53: End Relative to Reference Time Point | C53: Char | D53: 20 | E53: (STENRF) | F53: Derived | G53: 可有 | I53: SDTM | J53: 40 | K53: Identifies the end of the agent as being before or after the reference time point defined by variable AGENTPT. Identifies the end of the agent as being before or after the sponsor-defined reference time point defined by variable AGENTPT. \n Not all values of the codelist are allowable for this variable. See Section 4.4.7, Use of Relative Timing Variables.
A54: AGENTPT | B54: End Reference Time Point | C54: Char | D54: 100 | F54: CRF | G54: 可有 | I54: SDTM | J54: 41 | K54: Description or date/time in ISO 8601 character format of the reference point referred to by AGENRTPT. Examples: "2003-12-25", "VISIT 2".
A58: CONTENT

Sheet BE
A1: BE Domain Mapping Specifications
A2: 方案编号: | D2: =CONTENT!$B$3 -> XXXXX
A3: SDTM 版本: | D3: =CONTENT!$B$4 -> 3.4
A4: SDTM 数据集描述: | D4: =CONTENT!$B$9 -> Biospecimen Events
A5: SDTM 数据集结构: | D5: =CONTENT!$C$9 -> One record per instance per biospecimen event per biospecimen identifier per subject
A6: 程序名称: | D6: =CONTENT!$D$9 -> be.sas
A7: 常规观测分类: | D7: =CONTENT!$E$9 -> Events
A8: 数据来源: | D8: =CONTENT!$F$9 -> 0
A9: 关键变量: | D9: =CONTENT!$G$9 -> STUDYID, USUBJID, BEREFID, BETERM, BESDTC
A10: 排序变量: | D10: =CONTENT!$H$9 -> STUDYID, USUBJID, BEREFID, BETERM, BESDTC
A11: 提取规则: | D11: =CONTENT!$I$9 -> 0
A13: Variable Name | B13: Variable Label | C13: Type | D13: Length | E13: Controlled Terms, Codelist or Format | F13: Source | G13: Core | H13: Transformation definition | I13: Variable Type | J13: Variable Order | K13: CDISC Notes
A14: STUDYID | B14: Study Identifier | C14: Char | D14: 20 | F14: Assigned | G14: 必需 | I14: SDTM | J14: 1 | K14: Unique identifier for a study.
A15: DOMAIN | B15: Domain Abbreviation | C15: Char | D15: 2 | E15: BE | F15: Assigned | G15: 必需 | H15: BE | I15: SDTM | J15: 2 | K15: Two-character abbreviation for the domain.
A16: USUBJID | B16: Unique Subject Identifier | C16: Char | D16: 30 | F16: Derived | G16: 必需 | I16: SDTM | J16: 3 | K16: Identifier used to uniquely identify a subject across all studies for all applications or submissions involving the product.
A17: SPDEVID | B17: Sponsor Device Identifier | C17: Char | D17: 25 | F17: Assigned | G17: 可有 | I17: SDTM | J17: 4 | K17: Sponsor-defined identifier for a device.
A18: BESEQ | B18: Sequence Number | C18: Num | F18: Derived | G18: 必需 | I18: SDTM | J18: 5 | K18: Sequence number to ensure uniqueness of records within a dataset for a subject. May be any valid number (including decimals) and does not have to start at 1.
A19: BEGRPID | B19: Group ID | C19: Char | D19: 25 | F19: CRF | G19: 可有 | I19: SDTM | J19: 6 | K19: Optional group identifier, used to link together a block of related records within a subject in a domain.
A20: BEREFID | B20: Reference ID | C20: Char | D20: 25 | F20: CRF | G20: 期望 | I20: SDTM | J20: 7 | K20: Internal or external identifier for the specimen affected or created by the event.
A21: BESPID | B21: Sponsor-Defined Identifier | C21: Char | D21: 25 | F21: CRF | G21: 可有 | I21: SDTM | J21: 8 | K21: Optional sponsor-defined reference number. Example: Line number on a CRF page.
A22: BETERM | B22: Reported Term for the Biospecimen Event | C22: Char | D22: 200 | F22: CRF | G22: 必需 | I22: SDTM | J22: 9 | K22: Topic variable for an event observation, which is the verbatim or pre-specified name of the event.
A23: BEMODIFY | B23: Modified Reported Term | C23: Char | D23: 200 | F23: Assigned | G23: 可有 | I23: SDTM | J23: 10 | K23: If the value for BETERM is modified for coding purposes, then the modified text is placed here.
A24: BEDECOD | B24: Dictionary-Derived Term | C24: Char | D24: 200 | E24: (BEDECOD) | F24: Assigned | G24: 可有 | I24: SDTM | J24: 11 | K24: Dictionary-derived text description of BETERM or BEMODIFY, if applicable.
A25: BECAT | B25: Category for Biospecimen Event | C25: Char | D25: 100 | F25: Assigned | G25: 可有 | I25: SDTM | J25: 12 | K25: Used to define a category of topic-variable values. Example: COLLECTION, PREPARATION, TRANSPORT.
A26: BESCAT | B26: Subcategory for Biospecimen Event | C26: Char | D26: 100 | F26: Assigned | G26: 可有 | I26: SDTM | J26: 13 | K26: A further categorization of BECAT values.
A27: BELOC | B27: Anatomical Location of Event | C27: Char | D27: 40 | E27: (LOC) | F27: CRF | G27: 可有 | I27: SDTM | J27: 14 | K27: Describes the anatomical location relevant for the event (e.g. BRAIN, LUNG).
A28: BEPARTY | B28: Accountable Party | C28: Char | D28: 100 | E28: * | F28: Assigned | G28: 可有 | I28: SDTM | J28: 15 | K28: Party accountable for the transferable object (e.g. specimen) as a result of the activity performed in the associated BETERM variable. The party could be an individual (e.g., subject), an organization (e.g., sponsor), or a location that is a proxy for an individual or organization (e.g., site). It is usually a somewhat general term that is further identified in the BEPRTYID variable.
A29: BEPRTYID | B29: Identification of Accountable Party | C29: Char | D29: 100 | F29: Assigned | G29: 可有 | I29: SDTM | J29: 16 | K29: Identification of the specific party accountable for the transferable object (e.g. Specimen) after the action in BETERM is taken. Used in conjunction with BEPARTY.
A30: VISITNUM | B30: Visit Number | C30: Num | F30: Assigned | G30: 期望 | I30: SDTM | J30: 17 | K30: Clinical encounter number. Numeric version of VISIT, used for sorting.
A31: VISIT | B31: Visit Name | C31: Char | D31: 100 | F31: Assigned | G31: 可有 | I31: SDTM | J31: 18 | K31: Protocol-defined description of clinical encounter.
A32: VISITDY | B32: Planned Study Day of Visit | C32: Num | F32: Assigned | G32: 可有 | I32: SDTM | J32: 19 | K32: Planned study day of VISIT. Should be an integer.
A33: BEDTC | B33: Date/Time of Specimen Collection | C33: Char | D33: 20 | E33: ISO 8601 | F33: CRF | G33: 期望 | I33: SDTM | J33: 20 | K33: Date and time of specimen collection.
A34: BESTDTC | B34: Start Date/Time of Biospecimen Event | C34: Char | D34: 20 | E34: ISO 8601 | F34: CRF | G34: 期望 | I34: SDTM | J34: 21 | K34: Start date/time of the event.
A35: BEENDTC | B35: End Date/Time of Biospecimen Event | C35: Char | D35: 20 | E35: ISO 8601 | F35: CRF | G35: 期望 | I35: SDTM | J35: 22 | K35: End date/time of the event.
A36: BESTDY | B36: Study Day of Start of Biospecimen Event | C36: Num | F36: Derived | G36: 可有 | I36: SDTM | J36: 23 | K36: Actual study day of start of observation expressed in integer days relative to the sponsor-defined RFSTDTC in Demographics.
A37: BEENDY | B37: Study Day of End of Biospecimen Event | C37: Num | F37: Derived | G37: 可有 | I37: SDTM | J37: 24 | K37: Actual study day of end of observation expressed in integer days relative to the sponsor-defined RFSTDTC in Demographics.
A38: BEDUR | B38: Duration of Biospecimen Event | C38: Char | D38: 20 | E38: ISO 8601 | F38: CRF | G38: 可有 | I38: SDTM | J38: 25 | K38: Collected duration and unit of a biospecimen event. Used only if collected on the CRF and not derived from start and end date/times. Example: P1DT2H (for 1 day, 2 hours).
A42: CONTENT

Sheet BS
A1: BS Domain Mapping Specifications
A2: 方案编号: | D2: =CONTENT!$B$3 -> XXXXX
A3: SDTM 版本: | D3: =CONTENT!$B$4 -> 3.4
A4: SDTM 数据集描述: | D4: =CONTENT!$B$10 -> Biospecimen Findings
A5: SDTM 数据集结构: | D5: =CONTENT!$C$10 -> One record per measurement per biospecimen identifier per subject
A6: 程序名称: | D6: =CONTENT!$D$10 -> bs.sas
A7: 常规观测分类: | D7: =CONTENT!$E$10 -> Findings
A8: 数据来源: | D8: =CONTENT!$F$10 -> 0
A9: 关键变量: | D9: =CONTENT!$G$10 -> STUDYID, USUBJID, BSREFID, BSTESTCD
A10: 排序变量: | D10: =CONTENT!$H$10 -> STUDYID, USUBJID, BSREFID, BSTESTCD
A11: 提取规则: | D11: =CONTENT!$I$10 -> 0
A13: Variable Name | B13: Variable Label | C13: Type | D13: Length | E13: Controlled Terms, Codelist or Format | F13: Source | G13: Core | H13: Transformation definition | I13: Variable Type | J13: Variable Order | K13: CDISC Notes
A14: STUDYID | B14: Study Identifier | C14: Char | D14: 20 | F14: Assigned | G14: 必需 | I14: SDTM | J14: 1 | K14: Unique identifier for a study.
A15: DOMAIN | B15: Domain Abbreviation | C15: Char | D15: 2 | E15: BS | F15: Assigned | G15: 必需 | H15: BS | I15: SDTM | J15: 2 | K15: Two-character abbreviation for the domain.
A16: USUBJID | B16: Unique Subject Identifier | C16: Char | D16: 30 | F16: Derived | G16: 必需 | I16: SDTM | J16: 3 | K16: Identifier used to uniquely identify a subject across all studies for all applications or submissions involving the product.
A17: SPDEVID | B17: Sponsor Device Identifier | C17: Char | D17: 25 | F17: Assigned | G17: 可有 | I17: SDTM | J17: 4 | K17: Sponsor-defined identifier for a device.
A18: BSSEQ | B18: Sequence Number | C18: Num | F18: Derived | G18: 必需 | I18: SDTM | J18: 5 | K18: Sequence number given to ensure uniqueness within a dataset for a subject. May be any valid number (including decimals) and does not have to start at 1.
A19: BSGRPID | B19: Group ID | C19: Char | D19: 25 | F19: CRF | G19: 可有 | I19: SDTM | J19: 6 | K19: Optional group identifier, used to link together a block of related records within a subject in a domain.
A20: BSREFID | B20: Reference ID | C20: Char | D20: 25 | F20: CRF | G20: 期望 | I20: SDTM | J20: 7 | K20: Internal or external identifier such as lab specimen ID.
A21: BSSPID | B21: Sponsor-Defined Identifier | C21: Char | D21: 25 | F21: CRF | G21: 可有 | I21: SDTM | J21: 8 | K21: Sponsor-defined identifier.
A22: BSTESTCD | B22: Biospecimen Test Short Name | C22: Char | D22: 8 | E22: (BSTESTCD) | F22: Assigned | G22: 必需 | I22: SDTM | J22: 9 | K22: Short character value for BSTEST used as a column name when converting a dataset from a vertical format to a horizontal format. The short value can be up to 8 characters. Examples: VOLUME, RIN.
A23: BSTEST | B23: Biospecimen Test Name | C23: Char | D23: 40 | F23: CRF | G23: 必需 | I23: SDTM | J23: 10 | K23: Long name for BSTESTCD. Examples: Volume, RNA Integrity Number.
A24: BSCAT | B24: Category for Biospecimen Test | C24: Char | D24: 100 | F24: Assigned | G24: 期望 | I24: SDTM | J24: 11 | K24: Used to define a category of topic-variable values. Example: MEASUREMENT, QUALITY.
A25: BSSCAT | B25: Subcategory for Biospecimen Test | C25: Char | D25: 100 | F25: Assigned | G25: 可有 | I25: SDTM | J25: 12 | K25: Used to define a further categorization of BSCAT values.
A26: BSORRES | B26: Result or Finding in Original Units | C26: Char | D26: 200 | F26: CRF | G26: 期望 | I26: SDTM | J26: 13 | K26: Result of the measurement or finding as originally received or collected.
A27: BSORRESU | B27: Original Units | C27: Char | D27: 20 | E27: (UNIT) | F27: CRF | G27: 期望 | I27: SDTM | J27: 14 | K27: Unit for BSORRES. Examples: mg, mL.
A28: BSSTRESC | B28: Character Result/Finding in Std Format | C28: Char | D28: 200 | F28: Derived | G28: 期望 | I28: SDTM | J28: 15 | K28: Contains the result value for all findings, copied or derived from BSORRES in a standard format or standard units. BSSTRESC should store all results or findings in character format; if results are numeric, they should also be stored in numeric format in BSSTRESN.
A29: BSSTRESN | B29: Numeric Result/Finding in Standard Units | C29: Num | F29: Derived | G29: 期望 | I29: SDTM | J29: 16 | K29: Used for continuous or numeric results or findings in standard format; copied in numeric format from BSSTRESC. BSSTRESN should store all numeric test results or findings.
A30: BSSTRESU | B30: Standard Units | C30: Char | D30: 20 | E30: (UNIT) | F30: Assigned | G30: 期望 | I30: SDTM | J30: 17 | K30: Standardized unit used for BSSTRESC and BSSTRESN.
A31: BSSTAT | B31: Completion Status | C31: Char | D31: 8 | E31: (ND) | F31: CRF | G31: 可有 | I31: SDTM | J31: 18 | K31: Used to indicate that a test was not done, or was attempted but did not generate a result. Should be null or have a value of NOT DONE.
A32: BSREASND | B32: Reason Test Not Done | C32: Char | D32: 200 | F32: CRF | G32: 可有 | I32: SDTM | J32: 19 | K32: Reason not done. Used in conjunction with BSSTAT when value is NOT DONE.
A33: BSNAM | B33: Vendor Name | C33: Char | D33: 40 | F33: Assigned | G33: 可有 | I33: SDTM | J33: 20 | K33: Name or identifier of the vendor (e.g., laboratory) that provided the test results.
A34: BSSPEC | B34: Specimen Type | C34: Char | D34: 50 | E34: (SPECTYPE)(GENSMP) | F34: Assigned | G34: 可有 | I34: SDTM | J34: 21 | K34: Defines the type of specimen used for a measurement. Examples: SERUM, PLASMA, URINE, SOFT TISSUE.
A35: BSANTREG | B35: Anatomical Region of Specimen | C35: Char | D35: 100 | E35: * | F35: Assigned | G35: 可有 | I35: SDTM | J35: 22 | K35: Defines the specific anatomical or biological region of a tissue, organ specimen or the region from which the specimen is obtained, as defined in the protocol, such as a section or part of what is described in the BSSPEC variable. Examples: CORTEX, MEDULLA, MUCOSA.
A36: BSSPCCND | B36: Specimen Condition | C36: Char | D36: 50 | E36: (SPECCOND) | F36: CRF | G36: 可有 | I36: SDTM | J36: 23 | K36: Defines the condition of the specimen. Examples: HEMOLYZED, ICTERIC, LIPEMIC.
A37: BSMETHOD | B37: Method of Test or Examination | C37: Char | D37: 100 | E37: (METHOD) | F37: CRF | G37: 可有 | I37: SDTM | J37: 24 | K37: Method of the test or examination. Examples: SPECTROPHOTOMETRY, ELECTROPHORESIS.
A38: BSBLFL | B38: Baseline Flag | C38: Char | D38: 1 | E38: (NY) | F38: Derived | G38: 可有 | I38: SDTM | J38: 25 | K38: Indicator used to identify a baseline value.
A39: VISITNUM | B39: Visit Number | C39: Num | F39: Assigned | G39: 期望 | I39: SDTM | J39: 26 | K39: Clinical encounter number. Numeric version of VISIT, used for sorting.
A40: VISIT | B40: Visit Name | C40: Char | D40: 100 | F40: Assigned | G40: 可有 | I40: SDTM | J40: 27 | K40: Protocol-defined description of clinical encounter.
A41: VISITDY | B41: Planned Study Day of Visit | C41: Num | F41: Assigned | G41: 可有 | I41: SDTM | J41: 28 | K41: Planned study day of VISIT. Should be an integer.
A42: BSDTC | B42: Date/Time of Specimen Collection | C42: Char | D42: 20 | E42: ISO 8601 | F42: CRF | G42: 期望 | I42: SDTM | J42: 29 | K42: Date and time of specimen collection.
A43: BSDY | B43: Study Day of Specimen Collection | C43: Num | F43: Derived | G43: 可有 | I43: SDTM | J43: 30 | K43: Study day of specimen collection relative to the sponsor-defined RFSTDTC.
A44: BSTPT | B44: Planned Time Point Name | C44: Char | D44: 100 | F44: CRF | G44: 可有 | I44: SDTM | J44: 31 | K44: Text description of time when a measurement or observation should be taken as defined in the protocol. This may be represented as an elapsed time relative to a fixed reference point, such as time of last dose. See BSTPTNUM and BSTPTREF.
A45: BSTPTNUM | B45: Planned Time Point Number | C45: Num | F45: Assigned | G45: 可有 | I45: SDTM | J45: 32 | K45: Numerical version of BSTPT used in sorting.
A46: BSELTM | B46: Planned Elapsed Time from Time Point Ref | C46: Char | D46: 20 | E46: ISO 8601 | F46: Derived | G46: 可有 | I46: SDTM | J46: 33 | K46: Elapsed time relative to a planned fixed reference (BSTPTREF). This variable is useful where there are repetitive measures. Not a clock time or a date time variable, but an interval, represented as ISO duration.
A47: BSTPTREF | B47: Time Point Reference | C47: Char | D47: 100 | F47: Derived | G47: 可有 | I47: SDTM | J47: 34 | K47: Name of the fixed reference point referred to by BSELTM, BSTPTNUM, and BSTPT. Examples: PREVIOUS DOSE, PREVIOUS MEAL.
A48: BSRFTDTC | B48: Date/Time of Reference Time Point | C48: Char | D48: 20 | E48: ISO 8601 | F48: Derived | G48: 可有 | I48: SDTM | J48: 35 | K48: Date/time for a fixed reference time point defined by BSTPTREF.
A52: CONTENT

Sheet CE
A1: CE Domain Mapping Specifications
A2: 方案编号: | D2: =CONTENT!$B$3 -> XXXXX
A3: SDTM 版本: | D3: =CONTENT!$B$4 -> 3.4
A4: SDTM 数据集描述: | D4: =CONTENT!$B$11 -> Clinical Events
A5: SDTM 数据集结构: | D5: =CONTENT!$C$11 -> One record per event per subject
A6: 程序名称: | D6: =CONTENT!$D$11 -> ce.sas
A7: 常规观测分类: | D7: =CONTENT!$E$11 -> Events
A8: 数据来源: | D8: =CONTENT!$F$11 -> 0
A9: 关键变量: | D9: =CONTENT!$G$11 -> STUDYID, USUBJID, CETERM, CESTDTC
A10: 排序变量: | D10: =CONTENT!$H$11 -> STUDYID, USUBJID, CETERM, CESTDTC
A11: 提取规则: | D11: =CONTENT!$I$11 -> 0
A13: Variable Name | B13: Variable Label | C13: Type | D13: Length | E13: Controlled Terms, Codelist or Format | F13: Source | G13: Core | H13: Transformation definition | I13: Variable Type | J13: Variable Order | K13: CDISC Notes
A14: STUDYID | B14: Study Identifier | C14: Char | D14: 20 | F14: Assigned | G14: 必需 | I14: SDTM | J14: =ROW()-13 -> 1 | K14: Unique identifier for a study.
A15: DOMAIN | B15: Domain Abbreviation | C15: Char | D15: 2 | E15: CE | F15: Assigned | G15: 必需 | H15: CE | I15: SDTM | J15: =ROW()-13 -> 2 | K15: Two-character abbreviation for the domain.
A16: USUBJID | B16: Unique Subject Identifier | C16: Char | D16: 30 | F16: Derived | G16: 必需 | I16: SDTM | J16: =ROW()-13 -> 3 | K16: Identifier used to uniquely identify a subject across all studies for all applications or submissions involving the product.
A17: CESEQ | B17: Sequence Number | C17: Num | F17: Derived | G17: 必需 | I17: SDTM | J17: =ROW()-13 -> 4 | K17: Sequence number given to ensure uniqueness of subject records within a domain. May be any valid number.
A18: CEGRPID | B18: Group ID | C18: Char | D18: 25 | F18: CRF | G18: 可有 | I18: SDTM | J18: =ROW()-13 -> 5 | K18: Used to link together a block of related records for a subject within a domain.
A19: CEREFID | B19: Reference ID | C19: Char | D19: 25 | F19: CRF | G19: 可有 | I19: SDTM | J19: =ROW()-13 -> 6 | K19: Internal or external identifier (e.g., lab specimen ID, UUID for an ECG waveform or medical image).
A20: CESPID | B20: Sponsor-Defined Identifier | C20: Char | D20: 25 | F20: CRF | G20: 可有 | I20: SDTM | J20: =ROW()-13 -> 7 | K20: Sponsor-defined identifier.
A21: CETERM | B21: Reported Term for the Clinical Event | C21: Char | D21: 200 | F21: CRF | G21: 必需 | I21: SDTM | J21: =ROW()-13 -> 8 | K21: Term for the medical condition or event. Most likely preprinted on CRF.
A22: CEDECOD | B22: Dictionary-Derived Term | C22: Char | D22: 200 | E22: * | F22: Assigned | G22: 可有 | I22: SDTM | J22: =ROW()-13 -> 9 | K22: Controlled terminology for the name of the clinical event. The sponsor is expected to provide the dictionary name and version used to map the terms utilizing the external codelist element in the Define-XML document.
A23: CECAT | B23: Category for the Clinical Event | C23: Char | D23: 100 | E23: * | F23: Assigned | G23: 可有 | I23: SDTM | J23: =ROW()-13 -> 10 | K23: Used to define a category of related records.
A24: CESCAT | B24: Subcategory for the Clinical Event | C24: Char | D24: 100 | E24: * | F24: Assigned | G24: 可有 | I24: SDTM | J24: =ROW()-13 -> 11 | K24: A further categorization of the condition or event.
A25: CEPRESP | B25: Clinical Event Pre-specified | C25: Char | D25: 1 | E25: (NY) | F25: Assigned | G25: 可有 | I25: SDTM | J25: =ROW()-13 -> 12 | K25: Used to indicate whether the event in CETERM was prespecified. Value is "Y" for prespecified events and null for spontaneously reported events.
A26: CEOCCUR | B26: Clinical Event Occurrence | C26: Char | D26: 1 | E26: (NY) | F26: CRF | G26: 可有 | I26: SDTM | J26: =ROW()-13 -> 13 | K26: Used when the occurrence of specific events is solicited, to indicate whether or not a clinical event occurred. Values are null for spontaneously reported events.
A27: CESTAT | B27: Completion Status | C27: Char | D27: 8 | E27: (ND) | F27: CRF | G27: 可有 | I27: SDTM | J27: =ROW()-13 -> 14 | K27: The status indicates that a question from a prespecified list was not answered.
A28: CEREASND | B28: Reason Clinical Event Not Collected | C28: Char | D28: 200 | F28: CRF | G28: 可有 | I28: SDTM | J28: =ROW()-13 -> 15 | K28: Describes the reason clinical event data was not collected. Used in conjunction with CESTAT when value is "NOT DONE".
A29: CEBODSYS | B29: Body System or Organ Class | C29: Char | D29: 200 | E29: * | F29: Assigned | G29: 可有 | I29: SDTM | J29: =ROW()-13 -> 16 | K29: Dictionary-derived. Body system or organ class that is involved in an event or measurement from a standard hierarchy (e.g., MedDRA). When using a multi-axial dictionary such as MedDRA, this should contain the SOC used for the sponsor's analyses and summary tables, which may not necessarily be the primary SOC.
A30: CESEV | B30: Severity/Intensity | C30: Char | D30: 10 | E30: (SEVRS) | F30: CRF | G30: 可有 | I30: SDTM | J30: =ROW()-13 -> 17 | K30: The severity or intensity of the event. Examples: "MILD", "MODERATE", "SEVERE".
A31: CETOXGR | B31: Standard Toxicity Grade | C31: Char | D31: 20 | E31: * | F31: CRF | G31: 可有 | I31: SDTM | J31: =ROW()-13 -> 18 | K31: Toxicity grade according to a standard toxicity scale (e.g., Common Terminology Criteria for Adverse Events (CTCAE) v3.0). Sponsor should specify name of the scale and version used in the metadata. If value is from a numeric scale, represent only the number (e.g., "2", not "Grade 2").
A32: TAETORD | B32: Planned Order of Element within Arm | C32: Num | F32: Assigned | G32: 可有 | I32: SDTM | J32: =ROW()-13 -> 19 | K32: Number that gives the planned order of the element within the arm for the element in which the clinical event started.
A33: EPOCH | B33: Epoch | C33: Char | D33: 100 | E33: (EPOCH) | F33: Assigned | G33: 可有 | I33: SDTM | J33: =ROW()-13 -> 20 | K33: Epoch associated with the start date/time of the clinical event.
A34: CEDTC | B34: Date/Time of Event Collection | C34: Char | D34: 20 | E34: ISO 8601 | F34: CRF | G34: 可有 | I34: SDTM | J34: =ROW()-13 -> 21 | K34: Collection date and time for the clinical event observation represented in ISO 8601 character format.
A35: CESTDTC | B35: Start Date/Time of Clinical Event | C35: Char | D35: 20 | E35: ISO 8601 | F35: CRF | G35: 可有 | I35: SDTM | J35: =ROW()-13 -> 22 | K35: Start date/time of the clinical event represented in ISO 8601 character format.
A36: CEENDTC | B36: End Date/Time of Clinical Event | C36: Char | D36: 20 | E36: ISO 8601 | F36: CRF | G36: 可有 | I36: SDTM | J36: =ROW()-13 -> 23 | K36: End date/time of the clinical event, represented in ISO 8601 character format.
A37: CEDY | B37: Study Day of Event Collection | C37: Num | F37: Derived | G37: 可有 | I37: SDTM | J37: =ROW()-13 -> 24 | K37: Study day of clinical event collection, measured as integer days. Algorithm for calculations must be relative to the sponsor-defined RFSTDTC variable in Demographics. This formula should be consistent across the submission.
A38: CESTDY | B38: Study Day of Start of Event | C38: Num | F38: Derived | G38: 可有 | I38: SDTM | J38: =ROW()-13 -> 25 | K38: Actual study day of start of the clinical event expressed in integer days relative to the sponsor-defined RFSTDTC in Demographics.
A39: CEENDY | B39: Study Day of End of Event | C39: Num | F39: Derived | G39: 可有 | I39: SDTM | J39: =ROW()-13 -> 26 | K39: Actual study day of end of the clinical event expressed in integer days relative to the sponsor-defined RFSTDTC in Demographics.
A40: CESTRF | B40: Start Relative to Reference Period | C40: Char | D40: 20 | E40: (STENRF) | F40: Derived | G40: 可有 | I40: SDTM | J40: =ROW()-13 -> 27 | K40: Describes the start of the clinical event relative to the sponsor-defined reference period. The sponsor-defined reference period is a continuous period of time defined by a discrete starting point and a discrete ending point (represented by RFSTDTC and RFENDTC in Demographics). \n Not all values of the codelist are allowable for this variable. See Section 4.4.7, Use of Relative Timing Variables.
A41: CEENRF | B41: End Relative to Reference Period | C41: Char | D41: 20 | E41: (STENRF) | F41: Derived | G41: 可有 | I41: SDTM | J41: =ROW()-13 -> 28 | K41: Describes the end of the event relative to the sponsor-defined reference period. The sponsor-defined reference period is a continuous period of time defined by a discrete starting point and a discrete ending point (represented by RFSTDTC and RFENDTC in Demographics). \n Not all values of the codelist are allowable for this variable. See Section 4.4.7, Use of Relative Timing Variables.
A42: CESTRTPT | B42: Start Relative to Reference Time Point | C42: Char | D42: 20 | E42: (STENRF) | F42: Derived | G42: 可有 | I42: SDTM | J42: =ROW()-13 -> 29 | K42: Identifies the start of the observation as being before or after the reference time point defined by variable CESTTPT. \n Not all values of the codelist are allowable for this variable. See Section 4.4.7, Use of Relative Timing Variables.
A43: CESTTPT | B43: Start Reference Time Point | C43: Char | D43: 100 | F43: CRF | G43: 可有 | I43: SDTM | J43: =ROW()-13 -> 30 | K43: Description or date/time in ISO 8601 character format of the sponsor-defined reference point referred to by --STRTPT. Examples: "2003-12-15", "VISIT 1".
A44: CEENRTPT | B44: End Relative to Reference Time Point | C44: Char | D44: 20 | E44: (STENRF) | F44: Derived | G44: 可有 | I44: SDTM | J44: =ROW()-13 -> 31 | K44: Identifies the end of the observation as being before or after the sponsor-defined reference time point defined by variable CEENTPT. \n Not all values of the codelist are allowable for this variable. See Section 4.4.7, Use of Relative Timing Variables.
A45: CEENTPT | B45: End Reference Time Point | C45: Char | D45: 100 | F45: CRF | G45: 可有 | I45: SDTM | J45: =ROW()-13 -> 32 | K45: Description or date/time in ISO 8601 character format of the reference point referred to by CEENRTPT. Examples: "2003-12-25", "VISIT 2".
A47: CONTENT

Sheet CM
A1: CM Domain Mapping Specifications
A2: 方案编号: | D2: =CONTENT!$B$3 -> XXXXX
A3: SDTM 版本: | D3: =CONTENT!$B$4 -> 3.4
A4: SDTM 数据集描述: | D4: =CONTENT!$B$12 -> Concomitant/Prior Medications
A5: SDTM 数据集结构: | D5: =CONTENT!$C$12 -> One record per recorded intervention occurrence or constant-dosing interval per subject
A6: 程序名称: | D6: =CONTENT!$D$12 -> cm.sas
A7: 常规观测分类: | D7: =CONTENT!$E$12 -> Interventions
A8: 数据来源: | D8: =CONTENT!$F$12 -> 0
A9: 关键变量: | D9: =CONTENT!$G$12 -> STUDYID, USUBJID, CMTRT, CMSTDTC
A10: 排序变量: | D10: =CONTENT!$H$12 -> STUDYID, USUBJID, CMTRT, CMSTDTC
A11: 提取规则: | D11: =CONTENT!$I$12 -> 0
A13: Variable Name | B13: Variable Label | C13: Type | D13: Length | E13: Controlled Terms, Codelist or Format | F13: Source | G13: Core | H13: Transformation definition | I13: Variable Type | J13: Variable Order | K13: CDISC Notes
A14: STUDYID | B14: Study Identifier | C14: Char | D14: 20 | F14: Assigned | G14: 必需 | I14: SDTM | J14: =ROW()-13 -> 1 | K14: Unique identifier for a study.
A15: DOMAIN | B15: Domain Abbreviation | C15: Char | D15: 2 | E15: CM | F15: Assigned | G15: 必需 | H15: CM | I15: SDTM | J15: =ROW()-13 -> 2 | K15: Two-character abbreviation for the domain.
A16: USUBJID | B16: Unique Subject Identifier | C16: Char | D16: 30 | F16: Derived | G16: 必需 | I16: SDTM | J16: =ROW()-13 -> 3 | K16: Identifier used to uniquely identify a subject across all studies for all applications or submissions involving the product.
A17: CMSEQ | B17: Sequence Number | C17: Num | F17: Derived | G17: 必需 | I17: SDTM | J17: =ROW()-13 -> 4 | K17: Sequence number to ensure uniqueness of subject records within a domain. May be any valid number.
A18: CMGRPID | B18: Group ID | C18: Char | D18: 25 | F18: CRF | G18: 可有 | I18: SDTM | J18: =ROW()-13 -> 5 | K18: Used to tie together a block of related records in a single domain for a subject.
A19: CMSPID | B19: Sponsor-Defined Identifier | C19: Char | D19: 25 | F19: CRF | G19: 可有 | I19: SDTM | J19: =ROW()-13 -> 6 | K19: Sponsor-defined reference number. Example: a number preprinted on the CRF as an explicit line identifier or record identifier defined in the sponsor's operational database. Example: line number on a concomitant medication page.
A20: CMTRT | B20: Reported Name of Drug, Med, or Therapy | C20: Char | D20: 200 | F20: CRF | G20: 必需 | I20: SDTM | J20: =ROW()-13 -> 7 | K20: Verbatim medication name that is either preprinted or collected on a CRF.
A21: CMMODIFY | B21: Modified Reported Name | C21: Char | D21: 200 | F21: Assigned | G21: 可有 | I21: SDTM | J21: =ROW()-13 -> 8 | K21: If CMTRT is modified to facilitate coding, then CMMODIFY will contain the modified text.
A22: CMDECOD | B22: Standardized Medication Name | C22: Char | D22: 200 | E22: * | F22: Assigned | G22: 可有 | I22: SDTM | J22: =ROW()-13 -> 9 | K22: Standardized or dictionary-derived text description of CMTRT or CMMODIFY. Equivalent to the generic drug name in WHO Drug. The sponsor is expected to provide the dictionary name and version used to map the terms utilizing the external codelist element in the Define-XML document. If an intervention term does not have a decode value in the dictionary, then CMDECOD will be left blank.
A23: CMCAT | B23: Category for Medication | C23: Char | D23: 100 | E23: * | F23: Assigned | G23: 可有 | I23: SDTM | J23: =ROW()-13 -> 10 | K23: Used to define a category of medications/treatment. Examples: "PRIOR", "CONCOMITANT", "ANTI-CANCER MEDICATION", "GENERAL CONMED".
A24: CMSCAT | B24: Subcategory for Medication | C24: Char | D24: 100 | E24: * | F24: Assigned | G24: 可有 | I24: SDTM | J24: =ROW()-13 -> 11 | K24: A further categorization of medications/treatment. Examples: "CHEMOTHERAPY", "HORMONAL THERAPY", "ALTERNATIVE THERAPY".
A25: CMPRESP | B25: CM Pre-specified | C25: Char | D25: 1 | E25: (NY) | F25: Assigned | G25: 可有 | I25: SDTM | J25: =ROW()-13 -> 12 | K25: Used to indicate whether ("Y"/null) information about the use of a specific medication was solicited on the CRF.
A26: CMOCCUR | B26: CM Occurrence | C26: Char | D26: 1 | E26: (NY) | F26: CRF | G26: 可有 | I26: SDTM | J26: =ROW()-13 -> 13 | K26: When the use of a specific medication is solicited. CMOCCUR is used to indicate whether ("Y"/"N") use of the medication occurred. Values are null for medications not specifically solicited.
A27: CMSTAT | B27: Completion Status | C27: Char | D27: 8 | E27: (ND) | F27: CRF | G27: 可有 | I27: SDTM | J27: =ROW()-13 -> 14 | K27: Used to indicate that a question about the occurrence of a prespecified intervention was not answered. Should be null or have a value of "NOT DONE".
A28: CMREASND | B28: Reason Medication Not Collected | C28: Char | D28: 200 | F28: CRF | G28: 可有 | I28: SDTM | J28: =ROW()-13 -> 15 | K28: Reason not done. Used in conjunction with CMSTAT when value is "NOT DONE".
A29: CMINDC | B29: Indication | C29: Char | D29: 100 | F29: CRF | G29: 可有 | I29: SDTM | J29: =ROW()-13 -> 16 | K29: Denotes why a medication was taken or administered. Examples: "NAUSEA", "HYPERTENSION".
A30: CMCLAS | B30: Medication Class | C30: Char | D30: 100 | E30: * | F30: Assigned | G30: 可有 | I30: SDTM | J30: =ROW()-13 -> 17 | K30: Drug class. May be obtained from coding. When coding to a single class, populate with class value. If using a dictionary and coding to multiple classes, then follow Section 4.2.8.3, Multiple Values for a Non-result Qualifier Variable, or omit CMCLAS.
A31: CMCLASCD | B31: Medication Class Code | C31: Char | D31: 100 | E31: * | F31: Assigned | G31: 可有 | I31: SDTM | J31: =ROW()-13 -> 18 | K31: Class code corresponding to CMCLAS. Drug class. May be obtained from coding. When coding to a single class, populate with class code. If using a dictionary and coding to multiple classes, then follow Section 4.2.8.3, Multiple Values for a Non-result Qualifier Variable, or omit CMCLASCD.
A32: CMDOSE | B32: Dose per Administration | C32: Num | F32: CRF | G32: 可有 | I32: SDTM | J32: =ROW()-13 -> 19 | K32: Amount of CMTRT given. Not populated when CMDOSTXT is populated.
A33: CMDOSTXT | B33: Dose Description | C33: Char | D33: 100 | F33: CRF | G33: 可有 | I33: SDTM | J33: =ROW()-13 -> 20 | K33: Dosing amounts or a range of dosing information collected in text form. Units may be stored in CMDOSU. Examples: "200-400", "15-20". Not populated when CMDOSE is populated.
A34: CMDOSU | B34: Dose Units | C34: Char | D34: 20 | E34: (UNIT) | F34: CRF | G34: 可有 | I34: SDTM | J34: =ROW()-13 -> 21 | K34: Units for CMDOSE, CMDOSTOT, or CMDOSTXT. Examples: "ng", "mg", "mg/kg".
A35: CMDOSFRM | B35: Dose Form | C35: Char | D35: 20 | E35: (FRM) | F35: CRF | G35: 可有 | I35: SDTM | J35: =ROW()-13 -> 22 | K35: Dose form for CMTRT. Examples: "TABLET", "LOTION".
A36: CMDOSFRQ | B36: Dosing Frequency per Interval | C36: Char | D36: 20 | E36: (FREQ) | F36: CRF | G36: 可有 | I36: SDTM | J36: =ROW()-13 -> 23 | K36: Usually expressed as the number of repeated administrations of CMDOSE within a specific time period. Examples: "BID" (twice daily), "Q12H" (every 12 hours).
A37: CMDOSTOT | B37: Total Daily Dose | C37: Num | F37: CRF | G37: 可有 | I37: SDTM | J37: =ROW()-13 -> 24 | K37: Total daily dose of CMTRT using the units in CMDOSU. Used when dosing is collected as total daily dose. Total dose over a period other than day could be recorded in a separate supplemental qualifier variable.
A38: CMDOSRGM | B38: Intended Dose Regimen | C38: Char | D38: 100 | F38: CRF | G38: 可有 | I38: SDTM | J38: =ROW()-13 -> 25 | K38: Text description of the (intended) schedule or regimen for the Intervention. Example: "TWO WEEKS ON, TWO WEEKS OFF".
A39: CMROUTE | B39: Route of Administration | C39: Char | D39: 20 | E39: (ROUTE) | F39: CRF | G39: 可有 | I39: SDTM | J39: =ROW()-13 -> 26 | K39: Route of administration for the intervention. Examples: "ORAL", "INTRAVENOUS".
A40: CMADJ | B40: Reason for Dose Adjustment | C40: Char | D40: 200 | F40: CRF | G40: 可有 | I40: SDTM | J40: =ROW()-13 -> 27 | K40: Describes reason or explanation of why a dose is adjusted. Examples: "ADVERSE EVENT", "INSUFFICIENT RESPONSE", "NON-MEDICAL REASON".
A41: CMRSDISC | B41: Reason the Intervention Was Discontinued | C41: Char | D41: 200 | F41: CRF | G41: 可有 | I41: SDTM | J41: =ROW()-13 -> 28 | K41: When dosing of a treatment is recorded over multiple successive records, this variable is applicable only for the (chronologically) last record for the treatment.
A42: TAETORD | B42: Planned Order of Element within Arm | C42: Num | F42: Assigned | G42: 可有 | I42: SDTM | J42: =ROW()-13 -> 29 | K42: Number that gives the planned order of the element within the arm for the element in which the medication administration started. Null for medications that started before study participation.
A43: EPOCH | B43: Epoch | C43: Char | D43: 100 | E43: (EPOCH) | F43: Assigned | G43: 可有 | I43: SDTM | J43: =ROW()-13 -> 30 | K43: Epoch associated with the start date/time of the medication administration. Null for medications that started before study participation.
A44: CMSTDTC | B44: Start Date/Time of Medication | C44: Char | D44: 20 | E44: ISO 8601 | F44: CRF | G44: 可有 | I44: SDTM | J44: =ROW()-13 -> 31 | K44: Start date/time of the medication administration represented in ISO 8601 character format.
A45: CMENDTC | B45: End Date/Time of Medication | C45: Char | D45: 20 | E45: ISO 8601 | F45: CRF | G45: 可有 | I45: SDTM | J45: =ROW()-13 -> 32 | K45: End date/time of the medication administration represented in ISO 8601 character format.
A46: CMSTDY | B46: Study Day of Start of Medication | C46: Num | F46: Derived | G46: 可有 | I46: SDTM | J46: =ROW()-13 -> 33 | K46: Study day of start of medication relative to the sponsor-defined RFSTDTC.
A47: CMENDY | B47: Study Day of End of Medication | C47: Num | F47: Derived | G47: 可有 | I47: SDTM | J47: =ROW()-13 -> 34 | K47: Study day of end of medication relative to the sponsor-defined RFSTDTC.
A48: CMDUR | B48: Duration | C48: Char | D48: 20 | E48: ISO 8601 | F48: CRF | G48: 可有 | I48: SDTM | J48: =ROW()-13 -> 35 | K48: Collected duration for a treatment episode. Used only if collected on the CRF and not derived from start and end date/times.
A49: CMSTRF | B49: Start Relative to Reference Period | C49: Char | D49: 20 | E49: (STENRF) | F49: Derived | G49: 可有 | I49: SDTM | J49: =ROW()-13 -> 36 | K49: Describes the start of the medication relative to sponsor-defined reference period. The sponsor-defined reference period is a continuous period of time defined by a discrete starting point and a discrete ending point (represented by RFSTDTC and RFENDTC in Demographics). If information such as "PRIOR" was collected, this information may be translated into CMSTRF. \n Not all values of the codelist are allowable for this variable. See Section 4.4.7, Use of Relative Timing Variables.
A50: CMENRF | B50: End Relative to Reference Period | C50: Char | D50: 20 | E50: (STENRF) | F50: Derived | G50: 可有 | I50: SDTM | J50: =ROW()-13 -> 37 | K50: Describes the end of the medication relative to the sponsor-defined reference period. The sponsor-defined reference period is a continuous period of time defined by a discrete starting point and a discrete ending point (represented by RFSTDTC and RFENDTC in Demographics). If information such as "PRIOR", "ONGOING, or "CONTINUING" was collected, this information may be translated into CMENRF. \n Not all values of the codelist are allowable for this variable. See Section 4.4.7, Use of Relative Timing Variables.
A51: CMSTRTPT | B51: Start Relative to Reference Time Point | C51: Char | D51: 20 | E51: (STENRF) | F51: Derived | G51: 可有 | I51: SDTM | J51: =ROW()-13 -> 38 | K51: Identifies the start of the medication as being before or after the sponsor-defined reference time point defined by variable CMSTTPT. \n Not all values of the codelist are allowable for this variable. See Section 4.4.7, Use of Relative Timing Variables.
A52: CMSTTPT | B52: Start Reference Time Point | C52: Char | D52: 100 | F52: CRF | G52: 可有 | I52: SDTM | J52: =ROW()-13 -> 39 | K52: Description or date/time in ISO 8601 character format of the sponsor-defined reference point referred to by CMSTRTPT. Examples: "2003-12-15", "VISIT 1".
A53: CMENRTPT | B53: End Relative to Reference Time Point | C53: Char | D53: 20 | E53: (STENRF) | F53: Derived | G53: 可有 | I53: SDTM | J53: =ROW()-13 -> 40 | K53: Identifies the end of the medication as being before or after the sponsor-defined reference time point defined by variable CMENTPT. \n Not all values of the codelist are allowable for this variable. See Section 4.4.7, Use of Relative Timing Variables.
A54: CMENTPT | B54: End Reference Time Point | C54: Char | D54: 100 | F54: CRF | G54: 可有 | I54: SDTM | J54: =ROW()-13 -> 41 | K54: Description or date/time in ISO 8601 character format of the sponsor-defined reference point referred to by CMENRTPT. Examples: "2003-12-25", "VISIT 2".
A56: CONTENT

Sheet CO
A1: CO Domain Mapping Specifications
A2: 方案编号: | D2: =CONTENT!$B$3 -> XXXXX
A3: SDTM 版本: | D3: =CONTENT!$B$4 -> 3.4
A4: SDTM 数据集描述: | D4: =CONTENT!$B$13 -> Comments
A5: SDTM 数据集结构: | D5: =CONTENT!$C$13 -> One record per comment per subject
A6: 程序名称: | D6: =CONTENT!$D$13 -> co.sas
A7: 常规观测分类: | D7: =CONTENT!$E$13 -> Special Purpose
A8: 数据来源: | D8: =CONTENT!$F$13 -> 0
A9: 关键变量: | D9: =CONTENT!$G$13 -> STUDYID, USUBJID, IDVAR, COREF, CODTC
A10: 排序变量: | D10: =CONTENT!$H$13 -> STUDYID, USUBJID, IDVAR, COREF, CODTC
A11: 提取规则: | D11: =CONTENT!$I$13 -> 0
A13: Variable Name | B13: Variable Label | C13: Type | D13: Length | E13: Controlled Terms, Codelist or Format | F13: Source | G13: Core | H13: Transformation definition | I13: Variable Type | J13: Variable Order | K13: CDISC Notes
A14: STUDYID | B14: Study Identifier | C14: Char | D14: 20 | F14: Assigned | G14: 必需 | I14: SDTM | J14: =ROW()-13 -> 1 | K14: Unique identifier for a study.
A15: DOMAIN | B15: Domain Abbreviation | C15: Char | D15: 2 | E15: CO | F15: Assigned | G15: 必需 | H15: CO | I15: SDTM | J15: =ROW()-13 -> 2 | K15: Two-character abbreviation for the domain.
A16: RDOMAIN | B16: Related Domain Abbreviation | C16: Char | D16: 2 | E16: (RODOMAIN) | F16: Assigned | G16: 可有 | I16: SDTM | J16: =ROW()-13 -> 3 | K16: Two-character abbreviation for the domain of the parent record(s). Null for comments collected on a general comments or additional information CRF page.
A17: USUBJID | B17: Unique Subject Identifier | C17: Char | D17: 30 | F17: Derived | G17: 必需 | I17: SDTM | J17: =ROW()-13 -> 4 | K17: Identifier used to uniquely identify a subject across all studies for all applications or submissions involving the product.
A18: COSEQ | B18: Sequence Number | C18: Num | F18: Derived | G18: 必需 | I18: SDTM | J18: =ROW()-13 -> 5 | K18: Sequence Number given to ensure uniqueness of subject records within a domain. May be any valid number.
A19: IDVAR | B19: Identifying Variable | C19: Char | D19: 25 | E19: * | F19: Assigned | G19: 可有 | I19: SDTM | J19: =ROW()-13 -> 6 | K19: Identifying variable in the parent dataset that identifies the record(s) to which the comment applies. Examples AESEQ or CMGRPID. Used only when individual comments are related to domain records. Null for comments collected on separate CRFs.
A20: IDVARVAL | B20: Identifying Variable Value | C20: Char | D20: 40 | F20: Assigned | G20: 可有 | I20: SDTM | J20: =ROW()-13 -> 7 | K20: Value of identifying variable of the parent record(s). Used only when individual comments are related to domain records. Null for comments collected on separate CRFs.
A21: COREF | B21: Comment Reference | C21: Char | D21: 200 | F21: Derived | G21: 可有 | I21: SDTM | J21: =ROW()-13 -> 8 | K21: Sponsor-defined reference associated with the comment. May be the CRF page number (e.g., 650), or a module name (e.g., DEMOG), or a combination of information that identifies the reference (e.g. 650-VITALS-VISIT 2).
A22: COVAL | B22: Comment | C22: Char | D22: 200 | F22: CRF | G22: 必需 | I22: SDTM | J22: =ROW()-13 -> 9 | K22: The text of the comment. Text over 200 characters can be added to additional columns COVAL1-COVALn. See Assumption 3.
A23: COEVAL | B23: Evaluator | C23: Char | D23: 100 | E23: (EVAL) | F23: Assigned | G23: 可有 | I23: SDTM | J23: =ROW()-13 -> 10 | K23: Role of the person who provided the evaluation. Used only for results that are subjective (e.g., assigned by a person or a group). Example: "INVESTIGATOR".
A24: COEVALID | B24: Evaluator Identifier | C24: Char | D24: 30 | E24: (MEDEVAL) | F24: Assigned | G24: 可有 | I24: SDTM | J24: =ROW()-13 -> 11 | K24: Used to distinguish multiple evaluators with the same role recorded in --EVAL. Examples: "RADIOLOGIST", "RADIOLOGIST 1", "RADIOLOGIST 2".
A25: CODTC | B25: Date/Time of Comment | C25: Char | D25: 20 | E25: ISO 8601 | F25: CRF | G25: 可有 | I25: SDTM | J25: =ROW()-13 -> 12 | K25: Date/time of comment on dedicated comment form. Should be null if this is a child record of another domain or if comment date was not collected.
A26: CODY | B26: Study Day of Comment | C26: Num | F26: Derived | G26: 可有 | I26: SDTM | J26: =ROW()-13 -> 13 | K26: Study day of the comment, in integer days. The algorithm for calculations must be relative to the sponsor-defined RFSTDTC variable in the Demographics (DM) domain.
A30: CONTENT

Sheet CP
A1: CP Domain Mapping Specifications
A2: 方案编号: | D2: =CONTENT!$B$3 -> XXXXX
A3: SDTM 版本: | D3: =CONTENT!$B$4 -> 3.4
A4: SDTM 数据集描述: | D4: =CONTENT!$B$14 -> Cell Phenotype Findings
A5: SDTM 数据集结构: | D5: =CONTENT!$C$14 -> One record per test per specimen per timepoint per visit per subject
A6: 程序名称: | D6: =CONTENT!$D$14 -> cp.sas
A7: 常规观测分类: | D7: =CONTENT!$E$14 -> Findings
A8: 数据来源: | D8: =CONTENT!$F$14 -> 0
A9: 关键变量: | D9: =CONTENT!$G$14 -> STUDYID, USUBJID, CPTESTCD, CPSPEC, VISITNUM, CPTPTREF, CPTPTNUM
A10: 排序变量: | D10: =CONTENT!$H$14 -> STUDYID, USUBJID, CPTESTCD, CPSPEC, VISITNUM, CPTPTREF, CPTPTNUM
A11: 提取规则: | D11: =CONTENT!$I$14 -> 0
A13: Variable Name | B13: Variable Label | C13: Type | D13: Length | E13: Controlled Terms, Codelist or Format | F13: Source | G13: Core | H13: Transformation definition | I13: Variable Type | J13: Variable Order | K13: CDISC Notes
A14: STUDYID | B14: Study Identifier | C14: Char | D14: 20 | F14: Assigned | G14: 必需 | I14: SDTM | J14: 1 | K14: Unique identifier for a study.
A15: DOMAIN | B15: Domain Abbreviation | C15: Char | D15: 2 | E15: CP | F15: Assigned | G15: 必需 | H15: CP | I15: SDTM | J15: 2 | K15: Two-character abbreviation for the domain.
A16: USUBJID | B16: Unique Subject Identifier | C16: Char | D16: 30 | F16: Derived | G16: 必需 | I16: SDTM | J16: 3 | K16: Identifier used to uniquely identify a subject across all studies for all applications or submissions involving the product.
A17: CPSEQ | B17: Sequence Number | C17: Num | F17: Derived | G17: 必需 | I17: SDTM | J17: 4 | K17: Sequence number to ensure uniqueness of subject records within a domain. May be any valid number.
A18: CPGRPID | B18: Group ID | C18: Char | D18: 25 | F18: CRF | G18: 可有 | I18: SDTM | J18: 5 | K18: Used to tie together a block of related records in a single domain for a subject.
A19: CPREFID | B19: Reference ID | C19: Char | D19: 25 | F19: CRF | G19: 可有 | I19: SDTM | J19: 6 | K19: Internal or external specimen identifier.
A20: CPSPID | B20: Sponsor-Defined Identifier | C20: Char | D20: 25 | F20: CRF | G20: 可有 | I20: SDTM | J20: 7 | K20: Sponsor-defined reference number. May be preprinted on the CRF as an explicit line identifier or defined in the sponsor's operational database. Example: Line number on the lab page.
A21: CPLNKID | B21: Link ID | C21: Char | D21: 25 | F21: CRF | G21: 可有 | I21: SDTM | J21: 8 | K21: Identifier used to link related records across domains. This may be a one-to-one or a one-to-many relationship.
A22: CPLNKGRP | B22: Link Group ID | C22: Char | D22: 25 | F22: CRF | G22: 可有 | I22: SDTM | J22: 9 | K22: Identifier used to link related records across domains. This will usually be a many-to-one relationship.
A23: CPTESTCD | B23: Test or Examination Short Name | C23: Char | D23: 8 | E23: (CPTESTCD) | F23: Assigned | G23: 必需 | I23: SDTM | J23: 10 | K23: Short name of the measurement, test, or examination described in CPTEST. It can be used as a column name when converting a dataset from a vertical to a horizontal format. The value in CPTESTCD cannot be longer than 8 characters, nor can it start with a number (e.g., "1TEST" is not valid). CPTESTCD cannot contain characters other than letters, numbers, or underscores. Examples: "MONO", "MNS".
A24: CPTEST | B24: Name of Measurement, Test or Examination | C24: Char | D24: 40 | E24: (CPTEST) | F24: Assigned | G24: 必需 | I24: SDTM | J24: 11 | K24: Long name for CPTESTCD. For cell phenotyping, the name (often abbreviated) of the cell population, as it is generally accepted by the scientific community, is populated (rather than a colloquial designation based on a primary marker, e.g., TLym Help rather than CD4). When the test is for a sublineage which can only be identified by specifying additional markers (i.e., has not been given a name) or which is further restricted to a subpopulation based on a particular cell state (e.g., activated, proliferating, apoptotic), the Sublineage Marker String (CPSBMRKS), Cell State (CPCELSTA), and Cell State Marker String (CPCSMRKS) variables are additionally populated and the value in CPTEST is suffixed with "Sub" to denote that it is a subset of the population identified in CPTEST (e.g., Monocytes Sub). \n The value in CPTEST cannot be longer than 40 characters.
A25: CPSBMRKS | B25: Sublineage Marker String | C25: Char | D25: 100 | F25: Assigned | G25: 可有 | I25: SDTM | J25: 12 | K25: Used to further subset the cell population identified in CPTEST based on the use of additional marker(s) that define a sublineage. The value in CPSBMRKS is used in combination with values in CPTEST and CPCELSTA to fully describe the cell population being measured. As such, it is an essential component of the full test name. \n For example, three unnamed sublineages of monocytes have been identified as: CCR2+CD16-, CCR2-CD16+, and CCR2+CD16+. Whereas the entire monocyte cell population can be defined as CD14+ cells, the additional CCR2 and CD16 markers are used to differentiate one sublineage from another. As none of these sublineages have been given names, they are only known by the CCR2 and CD16 marker combinations. By associating the CPTEST value of "Monocytes Sub" with, for example, a value of "CCR2+CD16-" in CPSBMRKS, the full test is defined to be the CCR2+CD16- monocyte subpopulation.
A26: CPCELSTA | B26: Cell State | C26: Char | D26: 40 | E26: (CELSTATE) | F26: Assigned | G26: 可有 | I26: SDTM | J26: 13 | K26: A textual description of a subset of the cell population identified in CPTEST based on a particular functional and/or biological state (e.g., "ACTIVATED", "PROLIFERATING", "SENESCENT"). When populated, the values in CPCELSTA and CPSMRKS, in combination with the values in CPTEST and CPSBMRKS, fully describe the cell population being measured.
A27: CPCSMRKS | B27: Cell State Marker String | C27: Char | D27: 100 | F27: Assigned | G27: 可有 | I27: SDTM | J27: 14 | K27: Identifies the marker(s) or indicator(s) used to define the cell state (i.e., the value in CPCELSTA). \n For example, when Ki67 expression is used to determine that a cell population is in a proliferating state (i.e., CPCELSTA value="PROLIFERATING"), the value "Ki67+" in CPCSMRKS indicates that positive expression of Ki67 was used to define the population as proliferating. Similarly, a value of "Ki67-" in CPCSMRKS would indicate that lack of expression of Ki67 defined the "NON-PROLIFERATING" cell state in CPCELSTA. The CPCSMRKS value is useful for quickly determining which marker(s) were used to classify (i.e., operationally define) a cell population based on a functional/biological state.
A28: CPTSTCND | B28: Test Condition | C28: Char | D28: 100 | E28: (TESTCOND) | F28: Assigned | G28: 可有 | I28: SDTM | J28: 15 | K28: Identifies any planned condition imposed by the assay system on the specimen at the time the test is performed. --TSTCND is generally used to distinguish between two or more records where the same assay is performed under varying (as opposed to fixed) conditions, usually for the purpose of making a comparison. For example, when the same assay (identified in --TEST) is performed under stimulated and non-stimulated conditions, the --TSTCND variable is used distinguish between the records.
A29: CPCNDAGT | B29: Test Condition Agent | C29: Char | D29: 200 | F29: CRF | G29: 可有 | I29: SDTM | J29: 16 | K29: The textual description of the agent, if applicable, used to impose the condition identified in CPTSTCND. For example, records might be produced for the same assay run under stimulating (CPTSTCND value = "STIMULATED") conditions produced by different stimulating agents (e.g., phorbol myristate acetate, concanavalin A, PHA-P, TNF-alpha, Ionomycin, candida antigen).
A30: CPBDAGNT | B30: Binding Agent | C30: Char | D30: 200 | F30: CRF | G30: 可有 | I30: SDTM | J30: 17 | K30: The textual description of the agent that is binding to the entity in the CPTEST variable. The CPBDAGNT variable is used to indicate that there is a binding relationship between the entities in the CPTEST and CPBDAGNT variables, regardless of direction. \n The binding agent may be, but is not limited to, a test article; a portion of a test article; a substance related to a test article; an endogenous molecule; an allergen; an infectious agent; or a reagent (e.g., primary antibody) that confers the binding specificity for the measurement defined in CPTEST when it is needed to uniquely identify the test.
A31: CPABCLID | B31: Antibody Clone Identifier | C31: Char | D31: 100 | F31: Assigned | G31: 可有 | I31: SDTM | J31: 18 | K31: Identifies the antibody clone (e.g., supplier-provided catalog name) used to confer specificity for the binding agent specified in CPBDAGNT.
A32: CPMRKSTR | B32: Marker String | C32: Char | D32: 100 | F32: Assigned | G32: 期望 | I32: SDTM | J32: 19 | K32: The text string identifying the full set of markers/indicators used by the laboratory to operationally define the complete test based on the combination of CPTEST, CPSBMRKS, and CPCELSTA. Because laboratories often use different markers/indicators to identify a cell population, the relationship between a named cell population in CPTEST (as combined with CPSBMRKS and CPCELSTA values) and the set of markers used to identify that population is many-to-one. To ensure nuances important for accurately interpreting the data are accounted for and which arise from the use of different sets of markers, it is necessary to operationally define the test in terms of the complete set of markers/indicators used to perform that test.
A33: CPGATE | B33: Gate | C33: Char | D33: 100 | F33: Assigned | G33: 可有 | I33: SDTM | J33: 20 | K33: The sponsor-defined name assigned to a gate. Gates are electronic (i.e., a device setting or software-defined) boundaries set by a user to virtually parse a specimen into discrete populations based on a set of defined characteristics (e.g., presence, absence, or intensity of expression of various markers; physical size; internal complexity or granularity). Gates are used to constrain data collection or analysis to a specific cell population or region of interest within the specimen.
A34: CPGATDEF | B34: Gate Definition | C34: Char | D34: 200 | F34: Derived | G34: 可有 | I34: SDTM | J34: 21 | K34: The text string identifying the set of parameters and the order in which they are applied to define the gating strategy. In practice, a series of 2-dimensional sub-gates based on different cell characteristics (i.e., markers/indicators/physical properties) are most often combined until the cell population of interest is sufficiently resolved (i.e., electronically isolated) from other cell populations contained within the specimen. \n For complex analyses, differences in gating strategies can produce subtle differences in results obtained for a test. To ensure nuances important for accurately interpreting the data are accounted for and which arise from the use of different gating strategies, it is often necessary to qualify the test in terms of the gating strategy. For some purposes, however, and at the discretion of the sponsor, only the ultimate or penultimate gate is identified. When specifying the gating strategy in CPGATDEF, each sub-gate should be listed in the order it was applied and separated from the next sub-gate using the pipe/vertical line ("|") character.
A35: CPSPTSTD | B35: Sponsor Test Description | C35: Char | D35: 100 | F35: Assigned | G35: 可有 | I35: SDTM | J35: 22 | K35: Sponsor's description of a test. The variable is intended to contain highly structured test description metadata used by a sponsor to unambiguously define (label) a test. Such values generally reside in a sponsor/laboratory test metadata repository. CPSPTSTD is not intended for unstructured (spontaneous) free text. \n An example of appropriate usage is when it is necessary to include identifying information for a target cell population on which a test is conducted when the target population is not part of the test name, e.g., tests for quantitative expression of a particular marker on a specific cell population.
A36: CPCAT | B36: Category | C36: Char | D36: 100 | E36: (CPCAT) | F36: Assigned | G36: 可有 | I36: SDTM | J36: 23 | K36: Used to define a category of topic-variable values across subjects. Examples: "IMMUNOPHENOTYPING", "CELL FUNCTION", "TARGET ENGAGEMENT".
A37: CPSCAT | B37: Subcategory | C37: Char | D37: 100 | F37: Assigned | G37: 可有 | I37: SDTM | J37: 24 | K37: A further categorization of CPCAT.
A38: CPTSTPNL | B38: Test Panel | C38: Char | D38: 100 | F38: Assigned | G38: 可有 | I38: SDTM | J38: 25 | K38: Sponsor-defined textual description used to group tests run together as part of a test panel. Can be used with --GRPID to ensure that relationships between associated tests are accurately identified.
A39: CPORRES | B39: Result or Finding in Original Units | C39: Char | D39: 200 | F39: CRF | G39: 期望 | I39: SDTM | J39: 26 | K39: Result of the measurement or finding as originally received or collected.
A40: CPORRESU | B40: Original Units | C40: Char | D40: 20 | E40: (UNIT) | F40: CRF | G40: 可有 | I40: SDTM | J40: 27 | K40: Original units in which the data were collected. The unit for CPORRES. Examples: "10^6/L", "%", "MESF".
A41: CPRESSCL | B41: Result Scale | C41: Char | D41: 40 | E41: (RSLSCLRS) | F41: Assigned | G41: 可有 | I41: SDTM | J41: 28 | K41: Classifies the scale of the original result value with respect to whether the result is quantitative, ordinal, nominal, or narrative.
A42: CPRESTYP | B42: Result Type | C42: Char | D42: 40 | E42: (RESTYPRS) | F42: Assigned | G42: 可有 | I42: SDTM | J42: 29 | K42: Classifies the kind of result (i.e., property type) originally reported for the test. Examples: "NUMBER CONCENTRATION", "NUMBER FRACTION", "RATIO".
A43: CPCOLSRT | B43: Collected Summary Result Type | C43: Char | D43: 40 | E43: (COLSTYP) | F43: CRF | G43: 可有 | I43: SDTM | J43: 30 | K43: Used to indicate the type of collected summary result. This includes source summary results collected on a CRF or provided by an external vendor (e.g., central lab). If the summary result is derived using individual source data records, this summary result should be represented in ADaM. If a sponsor has both a collected summary result and a derived summary result, the collected summary result should be represented in SDTM and the derived summary result should be represented in ADaM.
A44: CPORNRLO | B44: Reference Range Lower Limit in Orig Unit | C44: Char | D44: 40 | F44: CRF | G44: 可有 | I44: SDTM | J44: 31 | K44: Lower end of reference range for continuous measurement in original units. Should be populated only for continuous results.
A45: CPORNRHI | B45: Reference Range Upper Limit in Orig Unit | C45: Char | D45: 40 | F45: CRF | G45: 可有 | I45: SDTM | J45: 32 | K45: Upper end of reference range for continuous measurement in original units. Should be populated only for continuous results.
A46: CPSTRESC | B46: Result or Finding in Standard Format | C46: Char | D46: 200 | F46: Derived | G46: 期望 | I46: SDTM | J46: 33 | K46: Contains the result value for all findings, copied or derived from CPORRES in a standard format or in standard units. CPSTRESC should store all results or findings in character format; if results are numeric, they should also be stored in numeric format in CPSTRESN.
A47: CPSTRESN | B47: Numeric Result/Finding in Standard Units | C47: Num | F47: Derived | G47: 可有 | I47: SDTM | J47: 34 | K47: Used for continuous or numeric results or findings in standard format; copied in numeric format from CPSTRESC. CPSTRESN should store all numeric test results or findings.
A48: CPSTRESU | B48: Standard Units | C48: Char | D48: 20 | E48: (UNIT) | F48: Assigned | G48: 可有 | I48: SDTM | J48: 35 | K48: Standardized unit used for CPSTRESC or CPSTRESN.
A49: CPSTNRLO | B49: Reference Range Lower Limit-Std Units | C49: Num | F49: Assigned | G49: 可有 | I49: SDTM | J49: 36 | K49: Lower end of reference range for continuous measurements for CPSTRESC/CPSTRESN in standardized units. Should be populated only for continuous results.
A50: CPSTNRHI | B50: Reference Range Upper Limit-Std Units | C50: Num | F50: Assigned | G50: 可有 | I50: SDTM | J50: 37 | K50: Upper end of reference range for continuous measurements in standardized units. Should be populated only for continuous results.
A51: CPNRIND | B51: Reference Range Indicator | C51: Char | D51: 40 | F51: Derived | G51: 可有 | I51: SDTM | J51: 38 | K51: Indicates where the value falls with respect to reference range defined by CPORNRLO and CPORNRHI, CPSTNRLO and CPSTNRHI, or by CPSTNRC. Examples: "NORMAL", "ABNORMAL", "HIGH", "LOW". Sponsors should specify in the study metadata (Comments column in the Define-XML document) whether CPNRIND refers to the original or standard reference ranges and results. CPNRIND should not be used to indicate clinical significance.
A52: CPSTAT | B52: Completion Status | C52: Char | D52: 8 | E52: (ND) | F52: CRF | G52: 可有 | I52: SDTM | J52: 39 | K52: Used to indicate that the test was not performed or that it was attempted but did not generate a result. Should be null if a result exists in CPORRES.
A53: CPREASND | B53: Reason Not Done | C53: Char | D53: 200 | F53: CRF | G53: 可有 | I53: SDTM | J53: 40 | K53: Describes why a test was not performed, e.g., "BROKEN EQUIPMENT", "SUBJECT REFUSED", "SPECIMEN LOST". Used in conjunction with CPSTAT when value is "NOT DONE".
A54: CPNAM | B54: Vendor Name | C54: Char | D54: 40 | F54: Assigned | G54: 可有 | I54: SDTM | J54: 41 | K54: The name or identifier of the laboratory that performed the test.
A55: CPLOINC | B55: LOINC Code | C55: Char | D55: 50 | F55: eDT | G55: 可有 | I55: SDTM | J55: 42 | K55: Code for the test from the LOINC code system. The sponsor is expected to provide the dictionary name and version used to map the terms utilizing the Define-XML external codelist attributes.
A56: CPSPEC | B56: Specimen Type | C56: Char | D56: 50 | E56: (SPECTYPE) | F56: Assigned | G56: 可有 | I56: SDTM | J56: 43 | K56: Defines the type of specimen used for a measurement. Examples: "BLOOD", "BONE MARROW".
A57: CPSPCCND | B57: Specimen Condition | C57: Char | D57: 50 | E57: (SPECCOND) | F57: CRF | G57: 可有 | I57: SDTM | J57: 44 | K57: The physical state or quality of a specimen for an assessment. Example: "CLOTTED".
A58: CPMETHOD | B58: Method of Test or Examination | C58: Char | D58: 100 | E58: (METHOD) | F58: CRF | G58: 可有 | I58: SDTM | J58: 45 | K58: Method of the test or examination. Example: "FLOW CYTOMETRY".
A59: CPANMETH | B59: Analysis Method | C59: Char | D59: 100 | F59: CRF | G59: 可有 | I59: SDTM | J59: 46 | K59: Analysis method applied to obtain a summarized result. Analysis method describes the method of secondary processing applied to a complex observation result.
A60: CPLOBXFL | B60: Last Observation Before Exposure Flag | C60: Char | D60: 1 | E60: (NY) | F60: Derived | G60: 可有 | I60: SDTM | J60: 47 | K60: Operationally-derived indicator used to identify the last non-missing value prior to RFXSTDTC. The value should be "Y" or null.
A61: CPBLFL | B61: Baseline Flag | C61: Char | D61: 1 | E61: (NY) | F61: Derived | G61: 可有 | I61: SDTM | J61: 48 | K61: Indicator used to identify a baseline value. The value should be "Y" or null.
A62: CPDRVFL | B62: Derived Flag | C62: Char | D62: 1 | E62: (NY) | F62: Derived | G62: 可有 | I62: SDTM | J62: 49 | K62: Used to indicate a derived record. The value should be "Y" or null. Records that represent the average of other records, or do not come from the CRF, or are not as originally received or collected are examples of records that might be derived for the submission datasets. If CPDRVFL = "Y", then CPORRES may be null, with CPSTRESC and (if numeric) CPSTRESN having the derived value.
A63: CPCLSIG | B63: Clinically Significant, Collected | C63: Char | D63: 1 | E63: (NY) | F63: Derived | G63: 可有 | I63: SDTM | J63: 50 | K63: Used to indicate whether a collected observation is clinically significant based on judgement.
A64: VISITNUM | B64: Visit Number | C64: Num | F64: Assigned | G64: 可有 | I64: SDTM | J64: 51 | K64: Clinical encounter number. Numeric version of VISIT, used for sorting.
A65: VISIT | B65: Visit Name | C65: Char | D65: 100 | F65: Assigned | G65: 可有 | I65: SDTM | J65: 52 | K65: Protocol-defined description of clinical encounter. May be used in addition to VISITNUM and/or VISITDY.
A66: VISITDY | B66: Planned Study Day of Visit | C66: Num | F66: Assigned | G66: 可有 | I66: SDTM | J66: 53 | K66: Planned study day of the visit based upon RFSTDTC in Demographics. Should be an integer.
A67: TAETORD | B67: Planned Order of Element within Arm | C67: Num | F67: Assigned | G67: 可有 | I67: SDTM | J67: 54 | K67: Number that gives the planned order of the element within the arm.
A68: EPOCH | B68: Epoch | C68: Char | D68: 100 | E68: (EPOCH) | F68: Assigned | G68: 可有 | I68: SDTM | J68: 55 | K68: Epoch associated with the start date/time of the observation, or the date/time of collection if start date/time is not collected.
A69: CPDTC | B69: Date/Time of Collection | C69: Char | D69: 20 | E69: ISO 8601 | F69: CRF | G69: 期望 | I69: SDTM | J69: 56 | K69: Date/time of specimen collection represented in ISO 8601 character format.
A70: CPDY | B70: Study Day of Visit/Collection/Exam | C70: Num | F70: Derived | G70: 可有 | I70: SDTM | J70: 57 | K70: Study day of specimen collection, measured in integer days. Algorithm for calculations must be relative to the sponsor-defined RFSTDTC value in Demographics.
A71: CPTPT | B71: Planned Time Point Name | C71: Char | D71: 100 | F71: CRF | G71: 可有 | I71: SDTM | J71: 58 | K71: Text description of time when a specimen is to be taken, as defined in the protocol. This may be represented as an elapsed time relative to a fixed reference point (i.e., to the value in CPTPTREF). Example: "1 hour post".
A72: CPTPTNUM | B72: Planned Time Point Number | C72: Num | F72: Assigned | G72: 可有 | I72: SDTM | J72: 59 | K72: Numerical version of CPTPT to aid in sorting. When CPTPT is represented as an elapsed time relative to a fixed reference point (i.e., to the value in CPTPTREF), the values in CPTPTNUM should be assigned in ascending order relative to the value in CPTPTREF. For example, records for time points where CPTPT = "5 minutes post", 1 hour post", and "4 hours post" could be represented in CPTPTNUM as "1", "2", and "3", which maintains the order between CPTPT and CPTPTNUM with respect to the fixed time point reference in CPTPTREF.
A73: CPELTM | B73: Planned Elapsed Time from Time Point Ref | C73: Char | D73: 20 | E73: ISO 8601 | F73: Derived | G73: 可有 | I73: SDTM | J73: 60 | K73: Planned elapsed time relative to the planned fixed reference value in CPTPTREF, represented in ISO 8601 duration format. Examples: "-PT15M" to represent 15 minutes prior to the reference time point indicated by CPTPTREF, "T8H" to represent 8 hours after the reference time point represented by CPTPTREF.
A74: CPTPTREF | B74: Time Point Reference | C74: Char | D74: 100 | F74: Derived | G74: 可有 | I74: SDTM | J74: 61 | K74: Descriptive name of the fixed reference point referred to by CPTPT, CPTPTNUM, and CPELTM. Examples: "PREVIOUS DOSE", "PREVIOUS MEAL".
A75: CPRFTDTC | B75: Date/Time of Reference Time Point | C75: Char | D75: 20 | E75: ISO 8601 | F75: Derived | G75: 可有 | I75: SDTM | J75: 62 | K75: Date/time for a fixed reference time point defined by CPTPTREF.
A78: CONTENT

Sheet CV
A1: CV Domain Mapping Specifications
A2: 方案编号: | D2: =CONTENT!$B$3 -> XXXXX
A3: SDTM 版本: | D3: =CONTENT!$B$4 -> 3.4
A4: SDTM 数据集描述: | D4: =CONTENT!$B$15 -> Cardiovascular System Findings
A5: SDTM 数据集结构: | D5: =CONTENT!$C$15 -> One record per finding or result per time point per visit per subject
A6: 程序名称: | D6: =CONTENT!$D$15 -> cv.sas
A7: 常规观测分类: | D7: =CONTENT!$E$15 -> Findings
A8: 数据来源: | D8: =CONTENT!$F$15 -> 0
A9: 关键变量: | D9: =CONTENT!$G$15 -> STUDYID, USUBJID, VISITNUM, CVTESTCD, CVTPTREF, CVTPTNUM
A10: 排序变量: | D10: =CONTENT!$H$15 -> STUDYID, USUBJID, VISITNUM, CVTESTCD, CVTPTREF, CVTPTNUM
A11: 提取规则: | D11: =CONTENT!$I$15 -> 0
A13: Variable Name | B13: Variable Label | C13: Type | D13: Length | E13: Controlled Terms, Codelist or Format | F13: Source | G13: Core | H13: Transformation definition | I13: Variable Type | J13: Variable Order | K13: CDISC Notes
A14: STUDYID | B14: Study Identifier | C14: Char | D14: 20 | F14: Assigned | G14: 必需 | I14: SDTM | J14: 1 | K14: Unique identifier for a study.
A15: DOMAIN | B15: Domain Abbreviation | C15: Char | D15: 2 | E15: CV | F15: Assigned | G15: 必需 | H15: CV | I15: SDTM | J15: 2 | K15: Two-character abbreviation for the domain.
A16: USUBJID | B16: Unique Subject Identifier | C16: Char | D16: 30 | F16: Derived | G16: 必需 | I16: SDTM | J16: 3 | K16: Identifier used to uniquely identify a subject across all studies for all applications or submissions involving the product.
A17: CVSEQ | B17: Sequence Number | C17: Num | F17: Derived | G17: 必需 | I17: SDTM | J17: 4 | K17: Sequence number to ensure uniqueness of records within a dataset for a subject. May be any valid number (including decimals) and does not have to start at 1.
A18: CVGRPID | B18: Group ID | C18: Char | D18: 25 | F18: CRF | G18: 可有 | I18: SDTM | J18: 5 | K18: Optional group identifier, used to link together a block of related records within a subject in a domain.
A19: CVREFID | B19: Reference ID | C19: Char | D19: 25 | F19: CRF | G19: 可有 | I19: SDTM | J19: 6 | K19: Optional internal or external identifier.
A20: CVSPID | B20: Sponsor-Defined Identifier | C20: Char | D20: 25 | F20: CRF | G20: 可有 | I20: SDTM | J20: 7 | K20: Sponsor-defined identifier. Example: a preprinted line identifier on a CRF.
A21: CVLNKID | B21: Link ID | C21: Char | D21: 25 | F21: CRF | G21: 可有 | I21: SDTM | J21: 8 | K21: Identifier used to link related records across domains. This may be a one-to-one or a one-to-many relationship.
A22: CVLNKGRP | B22: Link Group | C22: Char | D22: 25 | F22: CRF | G22: 可有 | I22: SDTM | J22: 9 | K22: Identifier used to link related records across domains. This will usually be a many-to-one relationship.
A23: CVTESTCD | B23: Short Name of Cardiovascular Test | C23: Char | D23: 8 | E23: (CVTESTCD) | F23: Assigned | G23: 必需 | I23: SDTM | J23: 10 | K23: Short name of the measurement, test, or examination described in CVTEST. It can be used as a column name when converting a dataset from a vertical to a horizontal format. The value in CVTESTCD cannot be longer than 8 characters, nor can it start with a number (e.g., "1TEST" would not be valid). CVTESTCD cannot contain characters other than letters, numbers, or underscores.
A24: CVTEST | B24: Name of Cardiovascular Test | C24: Char | D24: 40 | E24: (CVTEST) | F24: Assigned | G24: 必需 | I24: SDTM | J24: 11 | K24: Long name For CVTESTCD. The value in CVTEST cannot be longer than 40 characters.
A25: CVCAT | B25: Category for Cardiovascular Test | C25: Char | D25: 100 | E25: * | F25: Assigned | G25: 可有 | I25: SDTM | J25: 12 | K25: Used to define a category of topic-variable values.
A26: CVSCAT | B26: Subcategory for Cardiovascular Test | C26: Char | D26: 100 | E26: * | F26: Assigned | G26: 可有 | I26: SDTM | J26: 13 | K26: Used to define a further categorization of CVCAT values.
A27: CVPOS | B27: Position of Subject During Observation | C27: Char | D27: 40 | E27: (POSITON) | F27: CRF | G27: 可有 | I27: SDTM | J27: 14 | K27: Position of the subject during a measurement or examination. Examples: "SUPINE", "STANDING", "SITTING".
A28: CVORRES | B28: Result or Finding in Original Units | C28: Char | D28: 200 | F28: CRF | G28: 期望 | I28: SDTM | J28: 15 | K28: Result of the measurement or finding as originally received or collected.
A29: CVORRESU | B29: Original Units | C29: Char | D29: 20 | E29: (UNIT) | F29: CRF | G29: 可有 | I29: SDTM | J29: 16 | K29: Original units in which the data were collected. Unit for CVORRES.
A30: CVSTRESC | B30: Character Result/Finding in Std Format | C30: Char | D30: 200 | F30: Derived | G30: 期望 | I30: SDTM | J30: 17 | K30: Contains the result value for all findings, copied or derived, from CVORRES in a standard format or in standard units. CVSTRESC should store all results or findings in character format; if results are numeric, they should also be stored in numeric format in CVSTRESN. For example, if various tests have results "NONE", "NEG", and "NEGATIVE" in CVORRES and these results effectively have the same meaning, they could be represented in standard format in CVSTRESC as "NEGATIVE".
A31: CVSTRESN | B31: Numeric Result/Finding in Standard Units | C31: Num | F31: Derived | G31: 可有 | I31: SDTM | J31: 18 | K31: Used for continuous or numeric results or findings in standard format; copied in numeric format from CVSTRESC. CVSTRESN should store all numeric test results or findings.
A32: CVSTRESU | B32: Standard Units | C32: Char | D32: 20 | E32: (UNIT) | F32: Assigned | G32: 可有 | I32: SDTM | J32: 19 | K32: Standardized units used for CVSTRESC and CVSTRESN.
A33: CVSTAT | B33: Completion Status | C33: Char | D33: 8 | E33: (ND) | F33: CRF | G33: 可有 | I33: SDTM | J33: 20 | K33: Used to indicate that a question was not asked or a test was not done, or a test was attempted but did not generate a result. Should be null or have a value of "NOT DONE".
A34: CVREASND | B34: Reason Not Done | C34: Char | D34: 200 | F34: CRF | G34: 可有 | I34: SDTM | J34: 21 | K34: Describes why a measurement or test was not performed (e.g., "BROKEN EQUIPMENT", "SUBJECT REFUSED"). Used in conjunction with CVSTAT when value is "NOT DONE".
A35: CVLOC | B35: Location Used for the Measurement | C35: Char | D35: 40 | E35: (LOC) | F35: CRF | G35: 可有 | I35: SDTM | J35: 22 | K35: Anatomical location of the subject relevant to the collection of the measurement. Examples: "HEART", "LEFT VENTRICLE".
A36: CVLAT | B36: Laterality | C36: Char | D36: 40 | E36: (LAT) | F36: CRF | G36: 可有 | I36: SDTM | J36: 23 | K36: Qualifier for anatomical location or specimen further detailing laterality. Examples: "RIGHT", "LEFT", "BILATERAL", "UNILATERAL".
A37: CVDIR | B37: Directionality | C37: Char | D37: 40 | E37: (DIR) | F37: CRF | G37: 可有 | I37: SDTM | J37: 24 | K37: Qualifier for anatomical location or specimen further detailing directionality. Examples: "ANTERIOR", "LOWER", "PROXIMAL".
A38: CVMETHOD | B38: Method of Test or Examination | C38: Char | D38: 100 | E38: (METHOD) | F38: CRF | G38: 可有 | I38: SDTM | J38: 25 | K38: Method used to create the result.
A39: CVLOBXFL | B39: Last Observation Before Exposure Flag | C39: Char | D39: 1 | E39: (NY) | F39: Derived | G39: 期望 | I39: SDTM | J39: 26 | K39: Operationally-derived indicator used to identify the last non-missing value prior to RFXSTDTC. The value should be "Y" or null.
A40: CVBLFL | B40: Baseline Flag | C40: Char | D40: 1 | E40: (NY) | F40: Derived | G40: 可有 | I40: SDTM | J40: 27 | K40: Indicator used to identify a baseline value. Should be "Y" or null. Note that CVBLFL is retained for backward compatibility. The authoritative baseline for statistical analysis is in an ADaM dataset.
A41: CVDRVFL | B41: Derived Flag | C41: Char | D41: 1 | E41: (NY) | F41: Derived | G41: 可有 | I41: SDTM | J41: 28 | K41: Used to indicate a derived record (i.e., a record that represents the average of other records, such as a computed baseline). Should be "Y" or null.
A42: CVEVAL | B42: Evaluator | C42: Char | D42: 100 | E42: (EVAL) | F42: Assigned | G42: 可有 | I42: SDTM | J42: 29 | K42: Role of the person who provided the evaluation. Used only for results that are subjective (e.g., assigned by a person or a group). Examples: "ADJUDICATION COMMITTEE", " INDEPENDENT ASSESSOR", "RADIOLOGIST".
A43: CVEVALID | B43: Evaluator Identifier | C43: Char | D43: 30 | E43: (MEDEVAL) | F43: Assigned | G43: 可有 | I43: SDTM | J43: 30 | K43: Used to distinguish multiple evaluators with the same role recorded in CVEVAL. Examples: "RADIOLOGIST1" or "RADIOLOGIST2".
A44: VISITNUM | B44: Visit Number | C44: Num | F44: Assigned | G44: 期望 | I44: SDTM | J44: 31 | K44: Clinical encounter number. Numeric version of VISIT, used for sorting.
A45: VISIT | B45: Visit Name | C45: Char | D45: 100 | F45: Assigned | G45: 可有 | I45: SDTM | J45: 32 | K45: Protocol-defined description of clinical encounter. May be used in addition to VISITNUM and/or VISITDY.
A46: VISITDY | B46: Planned Study Day of Visit | C46: Num | F46: Assigned | G46: 可有 | I46: SDTM | J46: 33 | K46: Planned study day of VISIT. Should be an integer.
A47: TAETORD | B47: Planned Order of Element within Arm | C47: Num | F47: Assigned | G47: 可有 | I47: SDTM | J47: 34 | K47: Number that gives the planned order of the element within the arm for the element in which the assessment was made.
A48: EPOCH | B48: Epoch | C48: Char | D48: 100 | E48: (EPOCH) | F48: Assigned | G48: 可有 | I48: SDTM | J48: 35 | K48: Epoch associated with the date/time at which the assessment was made.
A49: CVDTC | B49: Date/Time of Test | C49: Char | D49: 20 | E49: ISO 8601 | F49: CRF | G49: 期望 | I49: SDTM | J49: 36 | K49: Collection date and time of an observation.
A50: CVDY | B50: Study Day of Visit/Collection/Exam | C50: Num | F50: Derived | G50: 可有 | I50: SDTM | J50: 37 | K50: Actual study day of visit/collection/exam expressed in integer days relative to the sponsor-defined RFSTDTC in Demographics.
A51: CVTPT | B51: Planned Time Point Name | C51: Char | D51: 100 | F51: CRF | G51: 可有 | I51: SDTM | J51: 38 | K51: Text description of time when a measurement or observation should be taken, as defined in the protocol. This may be represented as an elapsed time relative to a fixed reference point, such as time of last dose. See CVTPTNUM and CVTPTREF.
A52: CVTPTNUM | B52: Planned Time Point Number | C52: Num | F52: Assigned | G52: 可有 | I52: SDTM | J52: 39 | K52: Numeric version of planned time point used in sorting.
A53: CVELTM | B53: Planned Elapsed Time from Time Point Ref | C53: Char | D53: 20 | E53: ISO 8601 | F53: Derived | G53: 可有 | I53: SDTM | J53: 40 | K53: Planned elapsed time relative to a planned fixed reference (CVTPTREF). Examples: "PREVIOUS DOSE", "PREVIOUS MEAL". This variable is useful where there are repetitive measures. Not a clock time or a date/time variable, but an interval, represented as ISO duration.
A54: CVTPTREF | B54: Time Point Reference | C54: Char | D54: 100 | F54: Derived | G54: 可有 | I54: SDTM | J54: 41 | K54: Description of the fixed reference point referred to by CVELTM, CVTPTNUM, and CVTPT. Examples: "PREVIOUS DOSE", "PREVIOUS MEAL".
A55: CVRFTDTC | B55: Date/Time of Reference Time Point | C55: Char | D55: 20 | E55: ISO 8601 | F55: Derived | G55: 可有 | I55: SDTM | J55: 42 | K55: Date/time for a fixed reference time point defined by CVTPTREF.
A57: CONTENT

Sheet DA
A1: DA Domain Mapping Specifications
A2: 方案编号: | D2: =CONTENT!$B$3 -> XXXXX
A3: SDTM 版本: | D3: =CONTENT!$B$4 -> 3.4
A4: SDTM 数据集描述: | D4: =CONTENT!$B$16 -> Product Accountability
A5: SDTM 数据集结构: | D5: =CONTENT!$C$16 -> One record per product accountability finding per subject
A6: 程序名称: | D6: =CONTENT!$D$16 -> da.sas
A7: 常规观测分类: | D7: =CONTENT!$E$16 -> Findings
A8: 数据来源: | D8: =CONTENT!$F$16 -> 0
A9: 关键变量: | D9: =CONTENT!$G$16 -> STUDYID, USUBJID, DATESTCD, DADTC
A10: 排序变量: | D10: =CONTENT!$H$16 -> STUDYID, USUBJID, DATESTCD, DADTC
A11: 提取规则: | D11: =CONTENT!$I$16 -> 0
A13: Variable Name | B13: Variable Label | C13: Type | D13: Length | E13: Controlled Terms, Codelist or Format | F13: Source | G13: Core | H13: Transformation definition | I13: Variable Type | J13: Variable Order | K13: CDISC Notes
A14: STUDYID | B14: Study Identifier | C14: Char | D14: 20 | F14: Assigned | G14: 必需 | I14: SDTM | J14: =ROW()-13 -> 1 | K14: Unique identifier for a study within the submission.
A15: DOMAIN | B15: Domain Abbreviation | C15: Char | D15: 2 | E15: DA | F15: Assigned | G15: 必需 | H15: DA | I15: SDTM | J15: =ROW()-13 -> 2 | K15: Two-character abbreviation for the domain.
A16: USUBJID | B16: Unique Subject Identifier | C16: Char | D16: 30 | F16: Derived | G16: 必需 | I16: SDTM | J16: =ROW()-13 -> 3 | K16: Identifier used to uniquely identify a subject across all studies for all applications or submissions involving the product.
A17: DASEQ | B17: Sequence Number | C17: Num | F17: Derived | G17: 必需 | I17: SDTM | J17: =ROW()-13 -> 4 | K17: Sequence number given to ensure uniqueness of subject records within a domain. May be any valid number.
A18: DAGRPID | B18: Group ID | C18: Char | D18: 25 | F18: CRF | G18: 可有 | I18: SDTM | J18: =ROW()-13 -> 5 | K18: Used to tie together a block of related records in a single domain for a subject.
A19: DAREFID | B19: Reference ID | C19: Char | D19: 25 | F19: CRF | G19: 可有 | I19: SDTM | J19: =ROW()-13 -> 6 | K19: Optional internal or external identifier such as a code from the product packaging (e.g., bottle label, package label, kit label).
A20: DASPID | B20: Sponsor-Defined Identifier | C20: Char | D20: 25 | F20: CRF | G20: 可有 | I20: SDTM | J20: =ROW()-13 -> 7 | K20: Sponsor-defined reference number. May be preprinted on the CRF as an explicit line identifier or defined in the sponsor's operational database. Examples: Line number on the Product Accountability CRF page, a code from the product packaging (e.g., bottle label, package label, kit label).
A21: DALNKID | B21: Link ID | C21: Char | D21: 25 | F21: CRF | G21: 可有 | I21: SDTM | J21: =ROW()-13 -> 8 | K21: Identifier used to link related records across domains. This may be a one-to-one or a one-to-many relationship.
A22: DALNKGRP | B22: Link Group ID | C22: Char | D22: 25 | F22: CRF | G22: 可有 | I22: SDTM | J22: =ROW()-13 -> 9 | K22: Identifier used to link related records across domains. This will usually be a many-to-one relationship.
A23: DATESTCD | B23: Short Name of Accountability Assessment | C23: Char | D23: 8 | E23: (DATESTCD) | F23: Assigned | G23: 必需 | I23: SDTM | J23: =ROW()-13 -> 10 | K23: Short character value for DATEST used as a column name when converting a dataset from a vertical format to a horizontal format. The short value can be up to 8 characters and cannot begin with a number or contain characters other than letters, numbers, or underscores. Examples: "DISPAMT", "RETAMT".
A24: DATEST | B24: Name of Accountability Assessment | C24: Char | D24: 40 | E24: (DATEST) | F24: CRF | G24: 必需 | I24: SDTM | J24: =ROW()-13 -> 11 | K24: Verbatim name corresponding to the topic variable of the test or examination used to obtain the product accountability assessment. The value in DATEST cannot be longer than 40 characters. Examples: "Dispensed Amount", "Returned Amount".
A25: DACAT | B25: Category | C25: Char | D25: 100 | E25: * | F25: Assigned | G25: 可有 | I25: SDTM | J25: =ROW()-13 -> 12 | K25: Used to define a category of topic-variable values. Examples: "STUDY MEDICATION", "RESCUE MEDICATION".
A26: DASCAT | B26: Subcategory | C26: Char | D26: 100 | E26: * | F26: Assigned | G26: 可有 | I26: SDTM | J26: =ROW()-13 -> 13 | K26: Used to define a further categorization level for a group of related records.
A27: DAORRES | B27: Result or Finding in Original Units | C27: Char | D27: 200 | F27: CRF | G27: 期望 | I27: SDTM | J27: =ROW()-13 -> 14 | K27: Result of the product accountability assessment as originally received or collected.
A28: DAORRESU | B28: Original Units | C28: Char | D28: 20 | E28: (UNIT) | F28: CRF | G28: 可有 | I28: SDTM | J28: =ROW()-13 -> 15 | K28: Unit for DAORRES.
A29: DASTRESC | B29: Result or Finding in Standard Format | C29: Char | D29: 200 | F29: Derived | G29: 期望 | I29: SDTM | J29: =ROW()-13 -> 16 | K29: Contains the result value for all product accountability assessments copied or derived from DAORRES, in a standard format or in standard units. DASTRESC should store all results or findings in character format; if results are numeric, they should also be stored in numeric format in DASTRESN.
A30: DASTRESN | B30: Numeric Result/Finding in Standard Units | C30: Num | F30: Derived | G30: 可有 | I30: SDTM | J30: =ROW()-13 -> 17 | K30: Used for continuous or numeric results or findings in standard format; copied in numeric format from DASTRESC. DASTRESN should store all numeric test results or findings.
A31: DASTRESU | B31: Standard Units | C31: Char | D31: 20 | E31: (UNIT) | F31: Assigned | G31: 可有 | I31: SDTM | J31: =ROW()-13 -> 18 | K31: Standardized units used for DASTRESC and DASTRESN.
A32: DASTAT | B32: Completion Status | C32: Char | D32: 8 | E32: (ND) | F32: CRF | G32: 可有 | I32: SDTM | J32: =ROW()-13 -> 19 | K32: Used to indicate that a product accountability assessment was not done. Should be null or have a value of "NOT DONE".
A33: DAREASND | B33: Reason Not Done | C33: Char | D33: 200 | F33: CRF | G33: 可有 | I33: SDTM | J33: =ROW()-13 -> 20 | K33: Reason not done. Used in conjunction with DASTAT when value is "NOT DONE".
A34: VISITNUM | B34: Visit Number | C34: Num | F34: Assigned | G34: 期望 | I34: SDTM | J34: =ROW()-13 -> 21 | K34: Clinical encounter number. Numeric version of VISIT, used for sorting.
A35: VISIT | B35: Visit Name | C35: Char | D35: 100 | F35: Assigned | G35: 可有 | I35: SDTM | J35: =ROW()-13 -> 22 | K35: Protocol-defined description of a clinical encounter. May be used in addition to VISITNUM and/or VISITDY.
A36: VISITDY | B36: Planned Study Day of Visit | C36: Num | F36: Assigned | G36: 可有 | I36: SDTM | J36: =ROW()-13 -> 23 | K36: Planned study day of the visit, based upon RFSTDTC in Demographics.
A37: TAETORD | B37: Planned Order of Element within Arm | C37: Num | F37: Assigned | G37: 可有 | I37: SDTM | J37: =ROW()-13 -> 24 | K37: Number that gives the planned order of the element within the arm (see Section 7.2.1, Trial Arms).
A38: EPOCH | B38: Epoch | C38: Char | D38: 100 | E38: (EPOCH) | F38: Assigned | G38: 可有 | I38: SDTM | J38: =ROW()-13 -> 25 | K38: Epoch associated with the start date/time of the observation, or the date/time of collection if start date/time is not collected.
A39: DADTC | B39: Date/Time of Collection | C39: Char | D39: 20 | E39: ISO 8601 | F39: CRF | G39: 期望 | I39: SDTM | J39: =ROW()-13 -> 26 | K39: Date and time of the product accountability assessment represented in ISO 8601 character format.
A40: DADY | B40: Study Day of Visit/Collection/Exam | C40: Num | F40: Derived | G40: 可有 | I40: SDTM | J40: =ROW()-13 -> 27 | K40: Study day of product accountability assessment, measured in integer days. Algorithm for calculations must be relative to the sponsor-defined RFSTDTC in Demographics.
A42: CONTENT

Sheet DD
A1: DD Domain Mapping Specifications
A2: 方案编号: | D2: =CONTENT!$B$3 -> XXXXX
A3: SDTM 版本: | D3: =CONTENT!$B$4 -> 3.4
A4: SDTM 数据集描述: | D4: =CONTENT!$B$17 -> Death Details
A5: SDTM 数据集结构: | D5: =CONTENT!$C$17 -> One record per finding per subject
A6: 程序名称: | D6: =CONTENT!$D$17 -> dd.sas
A7: 常规观测分类: | D7: =CONTENT!$E$17 -> Findings
A8: 数据来源: | D8: =CONTENT!$F$17 -> 0
A9: 关键变量: | D9: =CONTENT!$G$17 -> STUDYID, USUBJID, DDTESTCD, DDDTC
A10: 排序变量: | D10: =CONTENT!$H$17 -> STUDYID, USUBJID, DDTESTCD, DDDTC
A11: 提取规则: | D11: =CONTENT!$I$17 -> 0
A13: Variable Name | B13: Variable Label | C13: Type | D13: Length | E13: Controlled Terms, Codelist or Format | F13: Source | G13: Core | H13: Transformation definition | I13: Variable Type | J13: Variable Order | K13: CDISC Notes
A14: STUDYID | B14: Study Identifier | C14: Char | D14: 20 | F14: Assigned | G14: 必需 | I14: SDTM | J14: =ROW()-13 -> 1 | K14: Unique identifier for a study.
A15: DOMAIN | B15: Domain Abbreviation | C15: Char | D15: 2 | E15: DD | F15: Assigned | G15: 必需 | H15: DD | I15: SDTM | J15: =ROW()-13 -> 2 | K15: Two-character abbreviation for the domain.
A16: USUBJID | B16: Unique Subject Identifier | C16: Char | D16: 30 | F16: Derived | G16: 必需 | I16: SDTM | J16: =ROW()-13 -> 3 | K16: Identifier used to uniquely identify a subject across all studies for all applications or submissions involving the product.
A17: DDSEQ | B17: Sequence Number | C17: Num | F17: Derived | G17: 必需 | I17: SDTM | J17: =ROW()-13 -> 4 | K17: Sequence number given to ensure uniqueness of subject records within a domain. May be any valid number.
A18: DDTESTCD | B18: Death Detail Assessment Short Name | C18: Char | D18: 8 | E18: (DTHDXCD) | F18: Assigned | G18: 必需 | I18: SDTM | J18: =ROW()-13 -> 5 | K18: Short name of the measurement, test, or examination described in DDTEST. It can be used as a column name when converting a dataset from a vertical to a horizontal format. The value in DDTESTCD cannot be longer than 8 characters, nor can it start with a number (e.g., "1TEST" is not valid). DDTESTCD cannot contain characters other than letters, numbers, or underscores. Examples: "PRCDTH", "SECDTH".
A19: DDTEST | B19: Death Detail Assessment Name | C19: Char | D19: 40 | E19: (DTHDX) | F19: Assigned | G19: 必需 | I19: SDTM | J19: =ROW()-13 -> 6 | K19: Long name for DDTESTCD. The value in DDTEST cannot be longer than 40 characters. Examples: "Primary Cause of Death", "Secondary Cause of Death".
A20: DDORRES | B20: Result or Finding as Collected | C20: Char | D20: 200 | F20: CRF | G20: 期望 | I20: SDTM | J20: =ROW()-13 -> 7 | K20: Result of the test defined in DDTEST, as originally received or collected.
A21: DDSTRESC | B21: Character Result/Finding in Std Format | C21: Char | D21: 200 | F21: Derived | G21: 期望 | I21: SDTM | J21: =ROW()-13 -> 8 | K21: Contains the result or finding copied or derived from DDORRES in a standard format.
A22: DDRESCAT | B22: Result Category | C22: Char | D22: 100 | E22: * | F22: Assigned | G22: 可有 | I22: SDTM | J22: =ROW()-13 -> 9 | K22: Used to categorize the result of a finding. Examples: "TREATMENT RELATED", "NONTREATMENT RELATED", "UNDETERMINED", "ACCIDENTAL".
A23: DDEVAL | B23: Evaluator | C23: Char | D23: 100 | E23: (EVAL) | F23: Assigned | G23: 可有 | I23: SDTM | J23: =ROW()-13 -> 10 | K23: Role of the person who provided the evaluation.
A24: DDDTC | B24: Date/Time of Collection | C24: Char | D24: 20 | E24: ISO 8601 | F24: CRF | G24: 期望 | I24: SDTM | J24: =ROW()-13 -> 11 | K24: Date/time of collection of the diagnosis or other death assessment data in ISO 8601 format. This is not necessarily the date of death.
A25: DDDY | B25: Study Day of Collection | C25: Num | F25: Derived | G25: 可有 | I25: SDTM | J25: =ROW()-13 -> 12 | K25: Study day of the collection, in integer days. The algorithm for calculations must be relative to the sponsor-defined RFSTDTC variable in the Demographics (DM) domain.
A27: CONTENT

Sheet DM
A1: DM Domain Mapping Specifications
A2: 方案编号: | D2: =CONTENT!$B$3 -> XXXXX
A3: SDTM 版本: | D3: =CONTENT!$B$4 -> 3.4
A4: SDTM 数据集描述: | D4: =CONTENT!$B$18 -> Demographics
A5: SDTM 数据集结构: | D5: =CONTENT!$C$18 -> One record per subject
A6: 程序名称: | D6: =CONTENT!$D$18 -> dm.sas
A7: 常规观测分类: | D7: =CONTENT!$E$18 -> Special Purpose
A8: 数据来源: | D8: =CONTENT!$F$18 -> 0
A9: 关键变量: | D9: =CONTENT!$G$18 -> STUDYID, USUBJID
A10: 排序变量: | D10: =CONTENT!$G$18 -> STUDYID, USUBJID
A11: 提取规则: | D11: =CONTENT!$I$18 -> 0
A13: Variable Name | B13: Variable Label | C13: Type | D13: Length | E13: Controlled Terms, Codelist or Format | F13: Source | G13: Core | H13: Transformation definition | I13: Variable Type | J13: Variable Order | K13: CDISC Notes
A14: STUDYID | B14: Study Identifier | C14: Char | D14: 20 | F14: Assigned | G14: 必需 | I14: SDTM | J14: =ROW()-13 -> 1 | K14: Unique identifier for a study.
A15: DOMAIN | B15: Domain Abbreviation | C15: Char | D15: 2 | E15: DM | F15: Assigned | G15: 必需 | H15: DM | I15: SDTM | J15: =ROW()-13 -> 2 | K15: Two-character abbreviation for the domain.
A16: USUBJID | B16: Unique Subject Identifier | C16: Char | D16: 30 | F16: Derived | G16: 必需 | I16: SDTM | J16: =ROW()-13 -> 3 | K16: Identifier used to uniquely identify a subject across all studies for all applications or submissions involving the product. This must be a unique value, and could be a compound identifier formed by concatenating STUDYID-SITEID-SUBJID.
A17: SUBJID | B17: Subject Identifier for the Study | C17: Char | D17: 8 | F17: CRF | G17: 必需 | I17: SDTM | J17: =ROW()-13 -> 4 | K17: Subject identifier, which must be unique within the study. Often the ID of the subject as recorded on a CRF.
A18: RFSTDTC | B18: Subject Reference Start Date/Time | C18: Char | D18: 20 | E18: ISO 8601 | F18: Derived | G18: 期望 | I18: SDTM | J18: =ROW()-13 -> 5 | K18: reference start date/time for the subject in ISO 8601 character format. Usually equivalent to date/time when subject was first exposed to study treatment. See assumption 9 for additional detail on when RFSTDTC may be null.
A19: RFENDTC | B19: Subject Reference End Date/Time | C19: Char | D19: 20 | E19: ISO 8601 | F19: Derived | G19: 期望 | I19: SDTM | J19: =ROW()-13 -> 6 | K19: Reference end date/time for the subject in ISO 8601 character format. Usually equivalent to the date/time when subject was determined to have ended the trial, and often equivalent to date/time of last exposure to study treatment. Required for all randomized subjects; null for screen failures or unassigned subjects.
A20: RFXSTDTC | B20: Date/Time of First Study Treatment | C20: Char | D20: 20 | E20: ISO 8601 | F20: Derived | G20: 期望 | I20: SDTM | J20: =ROW()-13 -> 7 | K20: First date/time of exposure to any protocol-specified treatment or therapy, equal to the earliest value of EXSTDTC.
A21: RFXENDTC | B21: Date/Time of Last Study Treatment | C21: Char | D21: 20 | E21: ISO 8601 | F21: Derived | G21: 期望 | I21: SDTM | J21: =ROW()-13 -> 8 | K21: Last date/time of exposure to any protocol-specified treatment or therapy, equal to the latest value of EXENDTC (or the latest value of EXSTDTC if EXENDTC was not collected or is missing).
A22: RFCSTDTC | B22: Date/Time of First Challenge Agent Admin | C22: Char | D22: 20 | E22: ISO 8601 | F22: Derived | G22: 可有 | I22: SDTM | J22: =ROW()-13 -> 9 | K22: Used only when protocol specifies a challenge agent to induce a condition that the investigational treatment is intended to cure, mitigate, treat, or prevent. Equal to the earliest value of AGSTDTC for the challenge agent.
A23: RFCENDTC | B23: Date/Time of Last Challenge Agent Admin | C23: Char | D23: 20 | E23: ISO 8601 | F23: Derived | G23: 可有 | I23: SDTM | J23: =ROW()-13 -> 10 | K23: Used only when protocol specifies a challenge agent to induce a condition that the investigational treatment is intended to cure, mitigate, treat, or prevent. Equal to the latest value of AGENDTC for the challenge agent (or the latest value of AGSTDTC if AGENDTC was not collected or is missing).
A24: RFICDTC | B24: Date/Time of Informed Consent | C24: Char | D24: 20 | E24: ISO 8601 | F24: CRF | G24: 期望 | I24: SDTM | J24: =ROW()-13 -> 11 | K24: Date/time of informed consent in ISO 8601 character format. This will be the same as the date of informed consent in the Disposition domain, if that protocol milestone is documented. Would be null only in studies not collecting the date of informed consent.
A25: RFPENDTC | B25: Date/Time of End of Participation | C25: Char | D25: 20 | E25: ISO 8601 | F25: Derived | G25: 期望 | I25: SDTM | J25: =ROW()-13 -> 12 | K25: Date/time when subject ended participation or follow-up in a trial, as defined in the protocol, in ISO 8601 character format. Should correspond to the last known date of contact. Examples include completion date, withdrawal date, last follow-up, date recorded for lost to follow up, and death date.
A26: DTHDTC | B26: Date/Time of Death | C26: Char | D26: 20 | E26: ISO 8601 | F26: CRF | G26: 期望 | I26: SDTM | J26: =ROW()-13 -> 13 | K26: Date/time of death for any subject who died, in ISO 8601 format. Should represent the date/time that is captured in the clinical-trial database.
A27: DTHFL | B27: Subject Death Flag | C27: Char | D27: 1 | E27: (NY) | F27: Derived | G27: 期望 | I27: SDTM | J27: =ROW()-13 -> 14 | K27: Indicates the subject died. Should be "Y" or null. Should be populated even when the death date is unknown.
A28: SITEID | B28: Study Site Identifier | C28: Char | D28: 4 | F28: CRF | G28: 必需 | I28: SDTM | J28: =ROW()-13 -> 15 | K28: Unique identifier for a site within a study.
A29: INVID | B29: Investigator Identifier | C29: Char | D29: 20 | F29: CRF | G29: 可有 | I29: SDTM | J29: =ROW()-13 -> 16 | K29: An identifier to describe the Investigator for the study. May be used in addition to SITEID. Not needed if SITEID is equivalent to INVID.
A30: INVNAM | B30: Investigator Name | C30: Char | D30: 40 | F30: CRF | G30: 可有 | I30: SDTM | J30: =ROW()-13 -> 17 | K30: Name of the investigator for a site.
A31: BRTHDTC | B31: Date/Time of Birth | C31: Char | D31: 20 | E31: ISO 8601 | F31: CRF | G31: 可有 | I31: SDTM | J31: =ROW()-13 -> 18 | K31: Date/time of birth of the subject.
A32: AGE | B32: Age | C32: Num | F32: CRF | G32: 期望 | I32: SDTM | J32: =ROW()-13 -> 19 | K32: Age expressed in AGEU. May be derived from RFSTDTC and BRTHDTC, but BRTHDTC may not be available in all cases (due to subject privacy concerns).
A33: AGEU | B33: Age Units | C33: Char | D33: 6 | E33: (AGEU) | F33: CRF | G33: 期望 | I33: SDTM | J33: =ROW()-13 -> 20 | K33: Units associated with AGE.
A34: SEX | B34: Sex | C34: Char | D34: 6 | E34: (SEX) | F34: CRF | G34: 必需 | I34: SDTM | J34: =ROW()-13 -> 21 | K34: Sex of the subject.
A35: RACE | B35: Race | C35: Char | D35: 45 | E35: (RACE) | F35: CRF | G35: 期望 | I35: SDTM | J35: =ROW()-13 -> 22 | K35: Race of the subject. Sponsors should refer to the FDA guidance regarding the collection of race. See assumption below regarding RACE. (https://www.fda.gov/downloads/regulatoryinformation/guidances/ucm126396.pdf)
A36: ETHNIC | B36: Ethnicity | C36: Char | D36: 25 | E36: (ETHNIC) | F36: CRF | G36: 可有 | I36: SDTM | J36: =ROW()-13 -> 23 | K36: The ethnicity of the subject. Sponsors should refer to the FDA guidance regarding the collection of ethnicity.
A37: ARMCD | B37: Planned Arm Code | C37: Char | D37: 20 | F37: Assigned | G37: 期望 | I37: SDTM | J37: =ROW()-13 -> 24 | K37: ARMCD is limited to 20 characters. It is not subject to the character restrictions that apply to TESTCD. The maximum length of ARMCD is longer than for other "short" variables to accommodate the kind of values that are likely to be needed for crossover trials. For example, if ARMCD values for a 7-period crossover were constructed using 2-character abbreviations for each treatment and separating hyphens, the length of ARMCD values would be 20. If the subject was not assigned to a trial arm, ARMCD is null and ARMNRS is populated. With the exception of studies which use multistage arm assignments, must be a value of ARMCD in the Trial Arms dataset.
A38: ARM | B38: Description of Planned Arm | C38: Char | D38: 100 | F38: CRF | G38: 期望 | I38: SDTM | J38: =ROW()-13 -> 25 | K38: Name of the arm to which the subject was assigned. If the subject was not assigned to an arm, ARM is null and ARMNRS is populated. With the exception of studies which use multistage arm assignments, must be a value of ARM in the Trial Arms dataset.
A39: ACTARMCD | B39: Actual Arm Code | C39: Char | D39: 20 | F39: Assigned | G39: 期望 | I39: SDTM | J39: =ROW()-13 -> 26 | K39: Code of actual arm. ACTARMCD is limited to 20 characters. It is not subject to the character restrictions that apply to TESTCD. The maximum length of ACTARMCD is longer than for other short variables to accommodate the kind of values that are likely to be needed for crossover trials. With the exception of studies which use multistage arm assignments, must be a value of ARMCD in the Trial Arms dataset. If the subject was not assigned to an arm or followed a course not described by any planned arm, ACTARMCD is null and ARMNRS is populated.
A40: ACTARM | B40: Description of Actual Arm | C40: Char | D40: 100 | F40: Assigned | G40: 期望 | I40: SDTM | J40: =ROW()-13 -> 27 | K40: Description of actual arm. With the exception of studies which use multistage arm assignments, must be a value of ARM in the Trial Arms dataset. If the subject was not assigned to an arm or followed a course not described by any planned arm, ACTARM is null and ARMNRS is populated.
A41: ARMNRS | B41: Reason Arm and/or Actual Arm is Null | C41: Char | D41: 25 | E41: (ARMNULRS) | F41: Assigned | G41: 期望 | I41: SDTM | J41: 28 | K41: A coded reason that arm variables (ARM and ARMCD) and/or actual arm variables (ACTARM and ACTARMCD) are null. Examples: "SCREEN FAILURE", "NOT ASSIGNED", "ASSIGNED, NOT TREATED", "UNPLANNED TREATMENT". It is assumed that if the arm and actual arm variables are null, the same reason applies to both arm and actual arm.
A42: ACTARMUD | B42: Description of Unplanned Actual Arm | C42: Char | D42: 200 | F42: Assigned | G42: 期望 | I42: SDTM | J42: 29 | K42: A description of actual treatment for a subject who did not receive treatment described in a planned trial arm.
A43: COUNTRY | B43: Country | C43: Char | D43: 3 | E43: (COUNTRY) | F43: Assigned | G43: 必需 | I43: SDTM | J43: =ROW()-13 -> 30 | K43: Country of the investigational site in which the subject participated in the trial. Generally represented using ISO 3166-1 Alpha-3. Note that regulatory agency specific requirements (e.g., US FDA) may require other terminologies; in such cases, follow regulatory requirements.
A44: DMDTC | B44: Date/Time of Collection | C44: Char | D44: 20 | E44: ISO 8601 | F44: CRF | G44: 可有 | I44: SDTM | J44: =ROW()-13 -> 31 | K44: Date/time of demographic data collection.
A45: DMDY | B45: Study Day of Collection | C45: Num | F45: Derived | G45: 可有 | I45: SDTM | J45: =ROW()-13 -> 32 | K45: Study day of collection measured as integer days.
A47: CONTENT

Sheet DS
A1: DS Domain Mapping Specifications
A2: 方案编号: | D2: =CONTENT!$B$3 -> XXXXX
A3: SDTM 版本: | D3: =CONTENT!$B$4 -> 3.4
A4: SDTM 数据集描述: | D4: =CONTENT!$B$19 -> Disposition
A5: SDTM 数据集结构: | D5: =CONTENT!$C$19 -> One record per disposition status or protocol milestone per subject
A6: 程序名称: | D6: =CONTENT!$D$19 -> ds.sas
A7: 常规观测分类: | D7: =CONTENT!$E$19 -> Events
A8: 数据来源: | D8: =CONTENT!$F$19 -> 0
A9: 关键变量: | D9: =CONTENT!$G$19 -> STUDYID, USUBJID, DSDECOD, DSSTDTC
A10: 排序变量: | D10: =CONTENT!$H$19 -> STUDYID, USUBJID, DSDECOD, DSSTDTC
A11: 提取规则: | D11: =CONTENT!$I$19 -> 0
A13: Variable Name | B13: Variable Label | C13: Type | D13: Length | E13: Controlled Terms, Codelist or Format | F13: Source | G13: Core | H13: Transformation definition | I13: Variable Type | J13: Variable Order | K13: CDISC Notes
A14: STUDYID | B14: Study Identifier | C14: Char | D14: 20 | F14: Assigned | G14: 必需 | I14: SDTM | J14: =ROW()-13 -> 1 | K14: Unique identifier for a study.
A15: DOMAIN | B15: Domain Abbreviation | C15: Char | D15: 2 | E15: DS | F15: Assigned | G15: 必需 | H15: DS | I15: SDTM | J15: =ROW()-13 -> 2 | K15: Two-character abbreviation for the domain.
A16: USUBJID | B16: Unique Subject Identifier | C16: Char | D16: 30 | F16: Derived | G16: 必需 | I16: SDTM | J16: =ROW()-13 -> 3 | K16: Identifier used to uniquely identify a subject across all studies for all applications or submissions involving the product.
A17: DSSEQ | B17: Sequence Number | C17: Num | F17: Derived | G17: 必需 | I17: SDTM | J17: =ROW()-13 -> 4 | K17: Sequence number given to ensure uniqueness of subject records within a domain. May be any valid number.
A18: DSGRPID | B18: Group ID | C18: Char | D18: 25 | F18: CRF | G18: 可有 | I18: SDTM | J18: =ROW()-13 -> 5 | K18: Used to tie together a block of related records in a single domain for a subject.
A19: DSREFID | B19: Reference ID | C19: Char | D19: 25 | F19: CRF | G19: 可有 | I19: SDTM | J19: =ROW()-13 -> 6 | K19: Internal or external identifier.
A20: DSSPID | B20: Sponsor-Defined Identifier | C20: Char | D20: 25 | F20: CRF | G20: 可有 | I20: SDTM | J20: =ROW()-13 -> 7 | K20: Sponsor-defined reference number. May be preprinted on the CRF as an explicit line identifier or defined in the sponsor's operational database. Example: Line number on a Disposition page.
A21: DSTERM | B21: Reported Term for the Disposition Event | C21: Char | D21: 200 | F21: CRF | G21: 必需 | I21: SDTM | J21: =ROW()-13 -> 8 | K21: Verbatim name of the event or protocol milestone. Some terms in DSTERM will match DSDECOD, but others, such as "Subject moved", will map to controlled terminology in DSDECOD, such as "LOST TO FOLLOW-UP".
A22: DSDECOD | B22: Standardized Disposition Term | C22: Char | D22: 200 | E22: (NCOMPLT) (PROTMLST) (OTHEVENT) | F22: CRF | G22: 必需 | I22: SDTM | J22: =ROW()-13 -> 9 | K22: Controlled terminology for the name of disposition event or protocol milestone. Examples of protocol milestones: "INFORMED CONSENT OBTAINED", "RANDOMIZED". There are separate codelists used for DSDECOD where the choice depends on the value of DSCAT. Codelist "NCOMPLT" is used for disposition events, codelist "PROTMLST" is used for protocol milestones, and codelist "OTHEVENT" is used for other events.
A23: DSCAT | B23: Category for Disposition Event | C23: Char | D23: 100 | E23: (DSCAT) | F23: Assigned | G23: 期望 | I23: SDTM | J23: =ROW()-13 -> 10 | K23: Used to define a category of related records.
A24: DSSCAT | B24: Subcategory for Disposition Event | C24: Char | D24: 100 | E24: (DSSCAT) | F24: Assigned | G24: 可有 | I24: SDTM | J24: =ROW()-13 -> 11 | K24: A further categorization of DSCAT (e.g., "STUDY PARTICIPATION", "STUDY TREATMENT" when DSCAT = "DISPOSITION EVENT"). The variable may be subject to controlled terminology for other categories of disposition event records.
A25: EPOCH | B25: Epoch | C25: Char | D25: 100 | E25: (EPOCH) | F25: Assigned | G25: 可有 | I25: SDTM | J25: =ROW()-13 -> 12 | K25: Epoch associated with the start date/time of the event.
A26: DSDTC | B26: Date/Time of Collection | C26: Char | D26: 20 | E26: ISO 8601 | F26: CRF | G26: 可有 | I26: SDTM | J26: =ROW()-13 -> 13 | K26: Collection date and time of the disposition observation represented in ISO 8601 character format.
A27: DSSTDTC | B27: Start Date/Time of Disposition Event | C27: Char | D27: 20 | E27: ISO 8601 | F27: CRF | G27: 期望 | I27: SDTM | J27: =ROW()-13 -> 14 | K27: Start date/time of the disposition event in ISO 8601 character format.
A28: DSDY | B28: Study Day of Collection | C28: Num | F28: Derived | G28: 可有 | I28: SDTM | J28: 15 | K28: Study day of collection of event relative to the sponsor-defined RFSTDTC.
A29: DSSTDY | B29: Study Day of Start of Disposition Event | C29: Num | F29: Derived | G29: 期望 | I29: SDTM | J29: =ROW()-13 -> 16 | K29: Study day of start of event relative to the sponsor-defined RFSTDTC.
A31: CONTENT

Sheet DV
A1: DV Domain Mapping Specifications
A2: 方案编号: | D2: =CONTENT!$B$3 -> XXXXX
A3: SDTM 版本: | D3: =CONTENT!$B$4 -> 3.4
A4: SDTM 数据集描述: | D4: =CONTENT!$B$20 -> Protocol Deviations
A5: SDTM 数据集结构: | D5: =CONTENT!$C$20 -> One record per protocol deviation per subject
A6: 程序名称: | D6: =CONTENT!$D$20 -> dv.sas
A7: 常规观测分类: | D7: =CONTENT!$E$20 -> Events
A8: 数据来源: | D8: =CONTENT!$F$20 -> 0
A9: 关键变量: | D9: =CONTENT!$G$20 -> STUDYID, USUBJID, DVTERM, DVSTDTC
A10: 排序变量: | D10: =CONTENT!$H$20 -> STUDYID, USUBJID, DVTERM, DVSTDTC
A11: 提取规则: | D11: =CONTENT!$I$20 -> 0
A13: Variable Name | B13: Variable Label | C13: Type | D13: Length | E13: Controlled Terms, Codelist or Format | F13: Source | G13: Core | H13: Transformation definition | I13: Variable Type | J13: Variable Order | K13: CDISC Notes
A14: STUDYID | B14: Study Identifier | C14: Char | D14: 20 | F14: Assigned | G14: 必需 | I14: SDTM | J14: =ROW()-13 -> 1 | K14: Unique identifier for a study.
A15: DOMAIN | B15: Domain Abbreviation | C15: Char | D15: 2 | E15: DV | F15: Assigned | G15: 必需 | H15: DV | I15: SDTM | J15: =ROW()-13 -> 2 | K15: Two-character abbreviation for the domain.
A16: USUBJID | B16: Unique Subject Identifier | C16: Char | D16: 30 | F16: Derived | G16: 必需 | I16: SDTM | J16: =ROW()-13 -> 3 | K16: Identifier used to uniquely identify a subject across all studies for all applications or submissions involving the product.
A17: DVSEQ | B17: Sequence Number | C17: Num | F17: Derived | G17: 必需 | I17: SDTM | J17: =ROW()-13 -> 4 | K17: Sequence number given to ensure uniqueness of subject records within a domain. May be any valid number.
A18: DVREFID | B18: Reference ID | C18: Char | D18: 25 | F18: eDT | G18: 可有 | I18: SDTM | J18: =ROW()-13 -> 5 | K18: Internal or external identifier.
A19: DVSPID | B19: Sponsor-Defined Identifier | C19: Char | D19: 25 | F19: eDT | G19: 可有 | I19: SDTM | J19: =ROW()-13 -> 6 | K19: Sponsor-defined reference number. May be preprinted on the CRF as an explicit line identifier or defined in the sponsor's operational database. Example: Line number on a CRF page.
A20: DVTERM | B20: Protocol Deviation Term | C20: Char | D20: 200 | F20: eDT | G20: 必需 | I20: SDTM | J20: =ROW()-13 -> 7 | K20: Verbatim name of the protocol deviation criterion. Example: "IVRS PROCESS DEVIATION - NO DOSE CALL PERFORMED". DVTERM values will map to the controlled terminology in DVDECOD (e.g., "TREATMENT DEVIATION").
A21: DVDECOD | B21: Protocol Deviation Coded Term | C21: Char | D21: 200 | E21: * | F21: Assigned | G21: 可有 | I21: SDTM | J21: =ROW()-13 -> 8 | K21: Controlled terminology for the name of the protocol deviation. Examples: "SUBJECT NOT WITHDRAWN AS PER PROTOCOL", "SELECTION CRITERIA NOT MET", "EXCLUDED CONCOMITANT MEDICATION", "TREATMENT DEVIATION".
A22: DVCAT | B22: Category for Protocol Deviation | C22: Char | D22: 100 | E22: * | F22: Assigned | G22: 可有 | I22: SDTM | J22: =ROW()-13 -> 9 | K22: Category of the protocol deviation criterion.
A23: DVSCAT | B23: Subcategory for Protocol Deviation | C23: Char | D23: 100 | E23: * | F23: Assigned | G23: 可有 | I23: SDTM | J23: =ROW()-13 -> 10 | K23: A further categorization of the protocol deviation.
A24: TAETORD | B24: Planned Order of Element within Arm | C24: Num | F24: Assigned | G24: 可有 | I24: SDTM | J24: =ROW()-13 -> 11 | K24: Number that gives the planned order of the element within the arm.
A25: EPOCH | B25: Epoch | C25: Char | D25: 100 | E25: (EPOCH) | F25: Assigned | G25: 可有 | I25: SDTM | J25: =ROW()-13 -> 12 | K25: Epoch associated with the start date/time of the deviation. Examples: "TREATMENT", "SCREENING", "FOLLOW-UP".
A26: DVSTDTC | B26: Start Date/Time of Deviation | C26: Char | D26: 20 | E26: ISO 8601 | F26: eDT | G26: 可有 | I26: SDTM | J26: =ROW()-13 -> 13 | K26: Start date/time of deviation represented in ISO 8601 character format.
A27: DVENDTC | B27: End Date/Time of Deviation | C27: Char | D27: 20 | E27: ISO 8601 | F27: eDT | G27: 可有 | I27: SDTM | J27: =ROW()-13 -> 14 | K27: End date/time of deviation represented in ISO 8601 character format.
A28: DVSTDY | B28: Study Day of Start of Deviation Event | C28: Num | F28: Derived | G28: 可有 | I28: SDTM | J28: =ROW()-13 -> 15 | K28: Study day of start of event relative to the sponsor-defined RFSTDTC.
A29: DVENDY | B29: Study Day of End of Deviation Event | C29: Num | F29: Derived | G29: 可有 | I29: SDTM | J29: =ROW()-13 -> 16 | K29: Study day of end of event relative to the sponsor-defined RFSTDTC.
A31: CONTENT

Sheet EC
A1: EC Domain Mapping Specifications
A2: 方案编号: | D2: =CONTENT!$B$3 -> XXXXX
A3: SDTM 版本: | D3: =CONTENT!$B$4 -> 3.4
A4: SDTM 数据集描述: | D4: =CONTENT!$B$21 -> Exposure as Collected
A5: SDTM 数据集结构: | D5: =CONTENT!$C$21 -> One record per protocol-specified study treatment, collected-dosing interval, per subject, per mood
A6: 程序名称: | D6: =CONTENT!$D$21 -> ec.sas
A7: 常规观测分类: | D7: =CONTENT!$E$21 -> Interventions
A8: 数据来源: | D8: =CONTENT!$F$21 -> 0
A9: 关键变量: | D9: =CONTENT!$G$21 -> STUDYID, USUBJID, ECTRT, ECSTDTC, ECMOOD
A10: 排序变量: | D10: =CONTENT!$H$21 -> STUDYID, USUBJID, ECTRT, ECSTDTC, ECMOOD
A11: 提取规则: | D11: =CONTENT!$I$21 -> 0
A13: Variable Name | B13: Variable Label | C13: Type | D13: Length | E13: Controlled Terms, Codelist or Format | F13: Source | G13: Core | H13: Transformation definition | I13: Variable Type | J13: Variable Order | K13: CDISC Notes
A14: STUDYID | B14: Study Identifier | C14: Char | D14: 20 | F14: Assigned | G14: 必需 | I14: SDTM | J14: =ROW()-13 -> 1 | K14: Unique identifier for a study.
A15: DOMAIN | B15: Domain Abbreviation | C15: Char | D15: 2 | E15: EC | F15: Assigned | G15: 必需 | H15: EC | I15: SDTM | J15: =ROW()-13 -> 2 | K15: Two-character abbreviation for the domain.
A16: USUBJID | B16: Unique Subject Identifier | C16: Char | D16: 30 | F16: Derived | G16: 必需 | I16: SDTM | J16: =ROW()-13 -> 3 | K16: Identifier used to uniquely identify a subject across all studies for all applications or submissions involving the product.
A17: ECSEQ | B17: Sequence Number | C17: Num | F17: Derived | G17: 必需 | I17: SDTM | J17: =ROW()-13 -> 4 | K17: Sequence number given to ensure uniqueness of subject records within a domain. May be any valid number.
A18: ECGRPID | B18: Group ID | C18: Char | D18: 25 | F18: CRF | G18: 可有 | I18: SDTM | J18: =ROW()-13 -> 5 | K18: Used to tie together a block of related records in a single domain for a subject.
A19: ECREFID | B19: Reference ID | C19: Char | D19: 25 | F19: CRF | G19: 可有 | I19: SDTM | J19: =ROW()-13 -> 6 | K19: Internal or external identifier (e.g., kit number, bottle label, vial identifier).
A20: ECSPID | B20: Sponsor-Defined Identifier | C20: Char | D20: 25 | F20: CRF | G20: 可有 | I20: SDTM | J20: =ROW()-13 -> 7 | K20: Sponsor-defined reference number. May be preprinted on the CRF as an explicit line identifier or defined in the sponsor's operational database. Example: Line number on a CRF page.
A21: ECLNKID | B21: Link ID | C21: Char | D21: 25 | F21: CRF | G21: 可有 | I21: SDTM | J21: =ROW()-13 -> 8 | K21: Identifier used to link related records across domains.
A22: ECLNKGRP | B22: Link Group ID | C22: Char | D22: 25 | F22: CRF | G22: 可有 | I22: SDTM | J22: =ROW()-13 -> 9 | K22: Identifier used to link related, grouped records across domains.
A23: ECTRT | B23: Name of Treatment | C23: Char | D23: 200 | E23: * | F23: CRF | G23: 必需 | I23: SDTM | J23: =ROW()-13 -> 10 | K23: Name of the intervention treatment known to the subject and/or administrator.
A24: ECMOOD | B24: Mood | C24: Char | D24: 20 | E24: (BRDGMOOD) | F24: Assigned | G24: 可有 | I24: SDTM | J24: =ROW()-13 -> 11 | K24: Mode or condition of the record specifying whether the intervention (activity) is intended to happen or has happened. Values align with BRIDG pillars (e.g., scheduled context, performed context) and HL7 activity moods (e.g., intent, event). Examples: "SCHEDULED", "PERFORMED".
A25: ECCAT | B25: Category of Treatment | C25: Char | D25: 100 | E25: * | F25: Assigned | G25: 可有 | I25: SDTM | J25: =ROW()-13 -> 12 | K25: Used to define a category of related ECTRT values.
A26: ECSCAT | B26: Subcategory of Treatment | C26: Char | D26: 100 | E26: * | F26: Assigned | G26: 可有 | I26: SDTM | J26: =ROW()-13 -> 13 | K26: A further categorization of ECCAT values.
A27: ECPRESP | B27: Pre-Specified | C27: Char | D27: 1 | E27: (NY) | F27: Assigned | G27: 可有 | I27: SDTM | J27: =ROW()-13 -> 14 | K27: Used when a specific intervention is prespecified. Values should be "Y" or null.
A28: ECOCCUR | B28: Occurrence | C28: Char | D28: 1 | E28: (NY) | F28: CRF | G28: 可有 | I28: SDTM | J28: =ROW()-13 -> 15 | K28: Used to indicate whether a treatment occurred when information about the occurrence is solicited. ECOCCUR = "N" when a treatment was not taken, not given, or missed.
A29: ECREASOC | B29: Reason for Occur Value | C29: Char | D29: 200 | F29: CRF | G29: 可有 | I29: SDTM | J29: =ROW()-13 -> 16 | K29: The reason for the value in --OCCUR. If --OCCUR = "N", this is the reason the exposure did not occur.
A30: ECDOSE | B30: Dose | C30: Num | F30: CRF | G30: 期望 | I30: SDTM | J30: =ROW()-13 -> 17 | K30: Amount of ECTRT when numeric. Not populated when ECDOSTXT is populated.
A31: ECDOSTXT | B31: Dose Description | C31: Char | D31: 100 | F31: CRF | G31: 可有 | I31: SDTM | J31: =ROW()-13 -> 18 | K31: Amount of ECTRT when non-numeric. Dosing amounts or a range of dosing information collected in text form. Example: "200-400". Not populated when ECDOSE is populated.
A32: ECDOSU | B32: Dose Units | C32: Char | D32: 20 | E32: (UNIT) | F32: CRF | G32: 期望 | I32: SDTM | J32: =ROW()-13 -> 19 | K32: Units for ECDOSE, ECDOSTOT, or ECDOSTXT.
A33: ECDOSFRM | B33: Dose Form | C33: Char | D33: 20 | E33: (FRM) | F33: CRF | G33: 期望 | I33: SDTM | J33: =ROW()-13 -> 20 | K33: Dose form for ECTRT. Examples: "TABLET", "LOTION".
A34: ECDOSFRQ | B34: Dosing Frequency per Interval | C34: Char | D34: 20 | E34: (FREQ) | F34: CRF | G34: 可有 | I34: SDTM | J34: =ROW()-13 -> 21 | K34: Usually expressed as the number of repeated administrations of ECDOSE within a specific time period. Examples: "Q2H", "QD", "BID".
A35: ECDOSTOT | B35: Total Daily Dose | C35: Num | F35: CRF | G35: 可有 | I35: SDTM | J35: =ROW()-13 -> 22 | K35: Total daily dose of ECTRT using the units in ECDOSU. Used when dosing is collected as total daily dose.
A36: ECDOSRGM | B36: Intended Dose Regimen | C36: Char | D36: 100 | F36: CRF | G36: 可有 | I36: SDTM | J36: =ROW()-13 -> 23 | K36: Text description of the intended schedule or regimen for the Intervention. Example: "TWO WEEKS ON", "TWO WEEKS OFF".
A37: ECROUTE | B37: Route of Administration | C37: Char | D37: 20 | E37: (ROUTE) | F37: CRF | G37: 可有 | I37: SDTM | J37: =ROW()-13 -> 24 | K37: Route of administration for the intervention. Examples: "ORAL", "INTRAVENOUS".
A38: ECLOT | B38: Lot Number | C38: Char | D38: 50 | F38: CRF | G38: 可有 | I38: SDTM | J38: =ROW()-13 -> 25 | K38: Lot number of the ECTRT product.
A39: ECLOC | B39: Location of Dose Administration | C39: Char | D39: 40 | E39: (LOC) | F39: CRF | G39: 可有 | I39: SDTM | J39: =ROW()-13 -> 26 | K39: Specifies location of administration. Example: "ARM", "LIP".
A40: ECLAT | B40: Laterality | C40: Char | D40: 40 | E40: (LAT) | F40: CRF | G40: 可有 | I40: SDTM | J40: =ROW()-13 -> 27 | K40: Qualifier for anatomical location further detailing laterality of the intervention administration. Examples: "LEFT", "RIGHT".
A41: ECDIR | B41: Directionality | C41: Char | D41: 40 | E41: (DIR) | F41: CRF | G41: 可有 | I41: SDTM | J41: =ROW()-13 -> 28 | K41: Qualifier for anatomical location further detailing directionality. Examples: "ANTERIOR", "LOWER", "PROXIMAL", "UPPER".
A42: ECPORTOT | B42: Portion or Totality | C42: Char | D42: 40 | E42: (PORTOT) | F42: CRF | G42: 可有 | I42: SDTM | J42: =ROW()-13 -> 29 | K42: Qualifier for anatomical location further detailing distribution (i.e., arrangement of, apportioning of). Examples: "ENTIRE", "SINGLE", "SEGMENT".
A43: ECFAST | B43: Fasting Status | C43: Char | D43: 1 | E43: (NY) | F43: Derived | G43: 可有 | I43: SDTM | J43: =ROW()-13 -> 30 | K43: Indicator used to identify fasting status. Examples: "Y", "N".
A44: ECPSTRG | B44: Pharmaceutical Strength | C44: Num | F44: CRF | G44: 可有 | I44: SDTM | J44: =ROW()-13 -> 31 | K44: Amount of an active ingredient expressed quantitatively per dosage unit, per unit of volume, or per unit of weight, according to the pharmaceutical dose form.
A45: ECPSTRGU | B45: Pharmaceutical Strength Units | C45: Char | D45: 20 | E45: (UNIT) | F45: CRF | G45: 可有 | I45: SDTM | J45: =ROW()-13 -> 32 | K45: Unit for ECPSTRG. Examples: "mg/TABLET", "mg/mL".
A46: ECADJ | B46: Reason for Dose Adjustment | C46: Char | D46: 200 | F46: CRF | G46: 可有 | I46: SDTM | J46: =ROW()-13 -> 33 | K46: Describes reason or explanation of why a dose is adjusted.
A47: TAETORD | B47: Planned Order of Element within Arm | C47: Num | F47: Assigned | G47: 可有 | I47: SDTM | J47: =ROW()-13 -> 34 | K47: Number that gives the planned order of the element within the arm.
A48: EPOCH | B48: Epoch | C48: Char | D48: 100 | E48: (EPOCH) | F48: Assigned | G48: 可有 | I48: SDTM | J48: =ROW()-13 -> 35 | K48: Trial epoch of the exposure as collected record. Examples: "RUN-IN", "TREATMENT".
A49: ECSTDTC | B49: Start Date/Time of Treatment | C49: Char | D49: 20 | E49: ISO 8601 | F49: CRF | G49: 期望 | I49: SDTM | J49: =ROW()-13 -> 36 | K49: The date/time when administration of the treatment indicated by ECTRT and ECDOSE began.
A50: ECENDTC | B50: End Date/Time of Treatment | C50: Char | D50: 20 | E50: ISO 8601 | F50: CRF | G50: 期望 | I50: SDTM | J50: =ROW()-13 -> 37 | K50: The date/time when administration of the treatment indicated by ECTRT and ECDOSE ended. For administrations considered given at a point in time (e.g., oral tablet, pre-filled syringe injection), where only an administration date/time is collected, ECSTDTC should be copied to ECENDTC as the standard representation.
A51: ECSTDY | B51: Study Day of Start of Treatment | C51: Num | F51: Derived | G51: 可有 | I51: SDTM | J51: =ROW()-13 -> 38 | K51: Study day of ECSTDTC relative to the sponsor-defined DM.RFSTDTC.
A52: ECENDY | B52: Study Day of End of Treatment | C52: Num | F52: Derived | G52: 可有 | I52: SDTM | J52: =ROW()-13 -> 39 | K52: Study day of ECENDTC relative to the sponsor-defined DM.RFSTDTC.
A53: ECDUR | B53: Duration of Treatment | C53: Char | D53: 20 | E53: ISO 8601 | F53: CRF | G53: 可有 | I53: SDTM | J53: =ROW()-13 -> 40 | K53: Collected duration of administration. Used only if collected on the CRF and not derived from start and end date/times.
A54: ECTPT | B54: Planned Time Point Name | C54: Char | D54: 100 | F54: CRF | G54: 可有 | I54: SDTM | J54: =ROW()-13 -> 41 | K54: Text description of time when administration should occur. This may be represented as an elapsed time relative to a fixed reference point, such as time of last dose. See ECTPTNUM and ECTPTREF.
A55: ECTPTNUM | B55: Planned Time Point Number | C55: Num | F55: Assigned | G55: 可有 | I55: SDTM | J55: =ROW()-13 -> 42 | K55: Numerical version of ECTPT to aid in sorting.
A56: ECELTM | B56: Planned Elapsed Time from Time Point Ref | C56: Char | D56: 20 | E56: ISO 8601 | F56: Derived | G56: 可有 | I56: SDTM | J56: =ROW()-13 -> 43 | K56: Planned elapsed time relative to the planned fixed reference (ECTPTREF). This variable is useful where there are repetitive measures. Not a clock time.
A57: ECTPTREF | B57: Time Point Reference | C57: Char | D57: 100 | F57: Derived | G57: 可有 | I57: SDTM | J57: =ROW()-13 -> 44 | K57: Name of the fixed reference point referred to by ECELTM, ECTPTNUM, and ECTPT. Examples: "PREVIOUS DOSE", "PREVIOUS MEAL".
A58: ECRFTDTC | B58: Date/Time of Reference Time Point | C58: Char | D58: 20 | E58: ISO 8601 | F58: Derived | G58: 可有 | I58: SDTM | J58: =ROW()-13 -> 45 | K58: Date/time for a fixed reference time point defined by ECTPTREF.
A60: CONTENT

Sheet EG
A1: EG Domain Mapping Specifications
A2: 方案编号: | D2: =CONTENT!$B$3 -> XXXXX
A3: SDTM 版本: | D3: =CONTENT!$B$4 -> 3.4
A4: SDTM 数据集描述: | D4: =CONTENT!$B$22 -> ECG Test Results
A5: SDTM 数据集结构: | D5: =CONTENT!$C$22 -> One record per ECG observation per replicate per time point or one record per ECG observation per beat per visit per subject
A6: 程序名称: | D6: =CONTENT!$D$22 -> eg.sas
A7: 常规观测分类: | D7: =CONTENT!$E$22 -> Findings
A8: 数据来源: | D8: =CONTENT!$F$22 -> 0
A9: 关键变量: | D9: =CONTENT!$G$22 -> STUDYID, USUBJID, EGTESTCD, VISITNUM, EGTPTREF, EGTPTNUM
A10: 排序变量: | D10: =CONTENT!$H$22 -> STUDYID, USUBJID, EGTESTCD, VISITNUM, EGTPTREF, EGTPTNUM
A11: 提取规则: | D11: =CONTENT!$I$22 -> 0
A13: Variable Name | B13: Variable Label | C13: Type | D13: Length | E13: Controlled Terms, Codelist or Format | F13: Source | G13: Core | H13: Transformation definition | I13: Variable Type | J13: Variable Order | K13: CDISC Notes
A14: STUDYID | B14: Study Identifier | C14: Char | D14: 20 | F14: Assigned | G14: 必需 | I14: SDTM | J14: =ROW()-13 -> 1 | K14: Unique identifier for a study.
A15: DOMAIN | B15: Domain Abbreviation | C15: Char | D15: 2 | E15: EG | F15: Assigned | G15: 必需 | H15: EG | I15: SDTM | J15: =ROW()-13 -> 2 | K15: Two-character abbreviation for the domain.
A16: USUBJID | B16: Unique Subject Identifier | C16: Char | D16: 30 | F16: Derived | G16: 必需 | I16: SDTM | J16: =ROW()-13 -> 3 | K16: Identifier used to uniquely identify a subject across all studies for all applications or submissions involving the product.
A17: SPDEVID | B17: Sponsor Device Identifier | C17: Char | D17: 25 | F17: Assigned | G17: 可有 | I17: SDTM | J17: =ROW()-13 -> 4 | K17: Sponsor-defined identifier for a device.
A18: EGSEQ | B18: Sequence Number | C18: Num | F18: Derived | G18: 必需 | I18: SDTM | J18: =ROW()-13 -> 5 | K18: Sequence number given to ensure uniqueness of subject records within a domain. May be any valid number.
A19: EGGRPID | B19: Group ID | C19: Char | D19: 25 | F19: CRF | G19: 可有 | I19: SDTM | J19: =ROW()-13 -> 6 | K19: Used to tie together a block of related records in a single domain for a subject.
A20: EGREFID | B20: ECG Reference ID | C20: Char | D20: 25 | F20: CRF | G20: 可有 | I20: SDTM | J20: =ROW()-13 -> 7 | K20: Internal or external ECG identifier. Example: "334PT89".
A21: EGSPID | B21: Sponsor-Defined Identifier | C21: Char | D21: 25 | F21: CRF | G21: 可有 | I21: SDTM | J21: =ROW()-13 -> 8 | K21: Sponsor-defined reference number. May be printed on the CRF as an explicit line identifier or defined in the sponsor's operational database. Example: Line number on the ECG page.
A22: EGBEATNO | B22: ECG Beat Number | C22: Num | F22: CRF | G22: 可有 | I22: SDTM | J22: =ROW()-13 -> 9 | K22: A sequence number that identifies the beat within an ECG.
A23: EGTESTCD | B23: ECG Test or Examination Short Name | C23: Char | D23: 8 | E23: (EGTESTCD) (HETESTCD) | F23: Assigned | G23: 必需 | I23: SDTM | J23: =ROW()-13 -> 10 | K23: Short name of the measurement, test, or examination described in EGTEST. It can be used as a column name when converting a dataset from a vertical to a horizontal format. The value in EGTESTCD cannot be longer than 8 characters, nor can it start with a number (e.g., "1TEST" is not valid). EGTESTCD cannot contain characters other than letters, numbers, or underscores. Examples: "PRAG", "QRSAG". \n Test codes are in 2 separate codelists, 1 for tests based on regular 10-second ECGs (EGTESTCD) and one 1 tests based on Holter monitoring (HETESTCD).
A24: EGTEST | B24: ECG Test or Examination Name | C24: Char | D24: 40 | E24: (EGTEST) (HETEST) | F24: CRF | G24: 必需 | I24: SDTM | J24: =ROW()-13 -> 11 | K24: Verbatim name of the test or examination used to obtain the measurement or finding. The value in EGTEST cannot be longer than 40 characters. Examples: "PR Interval, Aggregate", "QRS Duration, Aggregate". \n Test names are in 2 separate codelists, 1 for tests based on regular 10-second ECGs (EGTEST) and 1 for tests based on Holter monitoring (HETEST).
A25: EGCAT | B25: Category for ECG | C25: Char | D25: 100 | E25: * | F25: Assigned | G25: 可有 | I25: SDTM | J25: =ROW()-13 -> 12 | K25: Used to categorize ECG observations across subjects. Examples: "MEASUREMENT", "FINDING", "INTERVAL".
A26: EGSCAT | B26: Subcategory for ECG | C26: Char | D26: 100 | E26: * | F26: Assigned | G26: 可有 | I26: SDTM | J26: =ROW()-13 -> 13 | K26: A further categorization of the ECG.
A27: EGPOS | B27: ECG Position of Subject | C27: Char | D27: 40 | E27: (POSITION) | F27: CRF | G27: 可有 | I27: SDTM | J27: =ROW()-13 -> 14 | K27: Position of the subject during a measurement or examination. Examples: "SUPINE", "STANDING", "SITTING".
A28: EGORRES | B28: Result or Finding in Original Units | C28: Char | D28: 200 | F28: CRF | G28: 期望 | I28: SDTM | J28: =ROW()-13 -> 15 | K28: Result of the ECG measurement or finding as originally received or collected. Examples of expected values are "62" or "0.151" when the result is an interval or measurement, or "ATRIAL FIBRILLATION" or "QT PROLONGATION" when the result is a finding.
A29: EGORRESU | B29: Original Units | C29: Char | D29: 20 | E29: (UNIT) | F29: CRF | G29: 可有 | I29: SDTM | J29: =ROW()-13 -> 16 | K29: Original units in which the data were collected. The unit for EGORRES. Examples: "sec", "msec".
A30: EGSTRESC | B30: Character Result/Finding in Std Format | C30: Char | D30: 200 | E30: (EGSTRESC) (HESTRESC) (NORMABNM) | F30: Derived | G30: 期望 | I30: SDTM | J30: =ROW()-13 -> 17 | K30: Contains the result value for all findings copied or derived from EGORRES, in a standard format or standard units. EGSTRESC should store all results or findings in character format; if results are numeric, they should also be stored in numeric format in EGSTRESN. For example, if a test has results of 62 beats/min, then EGORRES = "62", EGORRESU = "beats/min", EGSTRESC = "62", EGSTRESN = 62, and EGSTRESU = "beats/min" . For other examples, see Original and Standardized Results. Additional examples of result data: "SINUS BRADYCARDIA", "ATRIAL FLUTTER", "ATRIAL FIBRILLATION". \n Test results are in 3 separate codelists: EGSTRESC for abnormal test results based on regular 10-second ECGs; HESTRESC for abnormal test results based on Holter monitoring, and NORMABNM for generic test results and/or responses to EGTEST = "Interpretation".
A31: EGSTRESN | B31: Numeric Result/Finding in Standard Units | C31: Num | F31: Derived | G31: 可有 | I31: SDTM | J31: =ROW()-13 -> 18 | K31: Used for continuous or numeric results or findings in standard format; copied in numeric format from EGSTRESC. EGSTRESN should store all numeric test results or findings.
A32: EGSTRESU | B32: Standard Units | C32: Char | D32: 20 | E32: (UNIT) | F32: Assigned | G32: 可有 | I32: SDTM | J32: =ROW()-13 -> 19 | K32: Standardized units used for EGSTRESC and EGSTRESN.
A33: EGSTAT | B33: Completion Status | C33: Char | D33: 8 | E33: (ND) | F33: CRF | G33: 可有 | I33: SDTM | J33: =ROW()-13 -> 20 | K33: Used to indicate an ECG was not done, or an ECG measurement was not taken. Should be null if a result exists in EGORRES.
A34: EGREASND | B34: Reason ECG Not Done | C34: Char | D34: 200 | F34: CRF | G34: 可有 | I34: SDTM | J34: =ROW()-13 -> 21 | K34: Describes why a measurement or test was not performed. Examples: "BROKEN EQUIPMENT", "SUBJECT REFUSED". Used in conjunction with EGSTAT when value is "NOT DONE".
A35: EGXFN | B35: ECG External File Path | C35: Char | D35: 100 | F35: Assigned | G35: 可有 | I35: SDTM | J35: =ROW()-13 -> 22 | K35: File name and path for the external ECG waveform file.
A36: EGNAM | B36: Vendor Name | C36: Char | D36: 40 | F36: Assigned | G36: 可有 | I36: SDTM | J36: =ROW()-13 -> 23 | K36: Name or identifier of the laboratory or vendor providing the test results.
A37: EGMETHOD | B37: Method of Test or Examination | C37: Char | D37: 100 | E37: (EGMETHOD) | F37: CRF | G37: 可有 | I37: SDTM | J37: =ROW()-13 -> 24 | K37: Method of the ECG test. Example: "12-LEAD STANDARD".
A38: EGLEAD | B38: Lead Location Used for Measurement | C38: Char | D38: 50 | E38: (EGLEAD) | F38: CRF | G38: 可有 | I38: SDTM | J38: =ROW()-13 -> 25 | K38: The lead used for the measurement. Examples: "LEAD 1", "LEAD 2", "LEAD rV2", "LEAD V1".
A39: EGLOBXFL | B39: Last Observation Before Exposure Flag | C39: Char | D39: 1 | E39: (NY) | F39: Derived | G39: 期望 | I39: SDTM | J39: =ROW()-13 -> 26 | K39: Operationally derived indicator used to identify the last non-missing value prior to RFXSTDTC. The value should be "Y" or null.
A40: EGBLFL | B40: Baseline Flag | C40: Char | D40: 1 | E40: (NY) | F40: Derived | G40: 可有 | I40: SDTM | J40: =ROW()-13 -> 27 | K40: Indicator used to identify a baseline value. Should be "Y" or null. Note that EGBLFL is retained for backward compatibility. The authoritative baseline for statistical analysis is in an ADaM dataset.
A41: EGDRVFL | B41: Derived Flag | C41: Char | D41: 1 | E41: (NY) | F41: Derived | G41: 可有 | I41: SDTM | J41: =ROW()-13 -> 28 | K41: Used to indicate a derived record. The value should be "Y" or null. Records that represent the average of other records, or that do not come from the CRF, or are not as originally collected or received are examples of records that would be derived for the submission datasets. If EGDRVFL="Y", then EGORRES could be null, with EGSTRESC and EGSTRESN (if the result is numeric) having the derived value.
A42: EGEVAL | B42: Evaluator | C42: Char | D42: 100 | E42: (EVAL) | F42: Assigned | G42: 可有 | I42: SDTM | J42: =ROW()-13 -> 29 | K42: Role of the person who provided the evaluation. Used only for results that are subjective (e.g., assigned by a person or a group). Should be null for records that contain collected or derived data. Examples: "INVESTIGATOR", "ADJUDICATION COMMITTEE", "VENDOR".
A43: EGEVALID | B43: Evaluator Identifier | C43: Char | D43: 30 | E43: (MEDEVAL) | F43: Assigned | G43: 可有 | I43: SDTM | J43: =ROW()-13 -> 30 | K43: Used to distinguish multiple evaluators with the same role recorded in EGEVAL. Examples: "RADIOLOGIST 1" or "RADIOLOGIST 2".
A44: EGCLSIG | B44: Clinically Significant, Collected | C44: Char | D44: 1 | E44: (NY) | F44: CRF | G44: 可有 | I44: SDTM | J44: =ROW()-13 -> 31 | K44: Used to indicate whether a collected observation is clinically significant based on judgment.
A45: EGREPNUM | B45: Repetition Number | C45: Num | F45: Assigned | G45: 可有 | I45: SDTM | J45: =ROW()-13 -> 32 | K45: The incidence number of a test that is repeated within a given timeframe for the same test. The level of granularity can vary (e.g., within a time point, within a visit). Examples: multiple measurements of blood pressure, multiple analyses of a sample.
A46: VISITNUM | B46: Visit Number | C46: Num | F46: Assigned | G46: 期望 | I46: SDTM | J46: =ROW()-13 -> 33 | K46: Clinical encounter number. Numeric version of VISIT, used for sorting.
A47: VISIT | B47: Visit Name | C47: Char | D47: 100 | F47: Assigned | G47: 可有 | I47: SDTM | J47: =ROW()-13 -> 34 | K47: Protocol-defined description of clinical encounter. May be used in addition to VISITNUM and/or VISITDY.
A48: VISITDY | B48: Planned Study Day of Visit | C48: Num | F48: Assigned | G48: 可有 | I48: SDTM | J48: =ROW()-13 -> 35 | K48: Planned study day of the visit based upon RFSTDTC in Demographics.
A49: TAETORD | B49: Planned Order of Element within Arm | C49: Num | F49: Assigned | G49: 可有 | I49: SDTM | J49: =ROW()-13 -> 36 | K49: Number that gives the planned order of the element within the arm for the element in which the assessment was made.
A50: EPOCH | B50: Epoch | C50: Char | D50: 100 | E50: (EPOCH) | F50: Assigned | G50: 可有 | I50: SDTM | J50: =ROW()-13 -> 37 | K50: Epoch associated with the date/time at which the assessment was made.
A51: EGDTC | B51: Date/Time of ECG | C51: Char | D51: 20 | E51: ISO 8601 | F51: CRF | G51: 期望 | I51: SDTM | J51: =ROW()-13 -> 38 | K51: Date/Time of ECG.
A52: EGDY | B52: Study Day of ECG | C52: Num | F52: Derived | G52: 可有 | I52: SDTM | J52: =ROW()-13 -> 39 | K52: Study day of the ECG, measured as integer days. Algorithm for calculations must be relative to the sponsor-defined RFSTDTC variable in Demographics.
A53: EGTPT | B53: Planned Time Point Name | C53: Char | D53: 100 | F53: CRF | G53: 可有 | I53: SDTM | J53: =ROW()-13 -> 40 | K53: Text description of time when measurement should be taken. This may be represented as an elapsed time relative to a fixed reference point, such as time of last dose. See EGTPTNUM and EGTPTREF. Examples: "Start", "5 min post".
A54: EGTPTNUM | B54: Planned Time Point Number | C54: Num | F54: Assigned | G54: 可有 | I54: SDTM | J54: =ROW()-13 -> 41 | K54: Numerical version of EGTPT to aid in sorting.
A55: EGELTM | B55: Planned Elapsed Time from Time Point Ref | C55: Char | D55: 20 | E55: ISO 8601 | F55: Derived | G55: 可有 | I55: SDTM | J55: =ROW()-13 -> 42 | K55: Planned elapsed time (in ISO 8601) relative to a fixed time point reference (EGTPTREF). Not a clock time or a date time variable. Represented as an ISO 8601 duration. Examples: "-PT15M" to represent the period of 15 minutes prior to the reference point indicated by EGTPTREF, "PT8H" to represent the period of 8 hours after the reference point indicated by EGTPTREF.
A56: EGTPTREF | B56: Time Point Reference | C56: Char | D56: 100 | F56: Derived | G56: 可有 | I56: SDTM | J56: =ROW()-13 -> 43 | K56: Name of the fixed reference point referred to by EGELTM, EGTPTNUM, and EGTPT. Examples: "PREVIOUS DOSE", "PREVIOUS MEAL".
A57: EGRFTDTC | B57: Date/Time of Reference Time Point | C57: Char | D57: 20 | E57: ISO 8601 | F57: Derived | G57: 可有 | I57: SDTM | J57: =ROW()-13 -> 44 | K57: Date/time for a fixed reference time point defined by EGTPTREF.
A59: CONTENT

Sheet EX
A1: EX Domain Mapping Specifications
A2: 方案编号: | D2: =CONTENT!$B$3 -> XXXXX
A3: SDTM 版本: | D3: =CONTENT!$B$4 -> 3.4
A4: SDTM 数据集描述: | D4: =CONTENT!$B$23 -> Exposure
A5: SDTM 数据集结构: | D5: =CONTENT!$C$23 -> One record per protocol-specified study treatment, constant-dosing interval, per subject
A6: 程序名称: | D6: =CONTENT!$D$23 -> ex.sas
A7: 常规观测分类: | D7: =CONTENT!$E$23 -> Interventions
A8: 数据来源: | D8: =CONTENT!$F$23 -> 0
A9: 关键变量: | D9: =CONTENT!$G$23 -> STUDYID, USUBJID, EXTRT, EXSTDTC
A10: 排序变量: | D10: =CONTENT!$H$23 -> STUDYID, USUBJID, EXTRT, EXSTDTC
A11: 提取规则: | D11: =CONTENT!$I$23 -> 0
A13: Variable Name | B13: Variable Label | C13: Type | D13: Length | E13: Controlled Terms, Codelist or Format | F13: Source | G13: Core | H13: Transformation definition | I13: Variable Type | J13: Variable Order | K13: CDISC Notes
A14: STUDYID | B14: Study Identifier | C14: Char | D14: 20 | F14: Assigned | G14: 必需 | I14: SDTM | J14: =ROW()-13 -> 1 | K14: Unique identifier for a study.
A15: DOMAIN | B15: Domain Abbreviation | C15: Char | D15: 2 | E15: EX | F15: Assigned | G15: 必需 | H15: EX | I15: SDTM | J15: =ROW()-13 -> 2 | K15: Two-character abbreviation for the domain.
A16: USUBJID | B16: Unique Subject Identifier | C16: Char | D16: 30 | F16: Derived | G16: 必需 | I16: SDTM | J16: =ROW()-13 -> 3 | K16: Identifier used to uniquely identify a subject across all studies for all applications or submissions involving the product.
A17: EXSEQ | B17: Sequence Number | C17: Num | F17: Derived | G17: 必需 | I17: SDTM | J17: =ROW()-13 -> 4 | K17: Sequence number given to ensure uniqueness of subject records within a domain. May be any valid number.
A18: EXGRPID | B18: Group ID | C18: Char | D18: 25 | F18: CRF | G18: 可有 | I18: SDTM | J18: =ROW()-13 -> 5 | K18: Used to tie together a block of related records in a single domain for a subject.
A19: EXREFID | B19: Reference ID | C19: Char | D19: 25 | F19: CRF | G19: 可有 | I19: SDTM | J19: =ROW()-13 -> 6 | K19: Internal or external identifier (e.g., kit number, bottle label, vial identifier).
A20: EXSPID | B20: Sponsor-Defined Identifier | C20: Char | D20: 25 | F20: CRF | G20: 可有 | I20: SDTM | J20: =ROW()-13 -> 7 | K20: Sponsor-defined reference number. May be preprinted on the CRF as an explicit line identifier or defined in the sponsor's operational database. Example: Line number on a CRF page.
A21: EXLNKID | B21: Link ID | C21: Char | D21: 25 | F21: CRF | G21: 可有 | I21: SDTM | J21: =ROW()-13 -> 8 | K21: Identifier used to link related records across domains.
A22: EXLNKGRP | B22: Link Group ID | C22: Char | D22: 25 | F22: CRF | G22: 可有 | I22: SDTM | J22: =ROW()-13 -> 9 | K22: Identifier used to link related, grouped records across domains.
A23: EXTRT | B23: Name of Treatment | C23: Char | D23: 200 | E23: * | F23: CRF | G23: 必需 | I23: SDTM | J23: =ROW()-13 -> 10 | K23: Name of the protocol-specified study treatment given during the dosing period for the observation.
A24: EXCAT | B24: Category of Treatment | C24: Char | D24: 100 | E24: * | F24: Assigned | G24: 可有 | I24: SDTM | J24: =ROW()-13 -> 11 | K24: Used to define a category of EXTRT values.
A25: EXSCAT | B25: Subcategory of Treatment | C25: Char | D25: 100 | E25: * | F25: Assigned | G25: 可有 | I25: SDTM | J25: =ROW()-13 -> 12 | K25: A further categorization of EXCAT values.
A26: EXDOSE | B26: Dose | C26: Num | F26: CRF | G26: 期望 | I26: SDTM | J26: =ROW()-13 -> 13 | K26: Amount of EXTRT when numeric. Not populated when EXDOSTXT is populated.
A27: EXDOSTXT | B27: Dose Description | C27: Char | D27: 100 | F27: CRF | G27: 可有 | I27: SDTM | J27: =ROW()-13 -> 14 | K27: Amount of EXTRT when non-numeric. Dosing amounts or a range of dosing information collected in text form. Example: "200-400". Not populated when EXDOSE is populated.
A28: EXDOSU | B28: Dose Units | C28: Char | D28: 20 | E28: (UNIT) | F28: CRF | G28: 期望 | I28: SDTM | J28: =ROW()-13 -> 15 | K28: Units for EXDOSE, EXDOSTOT, or EXDOSTXT representing protocol-specified values. Examples: "ng", "mg", "mg/kg", "mg/m2".
A29: EXDOSFRM | B29: Dose Form | C29: Char | D29: 20 | E29: (FRM) | F29: CRF | G29: 期望 | I29: SDTM | J29: =ROW()-13 -> 16 | K29: Dose form for EXTRT. Examples: "TABLET", "LOTION".
A30: EXDOSFRQ | B30: Dosing Frequency per Interval | C30: Char | D30: 20 | E30: (FREQ) | F30: CRF | G30: 可有 | I30: SDTM | J30: =ROW()-13 -> 17 | K30: Usually expressed as the number of repeated administrations of EXDOSE within a specific time period. Examples: "Q2H", "QD", "BID".
A31: EXDOSRGM | B31: Intended Dose Regimen | C31: Char | D31: 100 | F31: CRF | G31: 可有 | I31: SDTM | J31: =ROW()-13 -> 18 | K31: Text description of the intended schedule or regimen for the Intervention. Example: "TWO WEEKS ON, TWO WEEKS OFF".
A32: EXROUTE | B32: Route of Administration | C32: Char | D32: 20 | E32: (ROUTE) | F32: CRF | G32: 可有 | I32: SDTM | J32: =ROW()-13 -> 19 | K32: Route of administration for the intervention. Examples: "ORAL", "INTRAVENOUS".
A33: EXLOT | B33: Lot Number | C33: Char | D33: 50 | F33: CRF | G33: 可有 | I33: SDTM | J33: =ROW()-13 -> 20 | K33: Lot number of the intervention product.
A34: EXLOC | B34: Location of Dose Administration | C34: Char | D34: 40 | E34: (LOC) | F34: CRF | G34: 可有 | I34: SDTM | J34: =ROW()-13 -> 21 | K34: Specifies location of administration. Examples: "ARM", "LIP".
A35: EXLAT | B35: Laterality | C35: Char | D35: 40 | E35: (LAT) | F35: CRF | G35: 可有 | I35: SDTM | J35: =ROW()-13 -> 22 | K35: Qualifier for anatomical location further detailing laterality of the intervention administration. Examples: "LEFT", "RIGHT".
A36: EXDIR | B36: Directionality | C36: Char | D36: 40 | E36: (DIR) | F36: CRF | G36: 可有 | I36: SDTM | J36: =ROW()-13 -> 23 | K36: Qualifier for anatomical location further detailing directionality. Examples: "ANTERIOR", "LOWER", "PROXIMAL", "UPPER".
A37: EXFAST | B37: Fasting Status | C37: Char | D37: 1 | E37: (NY) | F37: Derived | G37: 可有 | I37: SDTM | J37: =ROW()-13 -> 24 | K37: Indicator used to identify fasting status. Examples: "Y", "N".
A38: EXADJ | B38: Reason for Dose Adjustment | C38: Char | D38: 200 | E38: * | F38: CRF | G38: 可有 | I38: SDTM | J38: =ROW()-13 -> 25 | K38: Describes reason or explanation of why a dose is adjusted.
A39: TAETORD | B39: Planned Order of Element within Arm | C39: Num | F39: Assigned | G39: 可有 | I39: SDTM | J39: 26 | K39: Number that gives the planned order of the element within the arm.
A40: EPOCH | B40: Epoch | C40: Char | D40: 100 | E40: (EPOCH) | F40: Assigned | G40: 可有 | I40: SDTM | J40: =ROW()-13 -> 27 | K40: Trial epoch of the exposure record. Examples: "RUN-IN", "TREATMENT".
A41: EXSTDTC | B41: Start Date/Time of Treatment | C41: Char | D41: 20 | E41: ISO 8601 | F41: CRF | G41: 期望 | I41: SDTM | J41: =ROW()-13 -> 28 | K41: The date/time when administration of the treatment indicated by EXTRT and EXDOSE began.
A42: EXENDTC | B42: End Date/Time of Treatment | C42: Char | D42: 20 | E42: ISO 8601 | F42: CRF | G42: 期望 | I42: SDTM | J42: =ROW()-13 -> 29 | K42: The date/time when administration of the treatment indicated by EXTRT and EXDOSE ended. For administrations considered given at a point in time (e.g., oral tablet, pre-filled syringe injection), where only an administration date/time is collected, EXSTDTC should be copied to EXENDTC as the standard representation.
A43: EXSTDY | B43: Study Day of Start of Treatment | C43: Num | F43: Derived | G43: 可有 | I43: SDTM | J43: =ROW()-13 -> 30 | K43: Study day of EXSTDTC relative to DM.RFSTDTC.
A44: EXENDY | B44: Study Day of End of Treatment | C44: Num | F44: Derived | G44: 可有 | I44: SDTM | J44: =ROW()-13 -> 31 | K44: Study day of EXENDTC relative to DM.RFSTDTC.
A45: EXDUR | B45: Duration of Treatment | C45: Char | D45: 20 | E45: ISO 8601 | F45: CRF | G45: 可有 | I45: SDTM | J45: =ROW()-13 -> 32 | K45: Collected duration of administration. Used only if collected on the CRF and not derived from start and end date/times.
A46: EXTPT | B46: Planned Time Point Name | C46: Char | D46: 100 | F46: CRF | G46: 可有 | I46: SDTM | J46: =ROW()-13 -> 33 | K46: Text description of time when administration should occur. This may be represented as an elapsed time relative to a fixed reference point, such as time of last dose. See EXTPTNUM and EXTPTREF.
A47: EXTPTNUM | B47: Planned Time Point Number | C47: Num | F47: Assigned | G47: 可有 | I47: SDTM | J47: =ROW()-13 -> 34 | K47: Numerical version of EXTPT to aid in sorting.
A48: EXELTM | B48: Planned Elapsed Time from Time Point Ref | C48: Char | D48: 20 | E48: ISO 8601 | F48: Derived | G48: 可有 | I48: SDTM | J48: =ROW()-13 -> 35 | K48: Planned elapsed time relative to the planned fixed reference (EXTPTREF). This variable is useful where there are repetitive measures. Not a clock time.
A49: EXTPTREF | B49: Time Point Reference | C49: Char | D49: 100 | F49: Derived | G49: 可有 | I49: SDTM | J49: =ROW()-13 -> 36 | K49: Name of the fixed reference point referred to by EXELTM, EXTPTNUM, and EXTPT. Examples: PREVIOUS DOSE, PREVIOUS MEAL.
A50: EXRFTDTC | B50: Date/Time of Reference Time Point | C50: Char | D50: 20 | E50: ISO 8601 | F50: Derived | G50: 可有 | I50: SDTM | J50: =ROW()-13 -> 37 | K50: Date/time for a fixed reference time point defined by EXTPTREF.
A52: CONTENT

Sheet FA
A1: FA Domain Mapping Specifications
A2: 方案编号: | D2: =CONTENT!$B$3 -> XXXXX
A3: SDTM 版本: | D3: =CONTENT!$B$4 -> 3.4
A4: SDTM 数据集描述: | D4: =CONTENT!$B$24 -> Findings About Events or Interventions
A5: SDTM 数据集结构: | D5: =CONTENT!$C$24 -> One record per finding, per object, per time point, per visit per subject
A6: 程序名称: | D6: =CONTENT!$D$24 -> fa.sas
A7: 常规观测分类: | D7: =CONTENT!$E$24 -> Findings About
A8: 数据来源: | D8: =CONTENT!$F$24 -> 0
A9: 关键变量: | D9: =CONTENT!$G$24 -> STUDYID, USUBJID, FATESTCD, FAOBJ, VISITNUM, FATPTREF, FATPTNUM
A10: 排序变量: | D10: =CONTENT!$H$24 -> STUDYID, USUBJID, FATESTCD, FAOBJ, VISITNUM, FATPTREF, FATPTNUM
A11: 提取规则: | D11: =CONTENT!$I$24 -> 0
A13: Variable Name | B13: Variable Label | C13: Type | D13: Length | E13: Controlled Terms, Codelist or Format | F13: Source | G13: Core | H13: Transformation definition | I13: Variable Type | J13: Variable Order | K13: CDISC Notes
A14: STUDYID | B14: Study Identifier | C14: Char | D14: 20 | F14: Assigned | G14: 必需 | I14: SDTM | J14: =ROW()-13 -> 1 | K14: Unique identifier for a study.
A15: DOMAIN | B15: Domain Abbreviation | C15: Char | D15: 2 | E15: FA | F15: Assigned | G15: 必需 | H15: FA | I15: SDTM | J15: =ROW()-13 -> 2 | K15: Two-character abbreviation for the domain.
A16: USUBJID | B16: Unique Subject Identifier | C16: Char | D16: 30 | F16: Derived | G16: 必需 | I16: SDTM | J16: =ROW()-13 -> 3 | K16: Identifier used to uniquely identify a subject across all studies for all applications or submissions involving the product.
A17: FASEQ | B17: Sequence Number | C17: Num | F17: Derived | G17: 必需 | I17: SDTM | J17: =ROW()-13 -> 4 | K17: Sequence number given to ensure uniqueness of subject records within a domain. May be any valid number.
A18: FAGRPID | B18: Group ID | C18: Char | D18: 25 | F18: CRF | G18: 可有 | I18: SDTM | J18: =ROW()-13 -> 5 | K18: Used to tie together a block of related records in a single domain for a subject.
A19: FASPID | B19: Sponsor-Defined Identifier | C19: Char | D19: 25 | F19: CRF | G19: 可有 | I19: SDTM | J19: =ROW()-13 -> 6 | K19: Sponsor-defined reference number. May be preprinted on the CRF as an explicit line identifier or defined in the sponsor's operational database. Example: Line number on a CRF.
A20: FATESTCD | B20: Findings About Test Short Name | C20: Char | D20: 8 | E20: (FATESTCD) | F20: Assigned | G20: 必需 | I20: SDTM | J20: =ROW()-13 -> 7 | K20: Short name of the measurement, test, or examination described in FATEST. It can be used as a column name when converting a dataset from a vertical to a horizontal format. The value in FATESTCD cannot be longer than 8 characters, nor can it start with a number (e.g., "1TEST" is not valid). FATESTCD cannot contain characters other than letters, numbers, or underscores. Examples: "SEV", "OCCUR". Note that controlled terminology is in a FATESTCD general codelist and in several therapeutic area-specific codelists.
A21: FATEST | B21: Findings About Test Name | C21: Char | D21: 40 | E21: (FATEST) | F21: CRF | G21: 必需 | I21: SDTM | J21: =ROW()-13 -> 8 | K21: Verbatim name of the test or examination used to obtain the measurement or finding. The value in FATEST cannot be longer than 40 characters. Examples: "Severity/Intensity", "Occurrence". Note that controlled terminology is in a FATEST general codelist and in several therapeutic area-specific codelists.
A22: FAOBJ | B22: Object of the Observation | C22: Char | D22: 100 | F22: Assigned | G22: 必需 | I22: SDTM | J22: =ROW()-13 -> 9 | K22: Used to describe the object or focal point of the findings observation that is represented by --TEST. Examples: the term (e.g., "Acne") describing a clinical sign or symptom that is being measured by a severity test; an event (e.g., "VOMIT, where the volume of vomit is being measured by a VOLUME test).
A23: FACAT | B23: Category for Findings About | C23: Char | D23: 100 | E23: * | F23: Assigned | G23: 可有 | I23: SDTM | J23: =ROW()-13 -> 10 | K23: Used to define a category of related records. Examples: "GERD", "PRE-SPECIFIED AE".
A24: FASCAT | B24: Subcategory for Findings About | C24: Char | D24: 100 | E24: * | F24: Assigned | G24: 可有 | I24: SDTM | J24: =ROW()-13 -> 11 | K24: A further categorization of FACAT.
A25: FAORRES | B25: Result or Finding in Original Units | C25: Char | D25: 200 | F25: CRF | G25: 期望 | I25: SDTM | J25: =ROW()-13 -> 12 | K25: Result of the test as originally received or collected.
A26: FAORRESU | B26: Original Units | C26: Char | D26: 20 | E26: (UNIT) | F26: CRF | G26: 可有 | I26: SDTM | J26: =ROW()-13 -> 13 | K26: Original units in which the data were collected. The unit for FAORRES.
A27: FASTRESC | B27: Character Result/Finding in Std Format | C27: Char | D27: 200 | F27: Derived | G27: 期望 | I27: SDTM | J27: =ROW()-13 -> 14 | K27: Contains the result value for all findings, copied or derived from FAORRES in a standard format or standard units. FASTRESC should store all results or findings in character format; if results are numeric, they should also be stored in numeric format in FASTRESN. For example, if a test has results "NONE", "NEG", and "NEGATIVE" in FAORRES, and these results effectively have the same meaning; they could be represented in standard format in FASTRESC as "NEGATIVE".
A28: FASTRESN | B28: Numeric Result/Finding in Standard Units | C28: Num | F28: Derived | G28: 可有 | I28: SDTM | J28: =ROW()-13 -> 15 | K28: Used for continuous or numeric results or findings in standard format; copied in numeric format from FASTRESC. FASTRESN should store all numeric test results or findings.
A29: FASTRESU | B29: Standard Units | C29: Char | D29: 20 | E29: (UNIT) | F29: Assigned | G29: 可有 | I29: SDTM | J29: =ROW()-13 -> 16 | K29: Standardized unit used for FASTRESC and FASTRESN.
A30: FASTAT | B30: Completion Status | C30: Char | D30: 8 | E30: (ND) | F30: CRF | G30: 可有 | I30: SDTM | J30: =ROW()-13 -> 17 | K30: Used to indicate that the measurement was not done. Should be null if a result exists in FAORRES.
A31: FAREASND | B31: Reason Not Performed | C31: Char | D31: 200 | F31: CRF | G31: 可有 | I31: SDTM | J31: =ROW()-13 -> 18 | K31: Describes why a question was not answered. Example: "Subject refused". Used in conjunction with FASTAT when value is "NOT DONE".
A32: FALOC | B32: Location of the Finding About | C32: Char | D32: 40 | E32: (LOC) | F32: CRF | G32: 可有 | I32: SDTM | J32: =ROW()-13 -> 19 | K32: Used to specify the location of the clinical evaluation. Example: "ARM".
A33: FALAT | B33: Laterality | C33: Char | D33: 40 | E33: (LAT) | F33: CRF | G33: 可有 | I33: SDTM | J33: =ROW()-13 -> 20 | K33: Qualifier for anatomical location or specimen further detailing laterality. Examples: "RIGHT", "LEFT", "BILATERAL".
A34: FALOBXFL | B34: Last Observation Before Exposure Flag | C34: Char | D34: 1 | E34: (NY) | F34: Derived | G34: 可有 | I34: SDTM | J34: =ROW()-13 -> 21 | K34: Operationally-derived indicator used to identify the last non-missing value prior to RFXSTDTC. The value should be "Y" or null.
A35: FABLFL | B35: Baseline Flag | C35: Char | D35: 1 | E35: (NY) | F35: Derived | G35: 可有 | I35: SDTM | J35: =ROW()-13 -> 22 | K35: Indicator used to identify a baseline value. The value should be "Y" or null. Note that FABLFL is retained for backward compatibility. The authoritative baseline flag for statistical analysis is in an ADaM dataset.
A36: FAEVAL | B36: Evaluator | C36: Char | D36: 100 | E36: (EVAL) | F36: Assigned | G36: 可有 | I36: SDTM | J36: =ROW()-13 -> 23 | K36: Role of the person who provided the evaluation. Used only for results that are subjective (e.g., assigned by a person or a group). Should be null for records that contain collected or derived data. Examples: "INVESTIGATOR", "ADJUDICATION COMMITTEE", "VENDOR".
A37: VISITNUM | B37: Visit Number | C37: Num | F37: Assigned | G37: 期望 | I37: SDTM | J37: =ROW()-13 -> 24 | K37: 1. Clinical encounter number. \n 2. Numeric version of VISIT, used for sorting.
A38: VISIT | B38: Visit Name | C38: Char | D38: 100 | F38: Assigned | G38: 可有 | I38: SDTM | J38: =ROW()-13 -> 25 | K38: 1. Protocol-defined description of clinical encounter. \n 2. May be used in addition to VISITNUM and/or VISITDY.
A39: VISITDY | B39: Planned Study Day of Visit | C39: Num | F39: Assigned | G39: 可有 | I39: SDTM | J39: =ROW()-13 -> 26 | K39: Planned study day of the visit based upon RFSTDTC in Demographics.
A40: TAETORD | B40: Planned Order of Element within Arm | C40: Num | F40: Assigned | G40: 可有 | I40: SDTM | J40: =ROW()-13 -> 27 | K40: Number that gives the planned order of the element within the arm.
A41: EPOCH | B41: Epoch | C41: Char | D41: 100 | E41: (EPOCH) | F41: Assigned | G41: 可有 | I41: SDTM | J41: =ROW()-13 -> 28 | K41: Epoch associated with the date/time of the observation. Examples: "SCREENING", "TREATMENT", "FOLLOW-UP".
A42: FADTC | B42: Date/Time of Collection | C42: Char | D42: 20 | E42: ISO 8601 | F42: CRF | G42: 期望 | I42: SDTM | J42: =ROW()-13 -> 29 | K42: Collection date and time of findings assessment represented in ISO 8601 character format.
A43: FADY | B43: Study Day of Collection | C43: Num | F43: Derived | G43: 可有 | I43: SDTM | J43: =ROW()-13 -> 30 | K43: 1. Study day of collection, measured as integer days. \n 2. Algorithm for calculations must be relative to the sponsor-defined RFSTDTC variable in Demographics. This formula should be consistent across the submission.
A45: CONTENT

Sheet FT
A1: FT Domain Mapping Specifications
A2: 方案编号: | D2: =CONTENT!$B$3 -> XXXXX
A3: SDTM 版本: | D3: =CONTENT!$B$4 -> 3.4
A4: SDTM 数据集描述: | D4: =CONTENT!$B$25 -> Functional Tests
A5: SDTM 数据集结构: | D5: =CONTENT!$C$25 -> One record per Functional Test finding per time point per visit per subject
A6: 程序名称: | D6: =CONTENT!$D$25 -> ft.sas
A7: 常规观测分类: | D7: =CONTENT!$E$25 -> Findings
A8: 数据来源: | D8: =CONTENT!$F$25 -> 0
A9: 关键变量: | D9: =CONTENT!$G$25 -> STUDYID, USUBJID, TESTCD, VISITNUM, FTTPTREF, FTTPTNUM
A10: 排序变量: | D10: =CONTENT!$H$25 -> STUDYID, USUBJID, TESTCD, VISITNUM, FTTPTREF, FTTPTNUM
A11: 提取规则: | D11: =CONTENT!$I$25 -> 0
A13: Variable Name | B13: Variable Label | C13: Type | D13: Length | E13: Controlled Terms, Codelist or Format | F13: Source | G13: Core | H13: Transformation definition | I13: Variable Type | J13: Variable Order | K13: CDISC Notes
A14: STUDYID | B14: Study Identifier | C14: Char | D14: 20 | F14: Assigned | G14: 必需 | I14: SDTM | J14: =ROW()-13 -> 1 | K14: Unique identifier for a study.
A15: DOMAIN | B15: Domain Abbreviation | C15: Char | D15: 2 | E15: FT | F15: Assigned | G15: 必需 | H15: FT | I15: SDTM | J15: =ROW()-13 -> 2 | K15: Two-character abbreviation for the domain.
A16: USUBJID | B16: Unique Subject Identifier | C16: Char | D16: 30 | F16: Derived | G16: 必需 | I16: SDTM | J16: =ROW()-13 -> 3 | K16: Identifier used to uniquely identify a subject across all studies for all applications or submissions involving the product.
A17: FTSEQ | B17: Sequence Number | C17: Num | F17: Derived | G17: 必需 | I17: SDTM | J17: =ROW()-13 -> 4 | K17: Sequence number to ensure uniqueness of records within a dataset for a subject. May be any valid number.
A18: FTGRPID | B18: Group ID | C18: Char | D18: 25 | F18: CRF | G18: 可有 | I18: SDTM | J18: =ROW()-13 -> 5 | K18: Optional group identifier, used to link together a block of related records within a subject in a domain.
A19: FTREFID | B19: Reference ID | C19: Char | D19: 25 | F19: CRF | G19: 可有 | I19: SDTM | J19: =ROW()-13 -> 6 | K19: Optional internal or external identifier.
A20: FTSPID | B20: Sponsor-Defined Identifier | C20: Char | D20: 25 | F20: CRF | G20: 可有 | I20: SDTM | J20: =ROW()-13 -> 7 | K20: Sponsor-defined identifier. May be preprinted on the CRF as an explicit line identifier or defined in the sponsor's operational database. Example: Line number on the Test page.
A21: FTTESTCD | B21: Short Name of Test | C21: Char | D21: 8 | E21: * | F21: Assigned | G21: 必需 | I21: SDTM | J21: =ROW()-13 -> 8 | K21: Short character value for FTTEST, which can be used as a column name when converting a dataset from a vertical format to a horizontal format. The value cannot be longer than 8 characters, nor can it start with a number (e.g., "1TEST" is not valid). FTTESTCD cannot contain characters other than letters, numbers, or underscores. \n Controlled terminology for FTTESTCD is published in separate codelists for each instrument. See https://www.cdisc.org/standards/terminology/controlled-terminology for values for FTTESTCD. Examples: "W250101", "W25F0102".
A22: FTTEST | B22: Name of Test | C22: Char | D22: 40 | E22: * | F22: CRF | G22: 必需 | I22: SDTM | J22: =ROW()-13 -> 9 | K22: Verbatim name of the question used to obtain the finding. The value in FTTEST cannot be longer than 40 characters. \n Controlled terminology for FTTEST is published in separate codelists for each instrument. See https://www.cdisc.org/standards/terminology/controlled-terminology for values for FTTEST. Examples: "W2501-25 Foot Walk Time", "W25F-More Than Two Attempts".
A23: FTCAT | B23: Category | C23: Char | D23: 100 | E23: (FTCAT) | F23: Assigned | G23: 必需 | I23: SDTM | J23: =ROW()-13 -> 10 | K23: Used to specify the functional test in which the functional test question identified by FTTEST and FTTESTCD was included.
A24: FTSCAT | B24: Subcategory | C24: Char | D24: 100 | F24: Assigned | G24: 可有 | I24: SDTM | J24: =ROW()-13 -> 11 | K24: Used to define a further categorization of FTCAT values.
A25: FTPOS | B25: Position of Subject During Observation | C25: Char | D25: 40 | E25: (POSITION) | F25: CRF | G25: 可有 | I25: SDTM | J25: =ROW()-13 -> 12 | K25: Position of the subject during the test. Examples: "SUPINE", "STANDING", "SITTING".
A26: FTORRES | B26: Result or Finding in Original Units | C26: Char | D26: 200 | F26: CRF | G26: 期望 | I26: SDTM | J26: =ROW()-13 -> 13 | K26: Result of the measurement or finding as originally received or collected.
A27: FTORRESU | B27: Original Units | C27: Char | D27: 20 | E27: (UNIT) | F27: CRF | G27: 可有 | I27: SDTM | J27: =ROW()-13 -> 14 | K27: Original units in which the data were collected. Unit for FTORRES.
A28: FTSTRESC | B28: Result or Finding in Standard Format | C28: Char | D28: 200 | F28: Derived | G28: 期望 | I28: SDTM | J28: =ROW()-13 -> 15 | K28: Contains the result value for all findings, copied or derived from FTORRES in a standard format or in standard units. FTSTRESC should store all results or findings in character format; if results are numeric, they should also be stored in numeric format in FTSTRESN.
A29: FTSTRESN | B29: Numeric Result/Finding in Standard Units | C29: Num | F29: Derived | G29: 可有 | I29: SDTM | J29: =ROW()-13 -> 16 | K29: Used for continuous or numeric results or findings in standard format; copied in numeric format from FTSTRESC. FTSTRESN should store all numeric test results or findings.
A30: FTSTRESU | B30: Standard Units | C30: Char | D30: 20 | E30: (UNIT) | F30: Assigned | G30: 可有 | I30: SDTM | J30: =ROW()-13 -> 17 | K30: Standardized units used for FTSTRESC and FTSTRESN.
A31: FTSTAT | B31: Completion Status | C31: Char | D31: 8 | E31: (ND) | F31: CRF | G31: 可有 | I31: SDTM | J31: =ROW()-13 -> 18 | K31: Used to indicate that a test was not done, or a test was attempted but did not generate a result. Should be null or have a value of "NOT DONE".
A32: FTREASND | B32: Reason Not Done | C32: Char | D32: 200 | F32: CRF | G32: 可有 | I32: SDTM | J32: =ROW()-13 -> 19 | K32: Describes why a test was not done, or a test was attempted but did not generate a result. Used in conjunction with FTSTAT when value is "NOT DONE".
A33: FTXFN | B33: External File Path | C33: Char | D33: 100 | F33: Assigned | G33: 可有 | I33: SDTM | J33: =ROW()-13 -> 20 | K33: File path to an external file.
A34: FTNAM | B34: Vendor Name | C34: Char | D34: 40 | F34: Assigned | G34: 可有 | I34: SDTM | J34: =ROW()-13 -> 21 | K34: Name or identifier of the vendor or laboratory that provided the test results.
A35: FTMETHOD | B35: Method of Test or Examination | C35: Char | D35: 100 | E35: (METHOD) | F35: CRF | G35: 可有 | I35: SDTM | J35: =ROW()-13 -> 22 | K35: Method of the test or examination.
A36: FTLOBXFL | B36: Last Observation Before Exposure Flag | C36: Char | D36: 1 | E36: (NY) | F36: Derived | G36: 期望 | I36: SDTM | J36: =ROW()-13 -> 23 | K36: Operationally-derived indicator used to identify the last non-missing value prior to RFXSTDTC. The value should be "Y" or null.
A37: FTBLFL | B37: Baseline Flag | C37: Char | D37: 1 | E37: (NY) | F37: Derived | G37: 可有 | I37: SDTM | J37: =ROW()-13 -> 24 | K37: A baseline defined by the sponsor (could be derived in the same manner as FTLOBXFL or ABLFL, but is not required to be). The value should be "Y" or null. Note that FTBLFL is retained for backward compatibility. The authoritative baseline flag for statistical analysis is in an ADaM dataset.
A38: FTDRVFL | B38: Derived Flag | C38: Char | D38: 1 | E38: (NY) | F38: Derived | G38: 可有 | I38: SDTM | J38: =ROW()-13 -> 25 | K38: Used to indicate a derived record (e.g., a record that represents the average of other records such as a computed baseline). Should be "Y" or null.
A39: FTREPNUM | B39: Repetition Number | C39: Num | F39: Assigned | G39: 可有 | I39: SDTM | J39: =ROW()-13 -> 26 | K39: The incidence number of a test that is repeated within a given timeframe for the same test. The level of granularity can vary (e.g., within a time point, within a visit). Examples: multiple measurements of blood pressure, multiple analyses of a sample.
A40: VISITNUM | B40: Visit Number | C40: Num | F40: Assigned | G40: 期望 | I40: SDTM | J40: =ROW()-13 -> 27 | K40: Clinical encounter number. Numeric version of VISIT, used for sorting.
A41: VISIT | B41: Visit Name | C41: Char | D41: 100 | F41: Assigned | G41: 可有 | I41: SDTM | J41: =ROW()-13 -> 28 | K41: Protocol-defined description of a clinical encounter.
A42: VISITDY | B42: Planned Study Day of Visit | C42: Num | F42: Assigned | G42: 可有 | I42: SDTM | J42: =ROW()-13 -> 29 | K42: Planned study day of VISIT based upon RFSTDTC in Demographics. Should be an integer.
A43: TAETORD | B43: Planned Order of Element within Arm | C43: Num | F43: Assigned | G43: 可有 | I43: SDTM | J43: =ROW()-13 -> 30 | K43: Number that gives the planned order of the element within the arm for the element in which the assessment was made.
A44: EPOCH | B44: Epoch | C44: Char | D44: 100 | E44: (EPOCH) | F44: Assigned | G44: 可有 | I44: SDTM | J44: =ROW()-13 -> 31 | K44: Epoch associated with the observation date/time of the functional tests finding.
A45: FTDTC | B45: Date/Time of Test | C45: Char | D45: 20 | E45: ISO 8601 | F45: CRF | G45: 期望 | I45: SDTM | J45: =ROW()-13 -> 32 | K45: Collection date and time of functional test.
A46: FTDY | B46: Study Day of Test | C46: Num | F46: Derived | G46: 可有 | I46: SDTM | J46: =ROW()-13 -> 33 | K46: Actual study day of test expressed in integer days relative to the sponsor-defined RFSTDTC in Demographics.
A47: FTTPT | B47: Planned Time Point Name | C47: Char | D47: 100 | F47: CRF | G47: 可有 | I47: SDTM | J47: =ROW()-13 -> 34 | K47: Text description of time when a measurement or observation should be taken, as defined in the protocol. This may be represented as an elapsed time relative to a fixed reference point, such as time of last dose. See FTTPTNUM and FTTPTREF.
A48: FTTPTNUM | B48: Planned Time Point Number | C48: Num | F48: Assigned | G48: 可有 | I48: SDTM | J48: =ROW()-13 -> 35 | K48: Numeric version of planned time point used in sorting.
A49: FTELTM | B49: Planned Elapsed Time from Time Point Ref | C49: Char | D49: 20 | E49: ISO 8601 | F49: Derived | G49: 可有 | I49: SDTM | J49: =ROW()-13 -> 36 | K49: Planned elapsed time relative to a planned fixed reference (FTTPTREF). Not a clock time or a date/time variable, but an interval, represented as ISO duration.
A50: FTTPTREF | B50: Time Point Reference | C50: Char | D50: 100 | F50: Derived | G50: 可有 | I50: SDTM | J50: =ROW()-13 -> 37 | K50: Description of the fixed reference point referred to by FTELTM, FTTPTNUM, and FTTPT. Examples: "PREVIOUS DOSE", "PREVIOUS MEAL".
A51: FTRFTDTC | B51: Date/Time of Reference Time Point | C51: Char | D51: 20 | E51: ISO 8601 | F51: Derived | G51: 可有 | I51: SDTM | J51: =ROW()-13 -> 38 | K51: Date/time for a fixed reference time point defined by FTTPTREF.
A54: CONTENT

Sheet GF
A1: GF Domain Mapping Specifications
A2: 方案编号: | D2: =CONTENT!$B$3 -> XXXXX
A3: SDTM 版本: | D3: =CONTENT!$B$4 -> 3.4
A4: SDTM 数据集描述: | D4: =CONTENT!$B$26 -> Genomics Findings
A5: SDTM 数据集结构: | D5: =CONTENT!$C$26 -> One record per finding per observation per biospecimen per subject
A6: 程序名称: | D6: =CONTENT!$D$26 -> gf.sas
A7: 常规观测分类: | D7: =CONTENT!$E$26 -> Findings
A8: 数据来源: | D8: =CONTENT!$F$26 -> 0
A9: 关键变量: | D9: =CONTENT!$G$26 -> STUDYID, USUBJID, GFTESTCD, GFSPEC, VISITNUM, GFTPTREF, GFTPTNUM
A10: 排序变量: | D10: =CONTENT!$H$26 -> STUDYID, USUBJID, GFTESTCD, GFSPEC, VISITNUM, GFTPTREF, GFTPTNUM
A11: 提取规则: | D11: =CONTENT!$I$26 -> 0
A13: Variable Name | B13: Variable Label | C13: Type | D13: Length | E13: Controlled Terms, Codelist or Format | F13: Source | G13: Core | H13: Transformation definition | I13: Variable Type | J13: Variable Order | K13: CDISC Notes
A14: STUDYID | B14: Study Identifier | C14: Char | D14: 20 | F14: Assigned | G14: 必需 | I14: SDTM | J14: =ROW()-13 -> 1 | K14: Unique identifier for a study.
A15: DOMAIN | B15: Domain Abbreviation | C15: Char | D15: 2 | E15: GF | F15: Assigned | G15: 必需 | H15: GF | I15: SDTM | J15: =ROW()-13 -> 2 | K15: Two-character abbreviation for the domain.
A16: USUBJID | B16: Unique Subject Identifier | C16: Char | D16: 30 | F16: Derived | G16: 必需 | I16: SDTM | J16: =ROW()-13 -> 3 | K16: Identifier used to uniquely identify a subject across all studies for all applications or submissions involving the product.
A17: SPDEVID | B17: Sponsor Device Identifier | C17: Char | D17: 25 | F17: Assigned | G17: 可有 | I17: SDTM | J17: =ROW()-13 -> 4 | K17: Sponsor-defined identifier for a device.
